ts,sensor_id,pm25,pm10,no2,o3,so2,co,nh3,c6h6,temp,hum
2026-01-01T00:00,19,8.8,13.9,29.8,0.0,3.7,0.397,0.0,0.0,7.0,77
2026-01-01T01:00,19,7.7,12.5,21.2,0.0,3.3,0.331,0.0,0.0,7.1,79
2026-01-01T02:00,19,6.7,11.7,19.7,0.0,3.3,0.315,0.0,0.0,6.0,79
2026-01-01T03:00,19,6.2,11.6,20.6,0.0,3.2,0.32,0.0,0.0,6.8,79
2026-01-01T04:00,19,6.6,12.5,24.6,0.0,3.6,0.38,0.0,0.0,7.1,73
2026-01-01T05:00,19,9.0,15.5,33.7,0.0,3.8,0.475,0.0,0.0,8.0,80
2026-01-01T06:00,19,11.5,19.7,43.0,0.0,4.2,0.617,0.0,0.0,8.6,72
2026-01-01T07:00,19,12.7,26.3,63.4,0.0,4.7,0.922,0.0,0.0,8.4,73
2026-01-01T08:00,19,11.3,24.5,59.0,0.0,4.5,0.883,0.0,0.0,10.3,71
2026-01-01T09:00,19,10.9,22.0,46.0,0.0,4.6,0.648,0.0,0.0,10.9,70
2026-01-01T10:00,19,8.7,17.4,40.2,0.0,4.4,0.615,0.0,0.0,12.1,68
2026-01-01T11:00,19,8.1,16.6,32.2,0.0,4.1,0.49,0.0,0.0,11.9,66
2026-01-01T12:00,19,7.6,15.8,30.6,0.0,4.3,0.459,0.0,0.0,12.9,65
2026-01-01T13:00,19,6.6,13.5,31.3,0.0,4.4,0.459,0.0,0.0,13.4,63
2026-01-01T14:00,19,7.6,16.4,31.4,0.0,4.4,0.445,0.0,0.0,12.6,62
2026-01-01T15:00,19,7.5,17.5,35.2,0.0,4.4,0.505,0.0,0.0,13.3,65
2026-01-01T16:00,19,9.2,20.3,39.2,0.0,4.5,0.607,0.0,0.0,13.2,66
2026-01-01T17:00,19,10.5,22.6,44.8,0.0,3.9,0.717,0.0,0.0,12.1,68
2026-01-01T18:00,19,8.5,19.8,46.1,0.0,3.7,0.609,0.0,0.0,11.7,67
2026-01-01T19:00,19,6.3,16.4,37.5,0.0,4.0,0.521,0.0,0.0,11.2,69
2026-01-01T20:00,19,5.7,13.1,29.9,0.0,3.9,0.464,0.0,0.0,9.7,70
2026-01-01T21:00,19,4.8,12.4,22.4,0.0,3.5,0.324,0.0,0.0,9.2,74
2026-01-01T22:00,19,4.9,11.2,20.4,0.0,3.8,0.282,0.0,0.0,8.9,77
2026-01-01T23:00,19,3.8,10.5,18.6,0.0,3.2,0.277,0.0,0.0,7.3,79
2026-01-01T00:00,20,8.6,14.0,29.9,0.0,4.5,0.213,0.0,0.9,7.3,78
2026-01-01T01:00,20,7.4,12.2,20.3,0.0,4.3,0.165,0.0,0.7,6.1,79
2026-01-01T02:00,20,6.4,11.3,22.8,0.0,4.0,0.149,0.0,0.7,6.6,83
2026-01-01T03:00,20,6.1,12.0,20.7,0.0,4.0,0.164,0.0,0.6,6.4,84
2026-01-01T04:00,20,7.4,12.4,22.9,0.0,4.3,0.172,0.0,0.8,7.2,81
2026-01-01T05:00,20,9.0,14.6,36.2,0.0,4.4,0.247,0.0,1.0,7.5,77
2026-01-01T06:00,20,11.8,17.8,44.7,0.0,4.6,0.373,0.0,1.3,7.8,81
2026-01-01T07:00,20,15.0,25.2,69.1,0.0,5.1,0.482,0.0,1.8,9.7,72
2026-01-01T08:00,20,12.5,21.8,71.6,0.0,5.8,0.46,0.0,1.6,9.9,75
2026-01-01T09:00,20,11.3,21.2,46.5,0.0,5.0,0.362,0.0,1.1,10.3,69
2026-01-01T10:00,20,9.5,15.6,43.6,0.0,5.6,0.297,0.0,1.0,11.2,68
2026-01-01T11:00,20,8.9,15.8,36.9,0.0,4.8,0.32,0.0,0.8,12.2,65
2026-01-01T12:00,20,7.0,14.2,36.6,0.0,4.8,0.285,0.0,0.8,13.3,65
2026-01-01T13:00,20,7.4,13.3,33.0,0.0,5.0,0.282,0.0,0.7,13.5,64
2026-01-01T14:00,20,7.9,13.9,33.3,0.0,5.1,0.279,0.0,0.7,13.6,63
2026-01-01T15:00,20,7.9,14.8,41.1,0.0,4.9,0.302,0.0,0.8,13.5,66
2026-01-01T16:00,20,9.7,18.9,45.4,0.0,4.6,0.366,0.0,0.8,13.0,66
2026-01-01T17:00,20,12.3,20.2,58.0,0.0,4.9,0.453,0.0,1.1,12.1,67
2026-01-01T18:00,20,8.5,16.9,51.7,0.0,4.3,0.441,0.0,0.8,11.1,68
2026-01-01T19:00,20,8.1,14.0,45.2,0.0,4.1,0.348,0.0,0.7,10.7,73
2026-01-01T20:00,20,6.7,11.9,36.4,0.0,4.0,0.303,0.0,0.6,10.2,69
2026-01-01T21:00,20,5.6,12.3,30.7,0.0,3.4,0.241,0.0,0.4,9.1,75
2026-01-01T22:00,20,5.4,10.4,24.9,0.0,3.5,0.202,0.0,0.3,8.0,75
2026-01-01T23:00,20,4.7,9.8,21.8,0.0,3.3,0.203,0.0,0.3,7.5,77
2026-01-01T00:00,21,0.0,8.5,9.8,31.5,5.8,0.139,0.0,0.0,6.3,78
2026-01-01T01:00,21,0.0,6.7,7.8,24.8,5.9,0.113,0.0,0.0,7.1,79
2026-01-01T02:00,21,0.0,6.8,7.8,24.9,6.1,0.113,0.0,0.0,7.0,78
2026-01-01T03:00,21,0.0,6.6,7.6,24.3,5.8,0.111,0.0,0.0,5.9,79
2026-01-01T04:00,21,0.0,7.8,9.6,33.8,6.5,0.129,0.0,0.0,6.6,77
2026-01-01T05:00,21,0.0,9.6,11.6,43.7,6.0,0.182,0.0,0.0,7.4,80
2026-01-01T06:00,21,0.0,12.8,17.6,56.9,6.9,0.223,0.0,0.0,7.9,76
2026-01-01T07:00,21,0.0,18.2,25.4,81.8,8.3,0.309,0.0,0.0,8.6,73
2026-01-01T08:00,21,0.0,16.4,22.4,98.5,9.0,0.332,0.0,0.0,10.3,71
2026-01-01T09:00,21,0.0,14.7,17.2,124.1,7.6,0.223,0.0,0.0,10.8,67
2026-01-01T10:00,21,0.0,14.3,15.6,143.4,7.6,0.219,0.0,0.0,11.6,67
2026-01-01T11:00,21,0.0,11.2,13.0,155.0,7.9,0.211,0.0,0.0,12.1,70
2026-01-01T12:00,21,0.0,11.8,11.7,164.9,8.0,0.182,0.0,0.0,13.0,64
2026-01-01T13:00,21,0.0,12.3,11.4,146.0,7.4,0.171,0.0,0.0,13.1,64
2026-01-01T14:00,21,0.0,13.3,11.4,147.2,7.7,0.194,0.0,0.0,13.8,64
2026-01-01T15:00,21,0.0,15.1,12.2,120.0,7.9,0.217,0.0,0.0,13.6,62
2026-01-01T16:00,21,0.0,18.2,14.7,98.1,7.2,0.244,0.0,0.0,13.3,66
2026-01-01T17:00,21,0.0,19.9,18.6,86.0,7.4,0.317,0.0,0.0,12.8,66
2026-01-01T18:00,21,0.0,17.7,18.0,78.3,7.2,0.286,0.0,0.0,12.1,68
2026-01-01T19:00,21,0.0,13.3,14.7,64.9,6.5,0.24,0.0,0.0,10.6,67
2026-01-01T20:00,21,0.0,12.6,12.6,52.9,6.0,0.209,0.0,0.0,10.5,71
2026-01-01T21:00,21,0.0,12.1,9.4,45.8,6.2,0.162,0.0,0.0,9.7,72
2026-01-01T22:00,21,0.0,12.3,7.3,37.6,6.0,0.142,0.0,0.0,7.9,77
2026-01-01T23:00,21,0.0,9.8,7.3,36.2,5.6,0.147,0.0,0.0,7.5,79
2026-01-01T00:00,22,0.0,17.3,41.6,0.0,3.6,0.377,0.0,1.0,6.3,79
2026-01-01T01:00,22,0.2,15.0,33.6,0.0,3.2,0.313,0.0,0.8,6.7,80
2026-01-01T02:00,22,0.4,13.8,35.5,0.0,3.5,0.317,0.0,0.7,6.1,80
2026-01-01T03:00,22,0.7,13.6,33.9,0.0,3.8,0.359,0.0,0.7,6.8,80
2026-01-01T04:00,22,1.0,15.5,40.5,0.0,3.8,0.385,0.0,0.8,6.9,83
2026-01-01T05:00,22,1.3,19.2,52.4,0.0,3.7,0.548,0.0,1.1,7.5,75
2026-01-01T06:00,22,2.5,23.2,72.4,0.0,4.4,0.695,0.0,1.5,8.6,76
2026-01-01T07:00,22,3.2,30.4,100.6,0.0,4.8,1.034,0.0,1.8,9.4,75
2026-01-01T08:00,22,3.8,28.5,106.9,0.0,4.7,0.939,0.0,1.9,9.4,70
2026-01-01T09:00,22,3.6,24.5,73.7,0.0,4.4,0.739,0.0,1.4,10.5,67
2026-01-01T10:00,22,3.7,19.4,64.8,0.0,4.1,0.617,0.0,1.2,11.8,67
2026-01-01T11:00,22,3.5,18.0,54.6,0.0,4.2,0.585,0.0,1.0,13.0,64
2026-01-01T12:00,22,3.8,19.1,53.4,0.0,4.8,0.538,0.0,0.9,12.9,68
2026-01-01T13:00,22,4.3,17.4,56.0,0.0,3.9,0.591,0.0,1.0,13.5,63
2026-01-01T14:00,22,4.5,17.9,54.7,0.0,4.6,0.55,0.0,1.0,13.5,62
2026-01-01T15:00,22,6.2,18.7,58.6,0.0,4.2,0.626,0.0,1.0,13.7,61
2026-01-01T16:00,22,7.1,21.6,69.9,0.0,4.3,0.77,0.0,1.3,12.0,66
2026-01-01T17:00,22,8.2,24.6,80.3,0.0,4.4,0.914,0.0,1.6,12.1,65
2026-01-01T18:00,22,7.9,21.3,73.9,0.0,4.0,0.863,0.0,1.3,11.6,71
2026-01-01T19:00,22,7.4,17.0,60.1,0.0,3.8,0.752,0.0,1.1,10.6,70
2026-01-01T20:00,22,6.3,15.8,49.0,0.0,3.8,0.604,0.0,0.8,9.8,68
2026-01-01T21:00,22,6.2,12.8,41.4,0.0,4.1,0.469,0.0,0.6,8.9,75
2026-01-01T22:00,22,5.3,12.5,35.9,0.0,3.6,0.409,0.0,0.6,8.5,78
2026-01-01T23:00,22,5.3,11.7,32.9,0.0,3.4,0.408,0.0,0.6,7.7,79
2026-01-01T00:00,37,8.1,10.4,16.0,0.0,5.4,0.333,0.0,0.7,7.4,79
2026-01-01T01:00,37,6.9,9.9,13.9,0.0,4.8,0.268,0.0,0.5,6.2,80
2026-01-01T02:00,37,6.9,8.5,14.1,0.0,5.0,0.254,0.0,0.5,6.3,80
2026-01-01T03:00,37,6.9,8.1,13.2,0.0,5.1,0.298,0.0,0.5,6.5,82
2026-01-01T04:00,37,7.2,9.6,14.7,0.0,4.6,0.321,0.0,0.5,6.8,79
2026-01-01T05:00,37,8.6,11.4,21.4,0.0,5.1,0.451,0.0,0.8,7.7,74
2026-01-01T06:00,37,10.7,16.4,28.6,0.0,5.2,0.609,0.0,1.1,8.1,77
2026-01-01T07:00,37,14.1,19.4,45.8,0.0,5.5,0.844,0.0,1.4,9.4,74
2026-01-01T08:00,37,12.3,17.9,44.8,0.0,6.3,0.803,0.0,1.3,9.9,71
2026-01-01T09:00,37,10.3,13.9,30.9,0.0,6.0,0.639,0.0,1.0,10.5,70
2026-01-01T10:00,37,8.4,13.3,27.3,0.0,6.0,0.529,0.0,0.9,11.5,67
2026-01-01T11:00,37,8.1,11.6,23.5,0.0,5.3,0.476,0.0,0.8,13.1,64
2026-01-01T12:00,37,7.5,12.1,22.3,0.0,5.0,0.448,0.0,0.7,12.4,62
2026-01-01T13:00,37,7.0,11.2,24.8,0.0,4.8,0.464,0.0,0.7,13.1,62
2026-01-01T14:00,37,7.9,11.3,24.6,0.0,4.4,0.468,0.0,0.7,13.0,61
2026-01-01T15:00,37,8.0,12.4,24.1,0.0,3.8,0.541,0.0,0.7,13.8,63
2026-01-01T16:00,37,8.8,14.2,30.5,0.0,4.0,0.626,0.0,0.9,12.9,63
2026-01-01T17:00,37,10.8,17.8,39.3,0.0,4.3,0.825,0.0,1.1,12.4,64
2026-01-01T18:00,37,8.6,14.6,33.4,0.0,3.3,0.723,0.0,0.9,11.8,67
2026-01-01T19:00,37,6.5,10.6,30.0,0.0,3.6,0.573,0.0,0.7,11.0,74
2026-01-01T20:00,37,5.7,9.5,21.3,0.0,3.2,0.486,0.0,0.7,9.9,72
2026-01-01T21:00,37,4.6,8.9,19.1,0.0,2.9,0.417,0.0,0.5,9.0,74
2026-01-01T22:00,37,4.0,8.4,15.6,0.0,3.1,0.332,0.0,0.4,8.2,74
2026-01-01T23:00,37,3.9,6.6,15.6,0.0,2.6,0.298,0.0,0.4,7.7,76
2026-01-01T00:00,38,15.1,19.3,18.5,37.2,9.6,0.0,0.0,0.0,7.0,78
2026-01-01T01:00,38,11.9,18.6,15.2,27.1,9.1,0.0,0.0,0.0,6.3,78
2026-01-01T02:00,38,12.2,16.3,13.5,27.8,9.3,0.0,0.0,0.0,6.7,76
2026-01-01T03:00,38,12.2,15.8,12.5,28.7,9.4,0.0,0.0,0.0,6.7,80
2026-01-01T04:00,38,13.8,16.9,13.5,36.5,9.7,0.0,0.0,0.0,6.9,80
2026-01-01T05:00,38,16.8,21.3,18.8,43.7,9.1,0.0,0.0,0.0,7.0,78
2026-01-01T06:00,38,21.7,26.6,28.1,63.7,10.3,0.0,0.0,0.0,8.9,73
2026-01-01T07:00,38,24.5,34.1,34.4,78.9,11.0,0.0,0.0,0.0,8.9,72
2026-01-01T08:00,38,21.2,30.5,38.2,107.2,11.5,0.0,0.0,0.0,10.1,71
2026-01-01T09:00,38,18.7,26.7,29.0,122.0,10.0,0.0,0.0,0.0,11.2,71
2026-01-01T10:00,38,15.1,23.2,21.5,127.5,9.9,0.0,0.0,0.0,11.3,68
2026-01-01T11:00,38,12.1,21.0,20.4,147.1,8.9,0.0,0.0,0.0,12.3,68
2026-01-01T12:00,38,11.8,18.0,18.2,159.8,9.3,0.0,0.0,0.0,12.5,67
2026-01-01T13:00,38,11.5,18.9,17.4,142.8,8.1,0.0,0.0,0.0,13.6,62
2026-01-01T14:00,38,11.5,18.6,18.6,146.4,6.4,0.0,0.0,0.0,13.4,63
2026-01-01T15:00,38,13.0,19.0,18.1,115.9,6.7,0.0,0.0,0.0,13.6,63
2026-01-01T16:00,38,15.0,23.9,21.3,100.7,6.2,0.0,0.0,0.0,13.2,66
2026-01-01T17:00,38,14.7,26.4,25.1,84.4,5.8,0.0,0.0,0.0,12.7,62
2026-01-01T18:00,38,12.2,21.2,26.7,73.2,5.2,0.0,0.0,0.0,12.2,70
2026-01-01T19:00,38,8.4,18.0,18.2,62.3,4.6,0.0,0.0,0.0,11.1,70
2026-01-01T20:00,38,7.7,14.9,14.4,54.7,4.3,0.0,0.0,0.0,10.7,74
2026-01-01T21:00,38,6.5,13.0,11.4,46.8,3.9,0.0,0.0,0.0,9.7,72
2026-01-01T22:00,38,5.5,11.2,9.0,35.7,3.3,0.0,0.0,0.0,8.1,79
2026-01-01T23:00,38,5.0,10.3,9.5,35.4,2.9,0.0,0.0,0.0,7.7,79
2026-01-02T00:00,19,3.8,9.4,18.3,0.0,3.7,0.266,0.0,0.0,6.8,81
2026-01-02T01:00,19,3.2,8.5,14.7,0.0,3.5,0.226,0.0,0.0,7.2,79
2026-01-02T02:00,19,3.3,8.8,13.3,0.0,3.2,0.198,0.0,0.0,6.1,81
2026-01-02T03:00,19,3.2,9.1,12.9,0.0,3.6,0.223,0.0,0.0,6.8,77
2026-01-02T04:00,19,3.5,9.8,14.6,0.0,3.3,0.221,0.0,0.0,6.9,78
2026-01-02T05:00,19,4.6,13.4,20.0,0.0,3.8,0.333,0.0,0.0,7.8,82
2026-01-02T06:00,19,6.0,18.5,29.5,0.0,4.2,0.461,0.0,0.0,8.2,76
2026-01-02T07:00,19,8.5,23.4,42.9,0.0,4.1,0.622,0.0,0.0,8.7,74
2026-01-02T08:00,19,6.9,24.0,40.6,0.0,4.6,0.557,0.0,0.0,9.7,71
2026-01-02T09:00,19,6.2,22.1,27.2,0.0,4.7,0.473,0.0,0.0,10.8,67
2026-01-02T10:00,19,5.5,19.1,23.4,0.0,4.7,0.402,0.0,0.0,11.6,67
2026-01-02T11:00,19,5.8,17.7,22.4,0.0,4.6,0.335,0.0,0.0,13.4,66
2026-01-02T12:00,19,4.8,20.1,21.9,0.0,4.7,0.306,0.0,0.0,12.8,69
2026-01-02T13:00,19,5.0,19.0,20.3,0.0,4.7,0.339,0.0,0.0,13.1,65
2026-01-02T14:00,19,5.7,20.5,22.4,0.0,3.7,0.324,0.0,0.0,13.4,62
2026-01-02T15:00,19,5.8,23.2,22.1,0.0,4.0,0.351,0.0,0.0,12.7,68
2026-01-02T16:00,19,8.0,29.7,27.1,0.0,4.1,0.424,0.0,0.0,13.3,64
2026-01-02T17:00,19,8.2,34.5,34.2,0.0,4.1,0.466,0.0,0.0,11.4,64
2026-01-02T18:00,19,6.9,29.0,26.0,0.0,4.0,0.487,0.0,0.0,11.5,67
2026-01-02T19:00,19,6.0,22.5,20.2,0.0,4.0,0.41,0.0,0.0,10.5,69
2026-01-02T20:00,19,5.5,25.0,18.6,0.0,4.1,0.303,0.0,0.0,10.5,73
2026-01-02T21:00,19,5.2,20.3,14.1,0.0,3.7,0.271,0.0,0.0,9.3,72
2026-01-02T22:00,19,4.1,19.7,12.3,0.0,3.4,0.231,0.0,0.0,8.4,78
2026-01-02T23:00,19,4.7,19.4,10.3,0.0,3.0,0.189,0.0,0.0,7.6,75
2026-01-02T00:00,20,4.4,9.0,22.7,0.0,3.2,0.222,0.0,0.3,7.5,75
2026-01-02T01:00,20,3.8,8.1,19.3,0.0,3.2,0.155,0.0,0.2,6.2,77
2026-01-02T02:00,20,4.0,8.4,17.4,0.0,3.2,0.163,0.0,0.2,6.0,82
2026-01-02T03:00,20,3.6,8.2,18.2,0.0,3.2,0.156,0.0,0.2,6.4,82
2026-01-02T04:00,20,4.1,9.2,20.9,0.0,3.2,0.181,0.0,0.2,6.6,80
2026-01-02T05:00,20,5.6,12.0,24.4,0.0,3.1,0.244,0.0,0.3,6.7,76
2026-01-02T06:00,20,6.9,16.2,36.8,0.0,3.8,0.327,0.0,0.4,7.5,73
2026-01-02T07:00,20,9.5,21.5,49.8,0.0,4.1,0.454,0.0,0.6,9.8,71
2026-01-02T08:00,20,9.1,22.3,48.9,0.0,3.9,0.411,0.0,0.5,9.8,74
2026-01-02T09:00,20,7.3,20.3,40.0,0.0,3.7,0.333,0.0,0.4,10.3,68
2026-01-02T10:00,20,6.9,17.6,31.5,0.0,3.5,0.26,0.0,0.3,11.1,66
2026-01-02T11:00,20,6.1,17.4,28.5,0.0,3.5,0.254,0.0,0.3,11.7,65
2026-01-02T12:00,20,6.4,17.3,23.0,0.0,3.5,0.209,0.0,0.3,13.2,66
2026-01-02T13:00,20,5.7,17.9,26.3,0.0,3.5,0.212,0.0,0.3,13.2,62
2026-01-02T14:00,20,6.8,20.9,28.5,0.0,3.1,0.218,0.0,0.3,13.3,65
2026-01-02T15:00,20,7.1,22.2,25.2,0.0,3.0,0.254,0.0,0.3,13.0,63
2026-01-02T16:00,20,9.0,23.3,33.5,0.0,2.6,0.307,0.0,0.3,12.9,67
2026-01-02T17:00,20,10.3,32.4,39.1,0.0,2.7,0.363,0.0,0.4,12.4,65
2026-01-02T18:00,20,9.1,26.7,38.6,0.0,2.7,0.335,0.0,0.4,11.9,65
2026-01-02T19:00,20,8.1,22.9,28.8,0.0,2.3,0.264,0.0,0.3,11.0,66
2026-01-02T20:00,20,6.2,22.6,24.4,0.0,2.3,0.212,0.0,0.2,9.7,73
2026-01-02T21:00,20,5.9,19.5,18.2,0.0,2.1,0.169,0.0,0.2,9.4,70
2026-01-02T22:00,20,5.3,18.9,13.7,0.0,1.7,0.136,0.0,0.1,8.6,76
2026-01-02T23:00,20,5.0,17.4,14.9,0.0,1.9,0.148,0.0,0.1,7.7,76
2026-01-02T00:00,21,0.0,10.5,7.5,36.1,0.0,0.137,0.0,0.0,7.1,78
2026-01-02T01:00,21,0.0,8.6,5.7,26.0,0.0,0.124,0.0,0.0,6.7,80
2026-01-02T02:00,21,0.0,9.7,5.5,27.9,0.0,0.106,0.0,0.0,6.4,81
2026-01-02T03:00,21,0.0,10.5,5.7,27.9,0.0,0.122,0.0,0.0,6.3,78
2026-01-02T04:00,21,0.0,10.2,5.6,36.2,0.0,0.135,0.0,0.0,6.9,78
2026-01-02T05:00,21,0.0,13.1,7.9,54.6,0.0,0.168,0.0,0.0,7.3,74
2026-01-02T06:00,21,0.0,18.2,10.6,68.1,0.0,0.23,0.0,0.0,8.4,76
2026-01-02T07:00,21,0.0,27.0,17.0,82.7,0.0,0.325,0.0,0.0,8.7,73
2026-01-02T08:00,21,0.0,24.4,16.2,104.9,0.0,0.31,0.0,0.0,9.2,68
2026-01-02T09:00,21,0.0,24.3,13.5,130.9,0.0,0.245,0.0,0.0,10.3,69
2026-01-02T10:00,21,0.0,19.0,9.8,158.2,0.0,0.215,0.0,0.0,12.2,63
2026-01-02T11:00,21,0.0,19.4,8.9,149.7,0.0,0.188,0.0,0.0,12.2,68
2026-01-02T12:00,21,0.0,17.8,7.8,168.4,0.0,0.188,0.0,0.0,12.9,64
2026-01-02T13:00,21,0.0,19.6,7.6,159.5,0.0,0.191,0.0,0.0,13.6,64
2026-01-02T14:00,21,0.0,23.1,8.8,146.5,0.0,0.174,0.0,0.0,13.2,63
2026-01-02T15:00,21,0.0,25.4,7.8,126.4,0.0,0.205,0.0,0.0,13.6,63
2026-01-02T16:00,21,0.0,29.0,10.8,114.2,0.0,0.24,0.0,0.0,13.3,66
2026-01-02T17:00,21,0.0,33.3,12.2,93.2,0.0,0.345,0.0,0.0,12.3,66
2026-01-02T18:00,21,0.0,27.2,11.2,83.4,0.0,0.28,0.0,0.0,11.5,67
2026-01-02T19:00,21,0.0,26.1,9.7,69.8,0.0,0.248,0.0,0.0,10.4,68
2026-01-02T20:00,21,0.0,25.8,7.9,57.1,0.0,0.197,0.0,0.0,10.1,71
2026-01-02T21:00,21,0.0,21.6,5.4,45.7,0.0,0.159,0.0,0.0,9.0,70
2026-01-02T22:00,21,0.0,19.6,5.0,38.4,0.0,0.132,0.0,0.0,8.6,75
2026-01-02T23:00,21,0.0,18.0,5.3,39.0,0.0,0.138,0.0,0.0,7.5,78
2026-01-02T00:00,22,6.3,11.2,29.8,0.0,0.0,0.411,0.0,0.6,6.9,83
2026-01-02T01:00,22,5.6,10.4,25.9,0.0,0.0,0.34,0.0,0.5,6.5,82
2026-01-02T02:00,22,5.3,10.2,26.1,0.0,0.0,0.302,0.0,0.6,6.6,75
2026-01-02T03:00,22,5.3,11.1,22.9,0.0,0.0,0.32,0.0,0.7,7.2,76
2026-01-02T04:00,22,5.8,10.9,25.3,0.0,0.0,0.351,0.0,0.8,7.0,80
2026-01-02T05:00,22,6.9,14.9,34.5,0.0,0.0,0.484,0.0,1.2,7.1,79
2026-01-02T06:00,22,9.0,20.0,46.9,0.0,0.0,0.658,0.0,1.6,8.5,72
2026-01-02T07:00,22,11.5,29.0,67.4,0.0,0.0,0.947,0.0,2.7,9.7,76
2026-01-02T08:00,22,11.8,27.3,68.0,0.0,0.0,0.885,0.0,2.8,9.9,69
2026-01-02T09:00,22,9.3,23.4,52.2,0.0,0.0,0.631,0.0,2.1,10.7,74
2026-01-02T10:00,22,7.8,19.6,35.4,0.0,0.0,0.559,0.0,2.1,11.8,66
2026-01-02T11:00,22,8.0,20.9,32.0,0.0,0.0,0.476,0.0,1.9,11.8,65
2026-01-02T12:00,22,7.5,19.0,26.8,0.0,0.0,0.473,0.0,2.0,13.0,67
2026-01-02T13:00,22,7.5,19.7,30.2,0.0,0.0,0.465,0.0,2.2,12.8,64
2026-01-02T14:00,22,7.6,21.1,30.7,0.0,0.0,0.459,0.0,2.4,13.8,63
2026-01-02T15:00,22,8.7,24.6,32.2,0.0,0.0,0.46,0.0,2.6,13.2,64
2026-01-02T16:00,22,10.7,33.0,37.3,0.0,0.0,0.591,0.0,3.4,13.5,66
2026-01-02T17:00,22,11.8,36.7,45.2,0.0,0.0,0.731,0.0,4.3,12.8,68
2026-01-02T18:00,22,10.0,32.0,36.9,0.0,0.0,0.69,0.0,4.2,11.2,65
2026-01-02T19:00,22,8.3,28.3,33.4,0.0,0.0,0.571,0.0,3.9,10.6,74
2026-01-02T20:00,22,7.2,24.2,23.7,0.0,0.0,0.47,0.0,3.0,9.5,72
2026-01-02T21:00,22,6.3,22.9,17.5,0.0,0.0,0.307,0.0,2.8,9.6,76
2026-01-02T22:00,22,6.1,20.3,15.2,0.0,0.0,0.318,0.0,2.3,8.0,78
2026-01-02T23:00,22,5.8,19.9,12.8,0.0,0.0,0.252,0.0,2.5,8.1,77
2026-01-02T00:00,37,3.7,7.3,15.7,0.0,2.5,0.343,0.0,0.4,7.6,78
2026-01-02T01:00,37,3.2,6.3,12.2,0.0,2.7,0.304,0.0,0.3,6.3,80
2026-01-02T02:00,37,3.3,6.0,11.3,0.0,3.0,0.274,0.0,0.3,6.8,79
2026-01-02T03:00,37,3.1,7.1,12.6,0.0,2.4,0.241,0.0,0.3,6.8,78
2026-01-02T04:00,37,3.5,8.1,12.3,0.0,2.2,0.305,0.0,0.4,6.8,80
2026-01-02T05:00,37,4.7,10.8,18.6,0.0,2.9,0.438,0.0,0.5,7.3,77
2026-01-02T06:00,37,6.4,14.9,25.7,0.0,3.1,0.581,0.0,0.6,8.3,75
2026-01-02T07:00,37,7.8,19.9,32.2,0.0,3.5,0.79,0.0,0.9,8.7,73
2026-01-02T08:00,37,7.4,19.9,33.8,0.0,3.5,0.828,0.0,0.8,9.9,70
2026-01-02T09:00,37,6.3,18.7,25.8,0.0,3.8,0.65,0.0,0.7,11.9,68
2026-01-02T10:00,37,5.8,15.7,19.4,0.0,3.7,0.552,0.0,0.5,11.2,65
2026-01-02T11:00,37,5.0,16.8,16.7,0.0,3.4,0.455,0.0,0.5,12.3,64
2026-01-02T12:00,37,5.0,16.7,15.6,0.0,3.5,0.431,0.0,0.5,13.4,65
2026-01-02T13:00,37,5.0,15.6,15.8,0.0,3.2,0.49,0.0,0.4,13.5,68
2026-01-02T14:00,37,5.5,16.3,16.1,0.0,3.3,0.486,0.0,0.4,12.7,66
2026-01-02T15:00,37,5.5,17.3,16.7,0.0,3.3,0.567,0.0,0.5,13.4,64
2026-01-02T16:00,37,7.4,21.5,21.6,0.0,2.9,0.626,0.0,0.5,12.6,67
2026-01-02T17:00,37,7.8,28.1,25.0,0.0,3.4,0.756,0.0,0.7,12.0,66
2026-01-02T18:00,37,7.2,25.8,22.0,0.0,2.9,0.667,0.0,0.6,11.4,68
2026-01-02T19:00,37,6.3,20.9,18.2,0.0,2.7,0.586,0.0,0.6,11.0,71
2026-01-02T20:00,37,5.9,20.2,12.6,0.0,2.7,0.44,0.0,0.4,10.4,69
2026-01-02T21:00,37,5.1,17.5,11.0,0.0,2.9,0.343,0.0,0.4,9.6,73
2026-01-02T22:00,37,4.3,18.2,9.4,0.0,2.5,0.328,0.0,0.3,8.7,77
2026-01-02T23:00,37,4.4,15.9,8.0,0.0,2.6,0.337,0.0,0.3,7.9,78
2026-01-02T00:00,38,4.7,9.4,8.5,0.0,2.7,0.0,0.0,0.0,6.8,78
2026-01-02T01:00,38,4.1,9.1,7.1,0.0,2.4,0.0,0.0,0.0,6.8,78
2026-01-02T02:00,38,3.9,9.1,7.3,0.0,2.5,0.0,0.0,0.0,6.7,82
2026-01-02T03:00,38,4.1,9.3,6.9,0.0,2.3,0.0,0.0,0.0,6.2,84
2026-01-02T04:00,38,4.4,10.7,8.1,0.0,2.6,0.0,0.0,0.0,7.5,77
2026-01-02T05:00,38,5.6,13.8,10.9,0.0,2.6,0.0,0.0,0.0,7.9,76
2026-01-02T06:00,38,7.5,17.6,15.5,0.0,2.9,0.0,0.0,0.0,8.4,80
2026-01-02T07:00,38,10.3,24.0,23.0,0.0,3.2,0.0,0.0,0.0,9.0,71
2026-01-02T08:00,38,10.1,23.5,23.5,0.0,3.1,0.0,0.0,0.0,9.8,74
2026-01-02T09:00,38,8.8,21.0,16.1,0.0,3.1,0.0,0.0,0.0,11.7,67
2026-01-02T10:00,38,8.3,20.1,13.9,0.0,3.0,0.0,0.0,0.0,11.2,67
2026-01-02T11:00,38,6.9,17.9,11.4,0.0,2.9,0.0,0.0,0.0,12.4,68
2026-01-02T12:00,38,6.7,17.7,12.6,0.0,2.7,0.0,0.0,0.0,12.4,67
2026-01-02T13:00,38,6.9,16.9,11.6,0.0,2.7,0.0,0.0,0.0,13.0,66
2026-01-02T14:00,38,8.0,19.2,12.8,0.0,2.7,0.0,0.0,0.0,13.7,63
2026-01-02T15:00,38,8.9,23.6,13.6,0.0,2.6,0.0,0.0,0.0,13.1,63
2026-01-02T16:00,38,10.1,25.1,18.7,0.0,2.4,0.0,0.0,0.0,12.7,66
2026-01-02T17:00,38,12.8,28.3,22.2,0.0,2.1,0.0,0.0,0.0,11.9,68
2026-01-02T18:00,38,10.9,28.4,21.4,0.0,2.3,0.0,0.0,0.0,11.9,65
2026-01-02T19:00,38,8.8,26.1,17.2,0.0,2.2,0.0,0.0,0.0,11.0,65
2026-01-02T20:00,38,7.8,19.8,14.8,0.0,1.9,0.0,0.0,0.0,10.5,70
2026-01-02T21:00,38,7.5,21.6,10.6,0.0,2.0,0.0,0.0,0.0,9.1,68
2026-01-02T22:00,38,6.9,18.7,9.0,0.0,1.8,0.0,0.0,0.0,8.4,75
2026-01-02T23:00,38,6.4,17.7,8.9,0.0,1.7,0.0,0.0,0.0,7.5,77
2026-01-03T00:00,19,4.7,19.1,11.0,0.0,3.7,0.201,0.0,0.0,7.0,78
2026-01-03T01:00,19,4.0,17.6,9.9,0.0,3.6,0.176,0.0,0.0,6.5,80
2026-01-03T02:00,19,3.9,16.5,10.2,0.0,3.2,0.173,0.0,0.0,6.4,79
2026-01-03T03:00,19,4.0,18.3,9.1,0.0,3.4,0.151,0.0,0.0,6.4,81
2026-01-03T04:00,19,4.2,21.6,11.4,0.0,3.5,0.19,0.0,0.0,7.3,82
2026-01-03T05:00,19,5.6,23.3,17.8,0.0,4.0,0.243,0.0,0.0,8.5,78
2026-01-03T06:00,19,7.9,33.5,24.4,0.0,3.6,0.363,0.0,0.0,8.2,77
2026-01-03T07:00,19,10.6,46.7,37.7,0.0,4.9,0.497,0.0,0.0,9.0,72
2026-01-03T08:00,19,10.0,42.3,33.6,0.0,5.2,0.462,0.0,0.0,10.6,72
2026-01-03T09:00,19,8.7,38.8,27.5,0.0,4.7,0.346,0.0,0.0,10.9,67
2026-01-03T10:00,19,8.3,34.0,23.7,0.0,4.6,0.331,0.0,0.0,11.8,65
2026-01-03T11:00,19,7.5,31.3,21.9,0.0,4.8,0.284,0.0,0.0,12.4,69
2026-01-03T12:00,19,7.0,33.9,22.2,0.0,4.8,0.278,0.0,0.0,13.2,63
2026-01-03T13:00,19,6.7,31.8,23.0,0.0,3.9,0.292,0.0,0.0,13.3,61
2026-01-03T14:00,19,8.1,37.4,20.8,0.0,4.3,0.3,0.0,0.0,13.6,66
2026-01-03T15:00,19,8.1,41.1,26.6,0.0,4.3,0.316,0.0,0.0,13.0,66
2026-01-03T16:00,19,11.1,51.9,29.7,0.0,4.1,0.416,0.0,0.0,12.7,65
2026-01-03T17:00,19,11.9,60.7,37.3,0.0,4.0,0.464,0.0,0.0,13.1,66
2026-01-03T18:00,19,10.6,48.9,37.9,0.0,3.9,0.414,0.0,0.0,11.6,67
2026-01-03T19:00,19,8.7,42.4,31.7,0.0,4.0,0.406,0.0,0.0,10.6,68
2026-01-03T20:00,19,9.1,44.2,25.7,0.0,3.7,0.292,0.0,0.0,9.8,71
2026-01-03T21:00,19,7.9,39.6,21.0,0.0,3.8,0.236,0.0,0.0,9.9,76
2026-01-03T22:00,19,6.8,36.0,18.2,0.0,3.5,0.198,0.0,0.0,8.8,77
2026-01-03T23:00,19,6.3,34.3,18.9,0.0,3.8,0.217,0.0,0.0,7.9,75
2026-01-03T00:00,20,5.3,18.7,12.8,0.0,1.9,0.132,0.0,0.1,5.9,75
2026-01-03T01:00,20,4.6,16.4,13.6,0.0,1.8,0.113,0.0,0.1,7.1,78
2026-01-03T02:00,20,4.9,16.5,12.0,0.0,1.8,0.109,0.0,0.1,6.7,78
2026-01-03T03:00,20,4.4,17.1,12.6,0.0,1.7,0.116,0.0,0.1,7.3,79
2026-01-03T04:00,20,5.3,17.6,14.6,0.0,1.9,0.141,0.0,0.2,7.6,78
2026-01-03T05:00,20,7.1,23.5,20.5,0.0,2.3,0.185,0.0,0.2,7.2,77
2026-01-03T06:00,20,8.5,32.8,30.0,0.0,2.2,0.293,0.0,0.4,8.3,74
2026-01-03T07:00,20,11.9,43.6,46.2,0.0,2.5,0.363,0.0,0.5,8.9,74
2026-01-03T08:00,20,10.7,42.4,46.7,0.0,2.8,0.346,0.0,0.5,10.2,69
2026-01-03T09:00,20,8.7,37.0,37.2,0.0,2.8,0.291,0.0,0.4,10.9,68
2026-01-03T10:00,20,8.3,33.1,27.4,0.0,2.7,0.243,0.0,0.3,11.7,67
2026-01-03T11:00,20,8.2,32.4,26.5,0.0,2.6,0.242,0.0,0.3,12.3,67
2026-01-03T12:00,20,7.8,29.6,27.2,0.0,2.8,0.218,0.0,0.3,12.8,63
2026-01-03T13:00,20,7.8,32.6,26.2,0.0,2.8,0.226,0.0,0.3,13.2,62
2026-01-03T14:00,20,8.7,34.4,29.2,0.0,3.0,0.226,0.0,0.3,13.6,67
2026-01-03T15:00,20,9.5,44.5,34.3,0.0,2.8,0.253,0.0,0.4,13.8,63
2026-01-03T16:00,20,11.3,49.7,41.1,0.0,2.8,0.312,0.0,0.5,12.5,69
2026-01-03T17:00,20,14.1,55.7,50.5,0.0,2.7,0.441,0.0,0.6,12.4,63
2026-01-03T18:00,20,12.3,50.6,47.8,0.0,2.7,0.405,0.0,0.6,11.7,71
2026-01-03T19:00,20,10.2,47.1,44.0,0.0,2.8,0.344,0.0,0.5,11.1,68
2026-01-03T20:00,20,10.0,41.0,36.8,0.0,2.9,0.287,0.0,0.4,10.0,73
2026-01-03T21:00,20,8.6,35.5,28.8,0.0,2.8,0.22,0.0,0.4,8.6,72
2026-01-03T22:00,20,7.0,34.6,25.9,0.0,2.6,0.197,0.0,0.3,8.5,77
2026-01-03T23:00,20,7.4,31.1,25.6,0.0,2.5,0.192,0.0,0.4,7.6,77
2026-01-03T00:00,21,0.0,19.1,4.3,38.3,0.0,0.139,0.0,0.0,6.7,78
2026-01-03T01:00,21,0.0,15.9,4.3,30.8,0.0,0.117,0.0,0.0,6.1,79
2026-01-03T02:00,21,0.0,15.9,4.0,27.0,0.1,0.114,0.0,0.0,6.2,79
2026-01-03T03:00,21,0.0,16.6,3.9,29.2,0.1,0.115,0.0,0.0,6.4,81
2026-01-03T04:00,21,0.0,20.7,4.5,37.3,0.2,0.139,0.0,0.0,7.6,81
2026-01-03T05:00,21,0.0,23.2,6.4,45.8,0.2,0.192,0.0,0.0,6.4,74
2026-01-03T06:00,21,0.0,33.7,9.4,62.3,0.3,0.263,0.0,0.0,8.2,73
2026-01-03T07:00,21,0.0,47.5,13.5,76.9,0.3,0.399,0.0,0.0,8.9,75
2026-01-03T08:00,21,0.0,47.1,12.8,108.5,0.4,0.352,0.0,0.0,10.1,69
2026-01-03T09:00,21,0.0,39.5,10.9,119.2,0.4,0.292,0.0,0.0,10.8,69
2026-01-03T10:00,21,0.0,34.8,8.7,116.9,0.5,0.239,0.0,0.0,11.9,65
2026-01-03T11:00,21,0.0,30.7,7.7,152.4,0.5,0.222,0.0,0.0,12.3,66
2026-01-03T12:00,21,0.0,28.7,8.0,153.7,0.6,0.241,0.0,0.0,13.4,62
2026-01-03T13:00,21,0.0,30.4,8.1,158.3,0.6,0.242,0.0,0.0,14.0,60
2026-01-03T14:00,21,0.0,32.0,8.5,144.3,0.6,0.24,0.0,0.0,13.9,67
2026-01-03T15:00,21,0.0,34.5,9.3,120.1,0.7,0.296,0.0,0.0,13.4,63
2026-01-03T16:00,21,0.0,48.0,11.7,100.2,0.6,0.343,0.0,0.0,12.4,65
2026-01-03T17:00,21,0.0,53.0,13.8,83.5,0.8,0.434,0.0,0.0,12.9,63
2026-01-03T18:00,21,0.0,47.8,14.6,70.1,0.8,0.387,0.0,0.0,11.6,67
2026-01-03T19:00,21,0.0,44.4,10.3,62.8,0.8,0.356,0.0,0.0,11.1,71
2026-01-03T20:00,21,0.0,40.3,9.1,49.3,0.8,0.273,0.0,0.0,9.5,74
2026-01-03T21:00,21,0.0,34.7,7.3,40.9,0.8,0.209,0.0,0.0,9.0,74
2026-01-03T22:00,21,0.0,28.5,7.0,37.4,0.8,0.186,0.0,0.0,7.3,77
2026-01-03T23:00,21,0.0,29.7,6.2,32.5,0.8,0.201,0.0,0.0,7.3,74
2026-01-03T00:00,22,0.0,22.0,12.2,0.0,0.0,0.253,0.0,2.8,6.1,79
2026-01-03T01:00,22,0.3,19.0,10.3,0.0,0.0,0.22,0.0,2.1,6.6,80
2026-01-03T02:00,22,0.5,19.3,11.1,0.0,0.0,0.235,0.0,1.9,7.0,78
2026-01-03T03:00,22,0.8,20.8,10.8,0.0,0.0,0.225,0.0,1.8,6.2,80
2026-01-03T04:00,22,1.2,22.5,12.4,0.0,0.0,0.273,0.0,2.4,7.0,77
2026-01-03T05:00,22,2.1,26.1,18.5,0.0,0.0,0.35,0.0,2.9,7.0,77
2026-01-03T06:00,22,3.0,36.8,30.0,0.0,0.0,0.489,0.0,3.7,7.9,74
2026-01-03T07:00,22,4.3,48.3,40.8,0.0,0.0,0.746,0.0,5.0,9.9,77
2026-01-03T08:00,22,5.0,51.1,36.6,0.0,0.0,0.681,0.0,4.5,10.0,70
2026-01-03T09:00,22,4.4,41.3,29.9,0.0,0.0,0.541,0.0,3.8,11.1,70
2026-01-03T10:00,22,4.5,40.5,27.4,0.0,0.0,0.472,0.0,2.9,11.8,64
2026-01-03T11:00,22,4.5,37.3,26.4,0.0,0.0,0.42,0.0,2.6,12.8,68
2026-01-03T12:00,22,4.5,35.6,25.9,0.0,0.0,0.416,0.0,2.4,12.4,65
2026-01-03T13:00,22,4.9,36.7,24.1,0.0,0.0,0.423,0.0,2.4,14.0,59
2026-01-03T14:00,22,6.1,42.0,26.5,0.0,0.0,0.487,0.0,2.2,13.5,64
2026-01-03T15:00,22,7.0,46.0,27.0,0.0,0.0,0.495,0.0,2.3,13.3,65
2026-01-03T16:00,22,9.2,57.8,34.6,0.0,0.0,0.6,0.0,2.9,12.7,63
2026-01-03T17:00,22,10.2,65.9,43.3,0.0,0.0,0.688,0.0,3.4,12.0,70
2026-01-03T18:00,22,10.0,56.2,43.3,0.0,0.0,0.664,0.0,2.8,11.8,68
2026-01-03T19:00,22,8.7,46.8,36.6,0.0,0.0,0.583,0.0,2.4,10.9,69
2026-01-03T20:00,22,8.2,44.1,26.3,0.0,0.0,0.499,0.0,1.8,9.2,70
2026-01-03T21:00,22,7.6,34.9,22.0,0.0,0.0,0.39,0.0,1.4,9.4,71
2026-01-03T22:00,22,7.5,35.7,19.5,0.0,0.0,0.335,0.0,1.2,8.3,77
2026-01-03T23:00,22,6.6,35.2,22.9,0.0,0.0,0.315,0.0,1.1,7.3,76
2026-01-03T00:00,37,4.6,17.2,7.6,0.0,2.5,0.307,0.0,0.3,6.5,77
2026-01-03T01:00,37,4.2,15.1,6.7,0.0,2.7,0.286,0.0,0.2,6.5,76
2026-01-03T02:00,37,3.9,15.4,6.1,0.0,2.4,0.28,0.0,0.2,6.1,80
2026-01-03T03:00,37,4.1,16.4,7.1,0.0,2.9,0.285,0.0,0.2,5.6,80
2026-01-03T04:00,37,4.7,18.3,7.8,0.0,2.9,0.328,0.0,0.3,7.6,80
2026-01-03T05:00,37,5.9,21.1,11.6,0.0,3.1,0.418,0.0,0.4,8.0,74
2026-01-03T06:00,37,8.2,32.5,15.7,0.0,3.4,0.598,0.0,0.6,8.3,75
2026-01-03T07:00,37,10.9,41.7,24.4,0.0,3.9,0.7,0.0,0.8,9.3,75
2026-01-03T08:00,37,10.1,38.9,22.9,0.0,4.2,0.689,0.0,0.7,9.2,72
2026-01-03T09:00,37,9.2,34.6,19.3,0.0,4.2,0.577,0.0,0.6,11.6,64
2026-01-03T10:00,37,7.7,29.3,15.5,0.0,4.4,0.52,0.0,0.5,11.1,66
2026-01-03T11:00,37,7.5,26.4,13.8,0.0,3.8,0.487,0.0,0.4,12.7,65
2026-01-03T12:00,37,7.2,27.2,13.0,0.0,4.2,0.47,0.0,0.4,12.3,65
2026-01-03T13:00,37,7.7,30.4,13.4,0.0,4.1,0.468,0.0,0.4,14.1,62
2026-01-03T14:00,37,8.2,31.6,15.8,0.0,3.6,0.481,0.0,0.5,12.5,63
2026-01-03T15:00,37,9.8,37.8,15.0,0.0,3.8,0.521,0.0,0.6,13.3,63
2026-01-03T16:00,37,10.4,48.4,19.5,0.0,3.5,0.662,0.0,0.7,13.0,64
2026-01-03T17:00,37,12.6,48.1,22.8,0.0,3.8,0.779,0.0,0.8,12.3,69
2026-01-03T18:00,37,12.3,46.0,23.5,0.0,3.7,0.794,0.0,0.8,11.8,68
2026-01-03T19:00,37,10.3,38.8,20.2,0.0,3.6,0.638,0.0,0.7,10.6,69
2026-01-03T20:00,37,8.6,35.3,17.4,0.0,3.8,0.517,0.0,0.6,10.3,69
2026-01-03T21:00,37,8.3,33.3,13.8,0.0,3.7,0.405,0.0,0.5,8.8,73
2026-01-03T22:00,37,7.4,30.4,11.8,0.0,3.3,0.35,0.0,0.4,8.2,76
2026-01-03T23:00,37,7.1,27.6,10.5,0.0,3.3,0.338,0.0,0.4,8.3,75
2026-01-03T00:00,38,7.0,17.5,9.4,0.0,1.8,0.0,0.0,0.0,6.6,78
2026-01-03T01:00,38,6.2,16.3,7.7,0.0,1.7,0.0,0.0,0.0,6.5,80
2026-01-03T02:00,38,6.4,14.9,7.0,0.0,1.7,0.0,0.0,0.0,5.8,77
2026-01-03T03:00,38,6.9,17.4,6.7,0.0,1.7,0.0,0.0,0.0,7.0,81
2026-01-03T04:00,38,6.8,20.2,7.9,0.0,1.9,0.0,0.0,0.0,7.1,77
2026-01-03T05:00,38,9.6,26.7,12.6,0.0,2.1,0.0,0.0,0.0,7.8,78
2026-01-03T06:00,38,13.2,34.4,16.7,0.0,2.4,0.0,0.0,0.0,7.6,76
2026-01-03T07:00,38,17.1,45.9,23.6,0.0,2.8,0.0,0.0,0.0,8.8,76
2026-01-03T08:00,38,16.4,52.5,21.9,0.0,2.8,0.0,0.0,0.0,10.2,74
2026-01-03T09:00,38,14.2,42.5,17.2,0.0,2.7,0.0,0.0,0.0,10.6,70
2026-01-03T10:00,38,13.5,34.7,14.0,0.0,2.7,0.0,0.0,0.0,11.2,68
2026-01-03T11:00,38,12.3,35.4,13.0,0.0,2.9,0.0,0.0,0.0,12.3,70
2026-01-03T12:00,38,11.8,31.4,12.3,0.0,3.0,0.0,0.0,0.0,13.6,63
2026-01-03T13:00,38,12.5,35.2,12.7,0.0,2.6,0.0,0.0,0.0,12.8,63
2026-01-03T14:00,38,13.7,38.8,11.7,0.0,2.6,0.0,0.0,0.0,13.4,62
2026-01-03T15:00,38,16.4,45.9,12.8,0.0,2.8,0.0,0.0,0.0,13.0,65
2026-01-03T16:00,38,19.1,51.6,15.8,0.0,2.6,0.0,0.0,0.0,13.0,62
2026-01-03T17:00,38,23.5,58.3,19.7,0.0,3.0,0.0,0.0,0.0,12.9,64
2026-01-03T18:00,38,21.6,50.7,18.3,0.0,2.6,0.0,0.0,0.0,12.0,64
2026-01-03T19:00,38,18.4,46.4,14.0,0.0,2.5,0.0,0.0,0.0,11.3,70
2026-01-03T20:00,38,14.8,42.2,11.8,0.0,2.6,0.0,0.0,0.0,8.7,72
2026-01-03T21:00,38,14.6,38.6,9.4,0.0,2.5,0.0,0.0,0.0,8.6,74
2026-01-03T22:00,38,14.5,35.7,7.8,0.0,2.5,0.0,0.0,0.0,8.4,76
2026-01-03T23:00,38,13.6,34.4,7.4,0.0,2.6,0.0,0.0,0.0,7.7,79
2026-01-04T00:00,19,6.8,34.8,18.3,0.0,3.6,0.211,0.0,0.0,7.7,77
2026-01-04T01:00,19,5.5,26.3,15.2,0.0,3.5,0.177,0.0,0.0,6.3,78
2026-01-04T02:00,19,5.5,27.8,14.0,0.0,3.3,0.166,0.0,0.0,6.5,85
2026-01-04T03:00,19,5.6,26.5,13.4,0.0,3.5,0.154,0.0,0.0,6.3,77
2026-01-04T04:00,19,7.0,32.5,15.8,0.0,3.9,0.173,0.0,0.0,7.1,81
2026-01-04T05:00,19,8.6,35.4,20.4,0.0,4.5,0.24,0.0,0.0,7.5,79
2026-01-04T06:00,19,10.2,48.2,30.5,0.0,5.3,0.32,0.0,0.0,7.9,75
2026-01-04T07:00,19,12.7,63.2,37.5,0.0,5.8,0.451,0.0,0.0,9.3,73
2026-01-04T08:00,19,12.2,67.0,38.4,0.0,5.9,0.396,0.0,0.0,9.8,72
2026-01-04T09:00,19,10.2,52.5,29.5,0.0,5.9,0.323,0.0,0.0,10.8,72
2026-01-04T10:00,19,9.0,46.5,22.5,0.0,6.1,0.28,0.0,0.0,11.6,69
2026-01-04T11:00,19,8.9,44.5,18.8,0.0,6.3,0.274,0.0,0.0,12.6,63
2026-01-04T12:00,19,8.7,38.9,18.6,0.0,6.0,0.221,0.0,0.0,12.7,67
2026-01-04T13:00,19,9.0,37.8,17.0,0.0,6.1,0.232,0.0,0.0,13.3,65
2026-01-04T14:00,19,8.9,39.9,16.1,0.0,5.6,0.23,0.0,0.0,14.0,65
2026-01-04T15:00,19,10.3,49.0,19.4,0.0,6.4,0.26,0.0,0.0,13.3,65
2026-01-04T16:00,19,12.1,47.9,21.5,0.0,6.5,0.286,0.0,0.0,12.5,66
2026-01-04T17:00,19,13.7,63.8,23.2,0.0,6.8,0.388,0.0,0.0,12.4,67
2026-01-04T18:00,19,9.9,53.5,21.0,0.0,6.4,0.323,0.0,0.0,11.5,67
2026-01-04T19:00,19,9.7,45.8,18.2,0.0,5.7,0.239,0.0,0.0,11.0,67
2026-01-04T20:00,19,8.8,40.9,13.1,0.0,6.0,0.207,0.0,0.0,9.4,69
2026-01-04T21:00,19,8.0,35.6,10.6,0.0,6.7,0.151,0.0,0.0,8.6,74
2026-01-04T22:00,19,7.1,37.9,7.3,0.0,5.8,0.143,0.0,0.0,8.4,73
2026-01-04T23:00,19,6.8,29.3,7.8,0.0,6.1,0.132,0.0,0.0,7.4,78
2026-01-04T00:00,20,8.3,30.7,25.5,0.0,2.4,0.194,0.0,0.4,7.3,79
2026-01-04T01:00,20,6.6,29.6,19.4,0.0,2.7,0.185,0.0,0.3,6.8,78
2026-01-04T02:00,20,6.4,24.5,21.3,0.0,2.3,0.158,0.0,0.2,6.3,79
2026-01-04T03:00,20,6.3,27.9,18.5,0.0,2.5,0.163,0.0,0.3,7.6,80
2026-01-04T04:00,20,6.4,30.4,21.2,0.0,2.6,0.177,0.0,0.3,6.9,81
2026-01-04T05:00,20,9.0,37.4,29.4,0.0,2.7,0.226,0.0,0.4,8.0,75
2026-01-04T06:00,20,11.8,50.2,39.4,0.0,2.7,0.327,0.0,0.5,9.1,71
2026-01-04T07:00,20,15.8,59.7,52.7,0.0,3.4,0.472,0.0,0.7,8.7,74
2026-01-04T08:00,20,13.5,61.1,61.3,0.0,3.7,0.417,0.0,0.6,9.6,72
2026-01-04T09:00,20,11.7,47.5,41.7,0.0,3.6,0.335,0.0,0.5,11.7,71
2026-01-04T10:00,20,10.1,45.6,32.1,0.0,3.4,0.267,0.0,0.4,12.1,67
2026-01-04T11:00,20,9.6,39.8,28.8,0.0,3.5,0.242,0.0,0.3,12.5,66
2026-01-04T12:00,20,9.0,39.5,26.6,0.0,3.5,0.225,0.0,0.3,13.0,66
2026-01-04T13:00,20,8.4,37.0,25.2,0.0,3.4,0.227,0.0,0.3,13.6,67
2026-01-04T14:00,20,8.9,38.6,24.7,0.0,3.2,0.213,0.0,0.3,14.2,63
2026-01-04T15:00,20,10.1,44.4,27.1,0.0,3.4,0.219,0.0,0.3,13.3,64
2026-01-04T16:00,20,13.2,52.9,34.8,0.0,3.4,0.282,0.0,0.3,13.6,63
2026-01-04T17:00,20,13.5,61.1,37.0,0.0,3.2,0.358,0.0,0.4,12.4,62
2026-01-04T18:00,20,11.8,52.3,35.3,0.0,3.0,0.337,0.0,0.4,11.5,66
2026-01-04T19:00,20,10.6,36.0,28.1,0.0,2.8,0.274,0.0,0.3,11.2,66
2026-01-04T20:00,20,9.0,36.7,21.8,0.0,2.8,0.212,0.0,0.2,9.8,71
2026-01-04T21:00,20,7.4,31.1,16.9,0.0,2.6,0.174,0.0,0.2,9.1,74
2026-01-04T22:00,20,7.5,31.8,14.1,0.0,2.5,0.143,0.0,0.2,8.0,69
2026-01-04T23:00,20,6.6,28.4,12.2,0.0,2.7,0.13,0.0,0.2,7.4,75
2026-01-04T00:00,21,0.0,27.6,6.2,33.6,0.9,0.2,0.0,0.0,7.4,77
2026-01-04T01:00,21,0.0,25.0,5.5,24.5,0.9,0.178,0.0,0.0,6.8,76
2026-01-04T02:00,21,0.0,25.7,5.5,24.2,0.9,0.152,0.0,0.0,7.0,81
2026-01-04T03:00,21,0.0,25.8,4.9,23.8,1.0,0.164,0.0,0.0,7.2,79
2026-01-04T04:00,21,0.0,27.4,5.9,32.6,1.0,0.178,0.0,0.0,6.7,80
2026-01-04T05:00,21,0.0,32.8,7.5,44.3,1.1,0.269,0.0,0.0,7.6,78
2026-01-04T06:00,21,0.0,41.6,10.9,59.9,1.3,0.337,0.0,0.0,8.1,79
2026-01-04T07:00,21,0.0,57.9,13.9,71.8,1.6,0.483,0.0,0.0,9.2,73
2026-01-04T08:00,21,0.0,57.9,14.9,90.9,1.6,0.458,0.0,0.0,9.8,70
2026-01-04T09:00,21,0.0,50.0,11.5,115.7,1.6,0.411,0.0,0.0,10.5,69
2026-01-04T10:00,21,0.0,42.9,7.8,126.7,1.7,0.321,0.0,0.0,11.8,69
2026-01-04T11:00,21,0.0,39.0,7.6,130.5,1.8,0.28,0.0,0.0,13.4,64
2026-01-04T12:00,21,0.0,33.9,7.1,133.7,1.6,0.271,0.0,0.0,12.5,67
2026-01-04T13:00,21,0.0,36.7,7.0,144.5,1.9,0.283,0.0,0.0,13.7,66
2026-01-04T14:00,21,0.0,44.2,7.5,143.0,1.6,0.304,0.0,0.0,13.4,62
2026-01-04T15:00,21,0.0,43.3,7.4,112.0,1.8,0.308,0.0,0.0,12.8,61
2026-01-04T16:00,21,0.0,50.8,9.3,90.8,1.7,0.35,0.0,0.0,13.4,66
2026-01-04T17:00,21,0.0,57.5,11.6,78.4,1.7,0.494,0.0,0.0,11.7,67
2026-01-04T18:00,21,0.0,50.9,10.0,60.8,1.6,0.414,0.0,0.0,11.7,70
2026-01-04T19:00,21,0.0,44.3,7.7,52.9,1.6,0.374,0.0,0.0,11.3,70
2026-01-04T20:00,21,0.0,37.9,6.6,49.9,1.7,0.294,0.0,0.0,10.1,73
2026-01-04T21:00,21,0.0,36.2,4.9,40.5,1.8,0.215,0.0,0.0,9.5,74
2026-01-04T22:00,21,0.0,28.7,4.4,34.4,1.8,0.215,0.0,0.0,8.3,79
2026-01-04T23:00,21,0.0,28.8,4.2,34.7,1.8,0.226,0.0,0.0,7.1,76
2026-01-04T00:00,22,7.8,37.9,23.8,0.0,0.0,0.341,0.0,1.2,7.5,79
2026-01-04T01:00,22,7.1,29.4,17.5,0.0,0.0,0.292,0.0,1.0,6.8,78
2026-01-04T02:00,22,6.2,29.3,18.5,0.0,0.0,0.267,0.0,0.8,6.9,77
2026-01-04T03:00,22,6.2,29.9,17.2,0.0,0.0,0.263,0.0,0.8,5.9,80
2026-01-04T04:00,22,7.1,33.2,18.5,0.0,0.0,0.317,0.0,1.1,7.6,82
2026-01-04T05:00,22,8.6,41.5,22.2,0.0,0.0,0.435,0.0,1.3,6.6,73
2026-01-04T06:00,22,11.4,50.5,33.0,0.0,0.0,0.552,0.0,1.8,8.5,77
2026-01-04T07:00,22,14.5,67.3,47.3,0.0,0.0,0.811,0.0,2.6,9.1,71
2026-01-04T08:00,22,13.8,67.7,45.9,0.0,0.0,0.722,0.0,2.6,9.7,69
2026-01-04T09:00,22,11.5,53.9,33.9,0.0,0.0,0.597,0.0,2.1,10.1,69
2026-01-04T10:00,22,9.7,46.9,28.3,0.0,0.0,0.489,0.0,1.7,12.3,69
2026-01-04T11:00,22,9.9,43.6,24.8,0.0,0.0,0.442,0.0,1.7,12.8,66
2026-01-04T12:00,22,10.4,42.3,21.2,0.0,0.0,0.432,0.0,1.4,13.1,64
2026-01-04T13:00,22,9.4,38.7,22.4,0.0,0.0,0.455,0.0,1.4,13.4,62
2026-01-04T14:00,22,9.5,41.8,24.3,0.0,0.0,0.447,0.0,1.5,13.8,65
2026-01-04T15:00,22,11.9,44.7,21.6,0.0,0.0,0.422,0.0,1.7,13.6,66
2026-01-04T16:00,22,13.0,58.6,27.5,0.0,0.0,0.569,0.0,1.8,13.3,66
2026-01-04T17:00,22,15.2,66.6,30.2,0.0,0.0,0.677,0.0,2.3,11.9,63
2026-01-04T18:00,22,13.0,52.7,29.9,0.0,0.0,0.543,0.0,2.4,11.7,67
2026-01-04T19:00,22,9.9,42.9,26.9,0.0,0.0,0.493,0.0,1.9,11.2,66
2026-01-04T20:00,22,9.6,41.4,19.4,0.0,0.0,0.423,0.0,1.5,10.6,77
2026-01-04T21:00,22,8.8,35.2,13.1,0.0,0.0,0.307,0.0,1.2,8.8,74
2026-01-04T22:00,22,7.5,35.4,11.2,0.0,0.0,0.285,0.0,1.2,8.3,76
2026-01-04T23:00,22,7.2,34.0,10.3,0.0,0.0,0.284,0.0,1.1,8.2,74
2026-01-04T00:00,37,7.3,30.6,11.3,0.0,3.4,0.355,0.0,0.4,7.5,83
2026-01-04T01:00,37,6.3,26.3,10.3,0.0,3.5,0.297,0.0,0.4,6.5,82
2026-01-04T02:00,37,6.7,25.3,9.2,0.0,3.5,0.286,0.0,0.3,6.2,80
2026-01-04T03:00,37,6.2,26.2,9.2,0.0,3.7,0.294,0.0,0.3,6.5,80
2026-01-04T04:00,37,6.6,27.6,11.0,0.0,3.4,0.308,0.0,0.4,6.8,78
2026-01-04T05:00,37,8.7,33.5,15.7,0.0,3.6,0.474,0.0,0.5,7.2,79
2026-01-04T06:00,37,11.5,46.1,23.8,0.0,4.7,0.623,0.0,0.7,7.3,75
2026-01-04T07:00,37,13.8,51.4,30.2,0.0,4.8,0.783,0.0,1.0,9.2,69
2026-01-04T08:00,37,14.6,51.4,32.0,0.0,5.4,0.746,0.0,0.8,9.8,71
2026-01-04T09:00,37,10.9,44.2,25.8,0.0,5.1,0.656,0.0,0.7,10.8,74
2026-01-04T10:00,37,9.8,38.7,21.8,0.0,5.3,0.532,0.0,0.5,11.8,65
2026-01-04T11:00,37,8.7,34.5,19.1,0.0,5.3,0.472,0.0,0.5,12.8,66
2026-01-04T12:00,37,9.0,34.5,17.9,0.0,5.3,0.493,0.0,0.5,12.8,64
2026-01-04T13:00,37,9.4,32.0,18.8,0.0,5.3,0.458,0.0,0.5,12.4,64
2026-01-04T14:00,37,9.6,32.2,19.8,0.0,5.0,0.5,0.0,0.5,13.1,64
2026-01-04T15:00,37,10.5,36.3,19.1,0.0,4.4,0.473,0.0,0.5,13.3,64
2026-01-04T16:00,37,13.4,44.3,28.2,0.0,4.9,0.606,0.0,0.6,12.6,68
2026-01-04T17:00,37,12.9,52.4,32.8,0.0,5.0,0.834,0.0,0.7,11.6,66
2026-01-04T18:00,37,13.7,44.4,31.8,0.0,4.9,0.773,0.0,0.6,11.6,67
2026-01-04T19:00,37,9.8,36.4,27.5,0.0,4.2,0.601,0.0,0.5,10.4,68
2026-01-04T20:00,37,9.5,31.9,19.7,0.0,4.7,0.487,0.0,0.4,9.7,69
2026-01-04T21:00,37,7.9,25.7,17.3,0.0,4.1,0.394,0.0,0.4,9.6,72
2026-01-04T22:00,37,6.7,25.9,14.2,0.0,4.1,0.328,0.0,0.3,7.9,75
2026-01-04T23:00,37,6.6,24.1,13.5,0.0,4.8,0.339,0.0,0.3,7.7,80
2026-01-04T00:00,38,13.2,35.9,7.8,0.0,2.6,0.0,0.0,0.0,7.2,80
2026-01-04T01:00,38,11.6,30.9,6.0,0.0,2.6,0.0,0.0,0.0,6.7,79
2026-01-04T02:00,38,11.3,30.9,6.5,0.0,2.5,0.0,0.0,0.0,6.4,80
2026-01-04T03:00,38,11.0,30.4,6.5,0.0,2.6,0.0,0.0,0.0,6.5,75
2026-01-04T04:00,38,12.2,30.7,6.5,0.0,2.9,0.0,0.0,0.0,6.9,80
2026-01-04T05:00,38,16.0,37.9,9.7,0.0,3.1,0.0,0.0,0.0,7.3,80
2026-01-04T06:00,38,20.0,51.4,12.3,0.0,3.0,0.0,0.0,0.0,8.7,74
2026-01-04T07:00,38,24.4,64.3,16.9,0.0,3.2,0.0,0.0,0.0,9.3,74
2026-01-04T08:00,38,25.3,65.1,18.0,0.0,4.0,0.0,0.0,0.0,9.2,72
2026-01-04T09:00,38,20.3,57.0,13.9,0.0,3.6,0.0,0.0,0.0,11.0,69
2026-01-04T10:00,38,17.6,47.2,10.0,0.0,3.3,0.0,0.0,0.0,11.6,71
2026-01-04T11:00,38,14.7,40.2,9.4,0.0,3.3,0.0,0.0,0.0,12.0,64
2026-01-04T12:00,38,13.4,39.1,7.7,0.0,3.5,0.0,0.0,0.0,12.7,64
2026-01-04T13:00,38,15.4,41.4,8.0,0.0,3.2,0.0,0.0,0.0,14.0,66
2026-01-04T14:00,38,15.8,44.6,8.5,0.0,3.1,0.0,0.0,0.0,13.5,61
2026-01-04T15:00,38,15.6,47.7,8.8,0.0,3.2,0.0,0.0,0.0,13.8,64
2026-01-04T16:00,38,20.8,57.3,10.5,0.0,3.1,0.0,0.0,0.0,12.6,63
2026-01-04T17:00,38,21.0,58.1,12.7,0.0,2.9,0.0,0.0,0.0,12.4,70
2026-01-04T18:00,38,19.2,57.1,11.5,0.0,2.7,0.0,0.0,0.0,11.4,66
2026-01-04T19:00,38,15.9,46.2,9.3,0.0,2.8,0.0,0.0,0.0,11.0,72
2026-01-04T20:00,38,14.0,39.4,7.3,0.0,2.8,0.0,0.0,0.0,9.8,73
2026-01-04T21:00,38,12.0,35.6,5.7,0.0,2.7,0.0,0.0,0.0,9.3,75
2026-01-04T22:00,38,10.5,32.2,5.6,0.0,2.8,0.0,0.0,0.0,7.7,77
2026-01-04T23:00,38,11.0,30.4,4.5,0.0,2.6,0.0,0.0,0.0,7.5,76
2026-01-05T00:00,19,6.3,27.1,7.3,0.0,5.9,0.127,0.0,0.0,7.7,82
2026-01-05T01:00,19,6.6,25.6,6.2,0.0,6.8,0.111,0.0,0.0,6.3,78
2026-01-05T02:00,19,6.2,31.0,5.4,0.0,5.4,0.115,0.0,0.0,5.4,82
2026-01-05T03:00,19,6.5,29.8,6.3,0.0,6.1,0.101,0.0,0.0,6.7,77
2026-01-05T04:00,19,6.9,39.0,7.4,0.0,5.9,0.129,0.0,0.0,6.9,73
2026-01-05T05:00,19,10.2,48.8,11.1,0.0,6.5,0.195,0.0,0.0,7.2,75
2026-01-05T06:00,19,13.3,66.9,15.1,0.0,7.5,0.246,0.0,0.0,8.3,79
2026-01-05T07:00,19,17.7,88.1,22.4,0.0,7.6,0.312,0.0,0.0,9.3,75
2026-01-05T08:00,19,15.9,93.9,21.1,0.0,8.4,0.308,0.0,0.0,9.8,70
2026-01-05T09:00,19,13.5,80.6,19.2,0.0,8.3,0.267,0.0,0.0,9.8,69
2026-01-05T10:00,19,13.1,78.4,15.0,0.0,7.6,0.2,0.0,0.0,12.3,68
2026-01-05T11:00,19,12.6,72.5,13.4,0.0,7.8,0.186,0.0,0.0,12.4,61
2026-01-05T12:00,19,12.1,71.7,14.5,0.0,7.8,0.182,0.0,0.0,13.4,64
2026-01-05T13:00,19,13.3,74.5,14.8,0.0,8.2,0.186,0.0,0.0,13.5,64
2026-01-05T14:00,19,14.1,85.3,15.7,0.0,7.7,0.2,0.0,0.0,13.1,64
2026-01-05T15:00,19,16.4,93.9,16.1,0.0,6.9,0.208,0.0,0.0,13.3,63
2026-01-05T16:00,19,20.3,102.0,21.7,0.0,7.3,0.265,0.0,0.0,12.4,62
2026-01-05T17:00,19,23.4,129.8,25.1,0.0,7.1,0.316,0.0,0.0,12.5,64
2026-01-05T18:00,19,18.2,112.3,24.0,0.0,7.0,0.307,0.0,0.0,12.2,69
2026-01-05T19:00,19,16.7,111.4,23.3,0.0,6.7,0.235,0.0,0.0,10.5,68
2026-01-05T20:00,19,16.9,100.6,17.2,0.0,6.3,0.207,0.0,0.0,9.8,72
2026-01-05T21:00,19,14.5,88.1,13.6,0.0,6.8,0.17,0.0,0.0,9.3,73
2026-01-05T22:00,19,13.0,80.0,11.8,0.0,6.0,0.141,0.0,0.0,8.4,78
2026-01-05T23:00,19,12.9,82.9,12.0,0.0,6.0,0.129,0.0,0.0,8.5,80
2026-01-05T00:00,20,6.5,27.4,11.6,0.0,2.6,0.141,0.0,0.1,7.0,79
2026-01-05T01:00,20,6.8,26.3,9.9,0.0,2.7,0.11,0.0,0.1,6.8,77
2026-01-05T02:00,20,6.6,24.5,9.6,0.0,2.8,0.116,0.0,0.1,6.7,83
2026-01-05T03:00,20,6.5,26.4,10.1,0.0,2.7,0.105,0.0,0.1,6.5,82
2026-01-05T04:00,20,7.8,29.4,11.9,0.0,3.0,0.126,0.0,0.2,7.0,78
2026-01-05T05:00,20,10.5,40.0,17.4,0.0,3.2,0.163,0.0,0.2,7.4,75
2026-01-05T06:00,20,13.8,63.4,22.1,0.0,4.0,0.255,0.0,0.3,7.7,75
2026-01-05T07:00,20,18.6,79.1,33.9,0.0,4.1,0.333,0.0,0.4,9.3,73
2026-01-05T08:00,20,17.4,87.1,34.4,0.0,4.6,0.299,0.0,0.4,10.2,72
2026-01-05T09:00,20,15.2,77.0,25.2,0.0,4.4,0.243,0.0,0.3,10.4,71
2026-01-05T10:00,20,15.8,72.0,22.0,0.0,4.2,0.218,0.0,0.3,11.2,70
2026-01-05T11:00,20,15.2,67.8,20.7,0.0,4.5,0.189,0.0,0.3,12.2,63
2026-01-05T12:00,20,14.3,63.5,17.9,0.0,4.5,0.184,0.0,0.3,12.7,63
2026-01-05T13:00,20,15.4,72.7,19.2,0.0,4.6,0.186,0.0,0.3,13.4,65
2026-01-05T14:00,20,15.8,78.4,19.6,0.0,4.3,0.211,0.0,0.3,13.1,64
2026-01-05T15:00,20,21.0,98.0,21.7,0.0,4.5,0.209,0.0,0.3,13.2,59
2026-01-05T16:00,20,23.7,113.3,26.5,0.0,4.9,0.233,0.0,0.4,13.3,64
2026-01-05T17:00,20,28.4,136.3,32.1,0.0,4.5,0.327,0.0,0.5,12.9,65
2026-01-05T18:00,20,23.5,105.6,35.5,0.0,4.2,0.299,0.0,0.5,11.0,69
2026-01-05T19:00,20,23.4,102.5,26.8,0.0,4.2,0.263,0.0,0.4,11.1,71
2026-01-05T20:00,20,20.7,96.4,22.2,0.0,4.4,0.194,0.0,0.3,10.6,70
2026-01-05T21:00,20,19.2,86.7,16.3,0.0,4.4,0.157,0.0,0.3,9.0,73
2026-01-05T22:00,20,15.7,84.7,14.8,0.0,4.3,0.137,0.0,0.3,8.1,70
2026-01-05T23:00,20,17.2,80.2,14.9,0.0,4.2,0.149,0.0,0.3,7.2,78
2026-01-05T00:00,21,0.0,29.4,4.0,35.0,1.8,0.206,0.0,0.0,6.4,78
2026-01-05T01:00,21,0.0,27.7,3.5,25.8,1.6,0.161,0.0,0.0,7.1,83
2026-01-05T02:00,21,0.0,29.9,3.3,23.9,1.7,0.171,0.0,0.0,6.3,80
2026-01-05T03:00,21,0.0,31.2,3.1,23.5,1.7,0.161,0.0,0.0,7.1,81
2026-01-05T04:00,21,0.0,36.3,3.9,31.3,1.9,0.199,0.0,0.0,6.8,78
2026-01-05T05:00,21,0.0,45.1,5.2,40.4,1.9,0.257,0.0,0.0,7.8,80
2026-01-05T06:00,21,0.0,66.6,7.7,56.6,2.2,0.341,0.0,0.0,8.4,73
2026-01-05T07:00,21,0.0,101.6,11.3,68.1,2.6,0.521,0.0,0.0,8.6,74
2026-01-05T08:00,21,0.0,102.7,11.3,95.1,2.7,0.478,0.0,0.0,9.4,74
2026-01-05T09:00,21,0.0,83.7,9.3,111.0,3.0,0.347,0.0,0.0,11.2,70
2026-01-05T10:00,21,0.0,81.0,7.4,131.9,2.9,0.331,0.0,0.0,11.8,71
2026-01-05T11:00,21,0.0,79.8,6.8,124.3,2.8,0.303,0.0,0.0,12.3,63
2026-01-05T12:00,21,0.0,74.5,6.5,142.1,2.7,0.289,0.0,0.0,13.4,65
2026-01-05T13:00,21,0.0,77.8,6.6,123.0,2.8,0.274,0.0,0.0,13.8,63
2026-01-05T14:00,21,0.0,99.6,7.1,95.0,2.7,0.302,0.0,0.0,13.8,65
2026-01-05T15:00,21,0.0,91.8,7.6,101.2,2.6,0.301,0.0,0.0,13.2,64
2026-01-05T16:00,21,0.0,123.0,8.8,86.7,2.7,0.379,0.0,0.0,13.0,64
2026-01-05T17:00,21,0.0,158.1,11.0,63.9,2.8,0.44,0.0,0.0,12.3,67
2026-01-05T18:00,21,0.0,125.9,10.8,56.9,2.5,0.431,0.0,0.0,11.2,66
2026-01-05T19:00,21,0.0,106.7,9.6,48.6,2.7,0.406,0.0,0.0,10.9,73
2026-01-05T20:00,21,0.0,105.8,6.7,40.3,2.6,0.29,0.0,0.0,10.3,72
2026-01-05T21:00,21,0.0,104.9,5.8,35.9,2.8,0.221,0.0,0.0,9.1,75
2026-01-05T22:00,21,0.0,93.1,5.2,27.6,2.6,0.209,0.0,0.0,7.5,74
2026-01-05T23:00,21,0.0,80.7,5.4,25.7,2.6,0.205,0.0,0.0,7.2,78
2026-01-05T00:00,22,0.0,30.4,9.7,0.0,0.0,0.283,0.0,0.0,7.7,77
2026-01-05T01:00,22,0.0,27.6,9.7,0.0,0.2,0.22,0.0,0.1,7.6,81
2026-01-05T02:00,22,0.0,31.8,9.4,0.0,0.4,0.212,0.0,0.2,6.6,80
2026-01-05T03:00,22,0.0,31.5,8.8,0.0,0.6,0.23,0.0,0.3,6.4,79
2026-01-05T04:00,22,0.0,40.3,13.5,0.0,0.7,0.265,0.0,0.5,6.9,76
2026-01-05T05:00,22,0.0,52.9,18.0,0.0,1.1,0.363,0.0,0.7,7.6,76
2026-01-05T06:00,22,0.0,73.5,28.1,0.0,1.4,0.508,0.0,1.1,8.1,77
2026-01-05T07:00,22,0.0,99.0,44.2,0.0,1.5,0.7,0.0,2.0,10.0,78
2026-01-05T08:00,22,0.0,107.3,43.9,0.0,2.1,0.588,0.0,2.1,9.7,70
2026-01-05T09:00,22,0.0,92.1,32.8,0.0,2.3,0.443,0.0,1.7,11.6,73
2026-01-05T10:00,22,0.0,79.7,27.5,0.0,2.3,0.419,0.0,1.8,12.3,69
2026-01-05T11:00,22,0.0,85.5,27.8,0.0,2.7,0.411,0.0,1.7,12.1,63
2026-01-05T12:00,22,0.0,70.8,29.3,0.0,3.0,0.358,0.0,2.0,12.3,62
2026-01-05T13:00,22,0.0,82.8,28.7,0.0,3.2,0.373,0.0,2.1,13.6,61
2026-01-05T14:00,22,0.0,89.1,32.9,0.0,3.1,0.409,0.0,2.1,13.5,64
2026-01-05T15:00,22,0.0,112.9,37.7,0.0,3.2,0.45,0.0,2.8,13.4,65
2026-01-05T16:00,22,0.0,133.2,43.8,0.0,3.5,0.535,0.0,3.6,13.1,65
2026-01-05T17:00,22,0.0,153.1,50.8,0.0,3.9,0.59,0.0,4.3,12.8,66
2026-01-05T18:00,22,0.0,125.9,53.2,0.0,3.6,0.623,0.0,4.4,11.0,65
2026-01-05T19:00,22,0.0,113.6,48.5,0.0,4.1,0.498,0.0,3.7,11.2,72
2026-01-05T20:00,22,0.0,116.5,38.8,0.0,3.9,0.399,0.0,3.1,9.9,74
2026-01-05T21:00,22,0.0,100.7,27.6,0.0,4.0,0.29,0.0,3.0,8.9,72
2026-01-05T22:00,22,0.0,97.6,28.8,0.0,4.2,0.292,0.0,2.5,8.6,77
2026-01-05T23:00,22,0.0,77.7,29.5,0.0,3.5,0.264,0.0,2.6,7.5,79
2026-01-05T00:00,37,7.0,21.7,13.6,0.0,4.3,0.324,0.0,0.3,6.8,79
2026-01-05T01:00,37,6.2,24.2,12.2,0.0,4.2,0.303,0.0,0.2,6.9,81
2026-01-05T02:00,37,6.6,24.2,10.9,0.0,4.5,0.305,0.0,0.2,6.0,77
2026-01-05T03:00,37,7.7,25.4,11.2,0.0,4.1,0.283,0.0,0.2,6.4,84
2026-01-05T04:00,37,8.0,30.9,13.0,0.0,3.8,0.314,0.0,0.3,7.6,76
2026-01-05T05:00,37,11.3,40.0,19.7,0.0,4.4,0.468,0.0,0.4,7.7,76
2026-01-05T06:00,37,14.3,55.6,23.8,0.0,5.0,0.598,0.0,0.5,8.0,79
2026-01-05T07:00,37,20.7,82.6,36.1,0.0,5.5,0.82,0.0,0.7,9.3,69
2026-01-05T08:00,37,19.5,79.4,38.3,0.0,5.5,0.78,0.0,0.6,9.8,71
2026-01-05T09:00,37,18.3,73.5,31.2,0.0,5.8,0.586,0.0,0.5,11.0,66
2026-01-05T10:00,37,15.5,71.0,24.0,0.0,5.2,0.533,0.0,0.5,11.7,64
2026-01-05T11:00,37,16.6,66.7,21.3,0.0,5.4,0.49,0.0,0.4,13.0,69
2026-01-05T12:00,37,15.8,68.0,22.1,0.0,5.3,0.491,0.0,0.4,12.4,66
2026-01-05T13:00,37,14.5,72.5,20.4,0.0,5.4,0.476,0.0,0.4,13.5,66
2026-01-05T14:00,37,19.7,83.8,25.1,0.0,5.1,0.441,0.0,0.5,13.0,64
2026-01-05T15:00,37,20.0,93.2,24.2,0.0,4.6,0.512,0.0,0.5,13.3,64
2026-01-05T16:00,37,27.0,111.1,29.7,0.0,4.9,0.593,0.0,0.6,13.5,63
2026-01-05T17:00,37,29.2,141.6,37.6,0.0,4.4,0.779,0.0,0.8,12.7,67
2026-01-05T18:00,37,24.7,117.9,34.9,0.0,3.8,0.663,0.0,0.7,12.1,65
2026-01-05T19:00,37,21.7,103.2,27.8,0.0,4.0,0.554,0.0,0.6,11.1,69
2026-01-05T20:00,37,20.9,94.7,24.6,0.0,4.1,0.479,0.0,0.4,10.0,71
2026-01-05T21:00,37,19.3,96.6,20.2,0.0,4.0,0.414,0.0,0.4,9.1,75
2026-01-05T22:00,37,17.9,83.5,15.5,0.0,3.3,0.328,0.0,0.3,8.3,74
2026-01-05T23:00,37,18.4,77.3,15.5,0.0,3.3,0.342,0.0,0.3,8.1,76
2026-01-05T00:00,38,10.3,29.3,4.7,0.0,2.7,0.0,0.0,0.0,6.3,80
2026-01-05T01:00,38,9.3,28.2,3.6,1.1,2.5,0.0,0.0,0.0,6.6,78
2026-01-05T02:00,38,10.8,28.0,3.8,1.8,2.5,0.0,0.0,0.0,5.8,80
2026-01-05T03:00,38,10.2,29.6,3.6,2.9,2.4,0.0,0.0,0.0,6.2,78
2026-01-05T04:00,38,12.5,35.6,4.5,5.1,2.7,0.0,0.0,0.0,7.1,76
2026-01-05T05:00,38,16.5,50.3,6.6,9.1,2.6,0.0,0.0,0.0,7.5,75
2026-01-05T06:00,38,23.2,64.5,9.7,12.8,2.9,0.0,0.0,0.0,8.3,75
2026-01-05T07:00,38,32.4,95.1,12.8,20.3,3.3,0.0,0.0,0.0,9.7,73
2026-01-05T08:00,38,31.9,106.5,13.4,29.6,3.6,0.0,0.0,0.0,9.8,71
2026-01-05T09:00,38,28.2,83.7,11.2,39.4,3.5,0.0,0.0,0.0,11.8,72
2026-01-05T10:00,38,24.6,80.4,9.0,54.4,3.8,0.0,0.0,0.0,12.2,70
2026-01-05T11:00,38,22.3,70.6,8.2,54.2,3.4,0.0,0.0,0.0,12.5,67
2026-01-05T12:00,38,22.8,78.7,7.5,71.8,3.5,0.0,0.0,0.0,13.2,65
2026-01-05T13:00,38,22.9,79.3,7.9,72.9,3.3,0.0,0.0,0.0,14.2,66
2026-01-05T14:00,38,25.8,88.4,9.1,72.6,3.2,0.0,0.0,0.0,13.8,66
2026-01-05T15:00,38,30.6,88.7,8.9,66.9,3.0,0.0,0.0,0.0,13.6,61
2026-01-05T16:00,38,38.6,125.9,11.3,55.2,3.0,0.0,0.0,0.0,13.3,64
2026-01-05T17:00,38,42.3,140.9,13.9,53.5,3.1,0.0,0.0,0.0,11.6,66
2026-01-05T18:00,38,43.0,117.8,12.8,45.6,3.1,0.0,0.0,0.0,12.1,66
2026-01-05T19:00,38,34.1,107.3,12.1,42.7,3.0,0.0,0.0,0.0,10.7,66
2026-01-05T20:00,38,32.3,105.7,9.4,38.2,2.8,0.0,0.0,0.0,9.6,71
2026-01-05T21:00,38,31.5,97.2,7.4,34.3,2.9,0.0,0.0,0.0,9.3,73
2026-01-05T22:00,38,24.8,81.9,6.3,29.6,2.4,0.0,0.0,0.0,7.8,74
2026-01-05T23:00,38,24.5,93.1,5.7,30.3,2.5,0.0,0.0,0.0,7.8,79
2026-01-06T00:00,19,13.4,78.3,12.4,0.0,5.8,0.0,0.0,0.0,7.4,79
2026-01-06T01:00,19,11.4,71.5,10.9,0.0,5.9,0.01,0.0,0.0,6.5,81
2026-01-06T02:00,19,11.0,63.0,9.4,0.0,5.5,0.018,0.0,0.0,6.9,79
2026-01-06T03:00,19,11.0,63.0,9.9,0.0,5.6,0.028,0.0,0.0,6.5,78
2026-01-06T04:00,19,10.6,68.9,13.3,0.0,5.9,0.044,0.0,0.0,7.3,79
2026-01-06T05:00,19,12.6,75.1,16.4,0.0,6.1,0.077,0.0,0.0,7.6,77
2026-01-06T06:00,19,17.8,102.1,23.1,0.0,6.3,0.116,0.0,0.0,8.3,76
2026-01-06T07:00,19,20.6,127.0,35.3,0.0,7.2,0.197,0.0,0.0,9.0,74
2026-01-06T08:00,19,19.4,114.3,30.8,0.0,7.2,0.207,0.0,0.0,9.1,70
2026-01-06T09:00,19,16.1,87.6,24.9,0.0,7.0,0.19,0.0,0.0,10.9,69
2026-01-06T10:00,19,13.5,75.0,21.5,0.0,6.5,0.199,0.0,0.0,11.6,67
2026-01-06T11:00,19,10.9,66.9,18.7,0.0,6.2,0.189,0.0,0.0,12.7,64
2026-01-06T12:00,19,10.9,60.7,18.4,0.0,5.9,0.208,0.0,0.0,13.2,68
2026-01-06T13:00,19,9.7,59.2,20.5,0.0,6.3,0.209,0.0,0.0,13.4,62
2026-01-06T14:00,19,11.1,53.1,19.8,0.0,5.5,0.228,0.0,0.0,14.2,63
2026-01-06T15:00,19,10.8,56.3,22.5,0.0,5.2,0.249,0.0,0.0,13.2,64
2026-01-06T16:00,19,13.5,55.8,23.8,0.0,5.2,0.36,0.0,0.0,12.7,65
2026-01-06T17:00,19,12.6,66.2,30.3,0.0,5.1,0.439,0.0,0.0,12.8,67
2026-01-06T18:00,19,10.5,51.6,29.0,0.0,4.6,0.43,0.0,0.0,12.2,65
2026-01-06T19:00,19,8.2,34.7,26.5,0.0,4.2,0.379,0.0,0.0,11.1,70
2026-01-06T20:00,19,7.4,29.9,19.9,0.0,4.2,0.313,0.0,0.0,9.5,73
2026-01-06T21:00,19,5.8,22.1,16.3,0.0,4.0,0.285,0.0,0.0,8.9,73
2026-01-06T22:00,19,4.1,16.4,14.7,0.0,3.9,0.251,0.0,0.0,8.1,74
2026-01-06T23:00,19,4.1,11.6,13.3,0.0,3.7,0.266,0.0,0.0,6.6,81
2026-01-06T00:00,20,16.7,85.4,16.2,0.0,4.4,0.139,0.0,0.3,7.0,77
2026-01-06T01:00,20,15.6,69.1,12.6,0.0,4.5,0.112,0.0,0.3,6.4,78
2026-01-06T02:00,20,14.0,59.8,12.6,0.0,4.4,0.102,0.0,0.3,6.6,81
2026-01-06T03:00,20,13.1,55.2,12.2,0.0,4.6,0.113,0.0,0.3,7.3,82
2026-01-06T04:00,20,13.3,63.1,13.4,0.0,4.6,0.13,0.0,0.3,7.1,80
2026-01-06T05:00,20,18.5,68.2,20.5,0.0,4.9,0.196,0.0,0.4,8.0,78
2026-01-06T06:00,20,22.5,94.9,28.3,0.0,5.4,0.298,0.0,0.6,8.5,77
2026-01-06T07:00,20,27.2,115.8,39.3,0.0,6.4,0.374,0.0,0.9,8.7,70
2026-01-06T08:00,20,24.5,102.4,39.3,0.0,6.8,0.358,0.0,1.0,10.1,70
2026-01-06T09:00,20,19.5,95.3,31.2,0.0,6.1,0.29,0.0,0.7,10.7,67
2026-01-06T10:00,20,15.9,71.1,23.7,0.0,6.1,0.246,0.0,0.6,11.7,65
2026-01-06T11:00,20,15.1,64.1,22.3,0.0,6.1,0.225,0.0,0.6,12.1,64
2026-01-06T12:00,20,12.6,51.3,22.9,0.0,6.8,0.239,0.0,0.6,13.1,66
2026-01-06T13:00,20,12.2,46.5,21.1,0.0,6.5,0.238,0.0,0.6,13.6,64
2026-01-06T14:00,20,12.8,49.4,25.0,0.0,6.3,0.251,0.0,0.7,13.7,63
2026-01-06T15:00,20,13.5,54.3,27.9,0.0,6.0,0.276,0.0,0.7,13.5,67
2026-01-06T16:00,20,14.4,51.3,30.8,0.0,5.7,0.337,0.0,0.8,13.1,63
2026-01-06T17:00,20,16.1,55.4,41.7,0.0,6.1,0.413,0.0,1.2,12.2,67
2026-01-06T18:00,20,11.8,42.0,36.5,0.0,5.1,0.387,0.0,1.2,12.2,66
2026-01-06T19:00,20,9.9,30.8,33.9,0.0,5.4,0.353,0.0,0.9,11.1,70
2026-01-06T20:00,20,7.5,27.0,25.7,0.0,5.7,0.268,0.0,0.8,9.9,71
2026-01-06T21:00,20,6.8,20.2,21.4,0.0,5.1,0.218,0.0,0.6,9.2,73
2026-01-06T22:00,20,5.0,15.2,17.5,0.0,5.3,0.205,0.0,0.6,8.0,75
2026-01-06T23:00,20,4.5,12.1,16.3,0.0,4.9,0.202,0.0,0.6,6.7,76
2026-01-06T00:00,21,0.0,83.1,5.3,26.4,2.6,0.0,0.0,0.0,7.7,77
2026-01-06T01:00,21,0.0,78.0,4.9,20.0,2.3,0.009,0.0,0.0,7.1,80
2026-01-06T02:00,21,0.0,69.7,4.7,19.9,3.0,0.018,0.0,0.0,6.4,82
2026-01-06T03:00,21,0.0,68.8,5.5,18.5,2.8,0.028,0.0,0.0,6.6,81
2026-01-06T04:00,21,0.0,66.3,6.4,23.4,2.8,0.044,0.0,0.0,6.8,79
2026-01-06T05:00,21,0.0,86.3,9.8,36.6,3.0,0.07,0.0,0.0,8.0,77
2026-01-06T06:00,21,0.0,97.9,14.3,50.0,3.5,0.115,0.0,0.0,7.8,77
2026-01-06T07:00,21,0.0,123.3,20.0,60.9,4.0,0.188,0.0,0.0,9.1,73
2026-01-06T08:00,21,0.0,110.4,23.8,76.6,4.2,0.212,0.0,0.0,9.6,70
2026-01-06T09:00,21,0.0,93.5,16.4,84.4,4.3,0.188,0.0,0.0,10.5,71
2026-01-06T10:00,21,0.0,83.0,15.5,102.9,4.4,0.165,0.0,0.0,11.2,68
2026-01-06T11:00,21,0.0,74.4,13.2,119.4,4.8,0.175,0.0,0.0,12.0,66
2026-01-06T12:00,21,0.0,59.5,13.2,119.4,4.3,0.202,0.0,0.0,12.8,64
2026-01-06T13:00,21,0.0,55.7,14.6,107.2,4.4,0.184,0.0,0.0,13.1,62
2026-01-06T14:00,21,0.0,58.2,16.6,110.2,4.9,0.228,0.0,0.0,13.4,61
2026-01-06T15:00,21,0.0,54.4,17.5,92.4,4.4,0.277,0.0,0.0,13.3,63
2026-01-06T16:00,21,0.0,61.6,21.3,76.4,4.7,0.307,0.0,0.0,12.8,64
2026-01-06T17:00,21,0.0,68.6,27.0,56.1,4.3,0.475,0.0,0.0,12.0,66
2026-01-06T18:00,21,0.0,51.9,26.9,56.1,4.4,0.477,0.0,0.0,12.1,67
2026-01-06T19:00,21,0.0,37.5,25.4,49.2,4.1,0.352,0.0,0.0,10.6,71
2026-01-06T20:00,21,0.0,26.9,19.5,43.0,4.5,0.331,0.0,0.0,9.8,73
2026-01-06T21:00,21,0.0,20.8,15.8,35.5,4.2,0.267,0.0,0.0,8.8,70
2026-01-06T22:00,21,0.0,16.1,14.0,25.0,3.9,0.253,0.0,0.0,8.5,74
2026-01-06T23:00,21,0.0,11.1,13.8,26.4,4.1,0.252,0.0,0.0,7.7,81
2026-01-06T00:00,22,0.0,89.5,29.2,0.0,4.2,0.272,0.0,2.7,6.8,76
2026-01-06T01:00,22,0.1,87.1,24.2,0.0,4.3,0.24,0.0,2.4,6.2,80
2026-01-06T02:00,22,0.3,68.7,23.0,0.0,4.5,0.207,0.0,2.1,6.1,83
2026-01-06T03:00,22,0.4,71.9,23.3,0.0,4.5,0.221,0.0,2.0,6.3,81
2026-01-06T04:00,22,0.6,76.9,26.4,0.0,4.3,0.263,0.0,2.4,6.5,78
2026-01-06T05:00,22,0.9,89.1,38.6,0.0,5.1,0.36,0.0,3.1,7.4,79
2026-01-06T06:00,22,1.6,108.2,51.5,0.0,5.0,0.496,0.0,4.4,8.8,76
2026-01-06T07:00,22,2.3,129.7,73.2,0.0,5.5,0.753,0.0,6.3,9.4,72
2026-01-06T08:00,22,2.3,119.5,77.4,0.0,6.2,0.655,0.0,5.7,9.5,74
2026-01-06T09:00,22,2.2,104.4,52.2,0.0,5.8,0.522,0.0,4.7,11.4,67
2026-01-06T10:00,22,2.0,83.8,50.3,0.0,5.6,0.449,0.0,3.6,12.4,65
2026-01-06T11:00,22,2.2,68.9,41.1,0.0,5.2,0.44,0.0,3.2,12.8,66
2026-01-06T12:00,22,2.5,61.3,40.7,0.0,5.3,0.447,0.0,3.2,12.8,67
2026-01-06T13:00,22,2.6,60.8,40.7,0.0,5.4,0.432,0.0,2.8,13.6,65
2026-01-06T14:00,22,2.8,59.6,41.9,0.0,5.5,0.451,0.0,2.9,13.6,63
2026-01-06T15:00,22,3.3,60.9,40.9,0.0,5.6,0.466,0.0,3.2,12.8,61
2026-01-06T16:00,22,4.3,69.1,46.6,0.0,5.0,0.585,0.0,3.7,13.4,64
2026-01-06T17:00,22,5.5,57.9,65.2,0.0,5.5,0.745,0.0,4.8,12.8,67
2026-01-06T18:00,22,4.9,48.6,60.9,0.0,5.0,0.632,0.0,4.3,11.4,70
2026-01-06T19:00,22,4.4,39.1,50.8,0.0,4.7,0.615,0.0,3.4,11.0,68
2026-01-06T20:00,22,4.2,27.2,41.6,0.0,4.5,0.508,0.0,2.6,9.6,71
2026-01-06T21:00,22,3.7,20.4,31.7,0.0,4.8,0.395,0.0,2.0,9.2,73
2026-01-06T22:00,22,3.4,16.0,27.3,0.0,4.0,0.302,0.0,2.0,7.5,77
2026-01-06T23:00,22,3.5,10.6,26.3,0.0,4.3,0.363,0.0,1.7,8.0,75
2026-01-06T00:00,37,18.6,92.1,16.0,0.0,3.5,0.347,0.0,0.4,6.6,82
2026-01-06T01:00,37,14.8,71.9,12.8,0.0,3.3,0.28,0.0,0.3,6.9,80
2026-01-06T02:00,37,13.3,67.2,10.6,0.0,2.9,0.277,0.0,0.3,7.5,81
2026-01-06T03:00,37,13.7,66.0,11.1,0.0,3.4,0.26,0.0,0.3,6.5,81
2026-01-06T04:00,37,14.5,68.3,12.9,0.0,3.3,0.325,0.0,0.4,6.8,75
2026-01-06T05:00,37,16.5,82.7,17.5,0.0,3.6,0.439,0.0,0.5,7.5,80
2026-01-06T06:00,37,24.7,97.6,24.6,0.0,4.0,0.584,0.0,0.7,8.1,72
2026-01-06T07:00,37,25.9,119.3,37.7,0.0,5.0,0.915,0.0,1.0,9.1,75
2026-01-06T08:00,37,22.4,107.5,36.2,0.0,4.7,0.83,0.0,0.8,9.9,68
2026-01-06T09:00,37,20.7,100.3,23.5,0.0,4.5,0.631,0.0,0.7,10.9,68
2026-01-06T10:00,37,16.6,76.3,21.3,0.0,4.3,0.538,0.0,0.7,11.7,67
2026-01-06T11:00,37,14.5,62.4,19.0,0.0,4.5,0.501,0.0,0.6,12.6,63
2026-01-06T12:00,37,12.5,59.1,17.8,0.0,4.0,0.441,0.0,0.6,12.8,65
2026-01-06T13:00,37,11.7,51.8,18.3,0.0,4.3,0.477,0.0,0.6,13.6,65
2026-01-06T14:00,37,12.6,57.8,16.8,0.0,4.1,0.503,0.0,0.6,13.6,64
2026-01-06T15:00,37,11.7,53.5,17.9,0.0,3.7,0.546,0.0,0.7,14.1,65
2026-01-06T16:00,37,13.3,55.9,22.4,0.0,4.4,0.635,0.0,0.8,13.6,65
2026-01-06T17:00,37,13.5,57.7,26.9,0.0,3.9,0.764,0.0,1.1,12.4,63
2026-01-06T18:00,37,10.4,48.9,25.1,0.0,3.6,0.715,0.0,1.1,11.4,65
2026-01-06T19:00,37,8.1,36.1,20.1,0.0,3.8,0.617,0.0,0.9,11.1,71
2026-01-06T20:00,37,6.2,26.3,16.6,0.0,3.6,0.438,0.0,0.7,9.4,72
2026-01-06T21:00,37,4.8,18.6,12.8,0.0,3.8,0.404,0.0,0.6,9.0,73
2026-01-06T22:00,37,3.6,14.3,10.6,0.0,3.2,0.331,0.0,0.5,8.3,72
2026-01-06T23:00,37,2.9,9.6,9.1,0.0,3.9,0.342,0.0,0.6,7.9,75
2026-01-06T00:00,38,26.2,87.2,6.1,28.0,2.5,0.0,0.0,0.0,7.4,77
2026-01-06T01:00,38,21.0,70.8,6.2,22.6,2.4,0.0,0.0,0.0,6.6,79
2026-01-06T02:00,38,22.1,68.4,5.5,22.6,2.6,0.0,0.0,0.0,5.9,79
2026-01-06T03:00,38,20.0,64.4,6.3,22.9,2.6,0.0,0.0,0.0,7.2,81
2026-01-06T04:00,38,22.3,62.7,7.5,28.9,2.5,0.0,0.0,0.0,6.7,78
2026-01-06T05:00,38,26.1,84.9,11.6,37.2,2.9,0.0,0.0,0.0,7.7,78
2026-01-06T06:00,38,31.8,100.2,14.5,52.7,3.6,0.0,0.0,0.0,8.2,76
2026-01-06T07:00,38,42.7,121.0,24.7,68.5,3.9,0.0,0.0,0.0,9.1,78
2026-01-06T08:00,38,34.3,127.7,26.6,85.8,4.1,0.0,0.0,0.0,9.9,70
2026-01-06T09:00,38,30.4,93.6,19.2,101.3,4.2,0.0,0.0,0.0,10.5,70
2026-01-06T10:00,38,25.6,76.8,17.1,113.0,3.8,0.0,0.0,0.0,11.8,65
2026-01-06T11:00,38,21.2,69.3,17.0,126.6,4.0,0.0,0.0,0.0,12.6,65
2026-01-06T12:00,38,19.7,58.6,16.1,136.4,3.9,0.0,0.0,0.0,12.7,62
2026-01-06T13:00,38,18.3,54.4,16.8,126.5,4.2,0.0,0.0,0.0,13.4,62
2026-01-06T14:00,38,17.9,59.6,16.5,128.7,3.8,0.0,0.0,0.0,13.4,62
2026-01-06T15:00,38,18.2,55.4,18.4,101.6,3.9,0.0,0.0,0.0,13.9,64
2026-01-06T16:00,38,22.7,60.8,25.0,89.5,3.9,0.0,0.0,0.0,12.9,66
2026-01-06T17:00,38,21.3,65.1,29.0,69.7,4.1,0.0,0.0,0.0,12.4,64
2026-01-06T18:00,38,16.0,51.6,31.0,63.9,3.4,0.0,0.0,0.0,11.7,67
2026-01-06T19:00,38,11.7,38.4,27.1,55.4,3.8,0.0,0.0,0.0,10.8,70
2026-01-06T20:00,38,9.8,29.4,18.7,47.6,3.6,0.0,0.0,0.0,10.0,72
2026-01-06T21:00,38,8.0,21.1,18.2,37.7,3.2,0.0,0.0,0.0,8.4,72
2026-01-06T22:00,38,5.4,16.2,16.3,31.1,3.2,0.0,0.0,0.0,8.4,75
2026-01-06T23:00,38,4.8,11.9,15.7,34.0,3.2,0.0,0.0,0.0,7.3,78
2026-01-07T00:00,19,3.6,8.8,12.9,0.0,3.4,0.252,0.0,0.0,7.4,79
2026-01-07T01:00,19,3.3,7.1,11.1,0.0,3.7,0.228,0.0,0.0,6.9,80
2026-01-07T02:00,19,3.6,7.1,10.5,0.0,4.6,0.233,0.0,0.0,6.6,79
2026-01-07T03:00,19,3.1,8.0,11.8,0.0,4.8,0.213,0.0,0.0,7.0,80
2026-01-07T04:00,19,3.6,8.5,13.5,0.0,4.7,0.244,0.0,0.0,7.2,78
2026-01-07T05:00,19,5.1,10.7,18.4,0.0,5.5,0.367,0.0,0.0,7.5,77
2026-01-07T06:00,19,6.7,13.3,28.2,0.0,6.6,0.471,0.0,0.0,8.3,73
2026-01-07T07:00,19,8.5,18.3,37.4,0.0,7.7,0.657,0.0,0.0,9.0,76
2026-01-07T08:00,19,8.1,19.5,38.7,0.0,8.7,0.607,0.0,0.0,10.3,73
2026-01-07T09:00,19,7.4,16.2,31.3,0.0,9.4,0.494,0.0,0.0,9.5,72
2026-01-07T10:00,19,7.0,14.7,25.2,0.0,10.6,0.432,0.0,0.0,11.8,65
2026-01-07T11:00,19,6.1,13.1,21.2,0.0,10.1,0.382,0.0,0.0,12.3,66
2026-01-07T12:00,19,5.7,12.0,24.1,0.0,11.2,0.358,0.0,0.0,13.0,65
2026-01-07T13:00,19,6.2,12.5,24.3,0.0,9.9,0.395,0.0,0.0,13.2,62
2026-01-07T14:00,19,6.8,12.3,24.3,0.0,11.9,0.358,0.0,0.0,14.1,64
2026-01-07T15:00,19,7.5,15.4,23.5,0.0,11.7,0.397,0.0,0.0,13.6,64
2026-01-07T16:00,19,9.7,17.1,28.6,0.0,11.3,0.492,0.0,0.0,12.9,66
2026-01-07T17:00,19,9.8,19.8,41.1,0.0,12.4,0.605,0.0,0.0,12.4,66
2026-01-07T18:00,19,9.6,17.4,35.8,0.0,11.7,0.618,0.0,0.0,11.2,69
2026-01-07T19:00,19,8.3,15.0,30.2,0.0,11.3,0.511,0.0,0.0,10.5,70
2026-01-07T20:00,19,7.5,13.2,24.6,0.0,12.8,0.385,0.0,0.0,9.5,72
2026-01-07T21:00,19,7.1,11.0,22.0,0.0,13.0,0.315,0.0,0.0,8.6,74
2026-01-07T22:00,19,5.5,11.7,17.2,0.0,12.8,0.295,0.0,0.0,8.3,76
2026-01-07T23:00,19,6.0,10.1,17.5,0.0,11.8,0.301,0.0,0.0,7.1,77
2026-01-07T00:00,20,3.7,8.5,16.2,0.0,5.3,0.22,0.0,0.6,6.5,79
2026-01-07T01:00,20,3.1,8.1,14.0,0.0,5.5,0.167,0.0,0.6,6.4,80
2026-01-07T02:00,20,2.9,7.6,13.9,0.0,5.4,0.165,0.0,0.5,6.4,79
2026-01-07T03:00,20,3.1,7.4,13.5,0.0,4.5,0.168,0.0,0.5,6.3,76
2026-01-07T04:00,20,3.5,8.0,16.7,0.0,5.4,0.174,0.0,0.6,6.7,78
2026-01-07T05:00,20,3.7,10.4,23.0,0.0,5.4,0.26,0.0,0.8,7.4,76
2026-01-07T06:00,20,6.2,13.8,30.3,0.0,6.2,0.321,0.0,1.0,8.1,77
2026-01-07T07:00,20,7.5,17.1,40.3,0.0,6.7,0.437,0.0,1.5,9.5,75
2026-01-07T08:00,20,6.9,16.4,43.6,0.0,7.0,0.403,0.0,1.3,10.0,72
2026-01-07T09:00,20,5.9,16.0,34.0,0.0,7.5,0.333,0.0,1.0,11.1,66
2026-01-07T10:00,20,5.7,12.1,30.5,0.0,6.5,0.268,0.0,0.9,12.2,71
2026-01-07T11:00,20,5.5,10.5,27.6,0.0,6.8,0.24,0.0,0.8,12.1,65
2026-01-07T12:00,20,4.9,12.7,25.0,0.0,7.0,0.241,0.0,0.8,13.2,64
2026-01-07T13:00,20,5.2,10.7,22.3,0.0,6.7,0.224,0.0,0.8,13.7,63
2026-01-07T14:00,20,5.6,12.1,24.7,0.0,6.3,0.253,0.0,0.8,13.7,65
2026-01-07T15:00,20,6.2,13.7,26.5,0.0,6.4,0.269,0.0,0.8,14.2,67
2026-01-07T16:00,20,7.5,17.4,32.5,0.0,5.7,0.291,0.0,1.0,13.2,66
2026-01-07T17:00,20,9.4,18.6,39.7,0.0,6.6,0.337,0.0,1.3,12.8,66
2026-01-07T18:00,20,6.8,16.4,41.3,0.0,5.5,0.3,0.0,1.2,11.4,72
2026-01-07T19:00,20,5.9,11.5,34.2,0.0,5.7,0.296,0.0,1.0,10.8,71
2026-01-07T20:00,20,5.8,12.4,26.2,0.0,5.8,0.2,0.0,0.8,10.1,72
2026-01-07T21:00,20,4.9,9.8,22.5,0.0,5.4,0.155,0.0,0.6,9.0,70
2026-01-07T22:00,20,4.9,10.4,19.7,0.0,5.0,0.134,0.0,0.5,8.1,74
2026-01-07T23:00,20,4.2,8.7,18.2,0.0,4.9,0.144,0.0,0.6,7.1,76
2026-01-07T00:00,21,0.0,7.4,14.0,26.8,4.1,0.256,0.0,0.0,6.9,76
2026-01-07T01:00,21,0.0,6.7,12.2,21.9,4.2,0.224,0.0,0.0,7.0,78
2026-01-07T02:00,21,0.0,6.1,12.5,19.2,4.3,0.228,0.0,0.0,6.5,76
2026-01-07T03:00,21,0.0,7.0,12.8,22.5,4.3,0.219,0.0,0.0,6.4,77
2026-01-07T04:00,21,0.0,7.3,12.8,27.9,4.4,0.24,0.0,0.0,6.6,78
2026-01-07T05:00,21,0.0,9.0,20.1,41.8,4.8,0.354,0.0,0.0,7.5,75
2026-01-07T06:00,21,0.0,12.5,27.9,54.8,6.0,0.47,0.0,0.0,8.3,76
2026-01-07T07:00,21,0.0,17.0,38.8,73.4,6.6,0.6,0.0,0.0,9.8,73
2026-01-07T08:00,21,0.0,15.5,37.8,91.2,6.0,0.622,0.0,0.0,9.8,74
2026-01-07T09:00,21,0.0,15.3,29.8,105.0,6.1,0.498,0.0,0.0,11.6,67
2026-01-07T10:00,21,0.0,12.3,26.5,125.1,6.6,0.456,0.0,0.0,11.1,70
2026-01-07T11:00,21,0.0,11.1,23.2,128.6,6.6,0.381,0.0,0.0,12.7,64
2026-01-07T12:00,21,0.0,11.0,22.7,136.1,6.2,0.403,0.0,0.0,13.0,65
2026-01-07T13:00,21,0.0,11.0,21.9,128.6,6.5,0.379,0.0,0.0,13.0,62
2026-01-07T14:00,21,0.0,12.3,23.0,116.7,6.1,0.386,0.0,0.0,13.8,63
2026-01-07T15:00,21,0.0,14.4,22.1,110.9,6.5,0.439,0.0,0.0,13.1,65
2026-01-07T16:00,21,0.0,16.8,31.1,91.1,5.9,0.532,0.0,0.0,12.6,60
2026-01-07T17:00,21,0.0,19.6,35.6,74.0,6.2,0.613,0.0,0.0,11.9,66
2026-01-07T18:00,21,0.0,15.7,38.1,62.0,5.7,0.525,0.0,0.0,11.6,67
2026-01-07T19:00,21,0.0,15.2,29.1,56.9,5.1,0.482,0.0,0.0,11.0,70
2026-01-07T20:00,21,0.0,12.1,24.9,51.2,5.5,0.377,0.0,0.0,9.5,69
2026-01-07T21:00,21,0.0,10.9,19.5,41.2,5.6,0.307,0.0,0.0,8.8,70
2026-01-07T22:00,21,0.0,11.1,17.5,32.4,5.2,0.289,0.0,0.0,7.6,76
2026-01-07T23:00,21,0.0,9.1,17.3,31.8,5.6,0.25,0.0,0.0,7.5,78
2026-01-07T00:00,22,3.8,7.1,26.0,0.0,0.0,0.341,0.0,1.8,7.4,76
2026-01-07T01:00,22,3.2,6.3,21.2,0.0,0.1,0.263,0.0,1.5,7.0,80
2026-01-07T02:00,22,3.4,6.5,19.8,0.0,0.3,0.267,0.0,1.4,5.9,80
2026-01-07T03:00,22,3.0,6.0,20.3,0.0,0.4,0.256,0.0,1.2,7.3,76
2026-01-07T04:00,22,3.2,6.7,23.2,0.0,0.6,0.325,0.0,1.4,6.9,84
2026-01-07T05:00,22,4.5,9.1,32.7,0.0,0.8,0.437,0.0,1.7,7.3,78
2026-01-07T06:00,22,5.8,11.8,50.0,0.0,1.1,0.552,0.0,2.4,8.1,75
2026-01-07T07:00,22,7.5,14.7,69.8,0.0,1.3,0.794,0.0,3.6,8.9,76
2026-01-07T08:00,22,7.7,14.1,62.4,0.0,1.6,0.679,0.0,2.9,11.0,72
2026-01-07T09:00,22,5.7,12.5,51.9,0.0,2.0,0.575,0.0,2.2,11.3,67
2026-01-07T10:00,22,5.3,10.3,37.7,0.0,1.7,0.421,0.0,1.9,11.9,68
2026-01-07T11:00,22,4.8,10.1,33.5,0.0,2.1,0.396,0.0,1.6,12.5,64
2026-01-07T12:00,22,4.6,9.1,30.7,0.0,2.4,0.425,0.0,1.6,13.4,66
2026-01-07T13:00,22,4.5,9.8,37.5,0.0,2.5,0.4,0.0,1.4,13.3,65
2026-01-07T14:00,22,5.3,10.1,36.4,0.0,2.5,0.45,0.0,1.4,13.5,60
2026-01-07T15:00,22,6.1,10.5,37.7,0.0,2.8,0.475,0.0,1.4,13.5,68
2026-01-07T16:00,22,6.7,13.3,43.3,0.0,2.8,0.5,0.0,1.7,12.7,68
2026-01-07T17:00,22,7.7,15.4,58.0,0.0,3.1,0.645,0.0,1.9,12.8,66
2026-01-07T18:00,22,6.5,12.5,50.2,0.0,2.9,0.583,0.0,1.5,12.0,71
2026-01-07T19:00,22,5.2,10.4,42.8,0.0,2.9,0.498,0.0,1.3,11.1,68
2026-01-07T20:00,22,5.0,10.0,34.9,0.0,3.4,0.391,0.0,1.0,10.5,70
2026-01-07T21:00,22,4.3,8.9,27.3,0.0,3.2,0.321,0.0,0.8,9.4,71
2026-01-07T22:00,22,3.8,8.2,25.1,0.0,3.4,0.281,0.0,0.6,9.0,77
2026-01-07T23:00,22,3.3,7.0,23.2,0.0,3.5,0.294,0.0,0.5,6.9,78
2026-01-07T00:00,37,2.2,6.4,9.6,0.0,3.3,0.341,0.0,0.6,7.4,78
2026-01-07T01:00,37,2.0,5.5,7.9,0.0,3.3,0.268,0.0,0.5,6.8,78
2026-01-07T02:00,37,2.0,5.8,7.3,0.0,3.4,0.285,0.0,0.4,6.7,79
2026-01-07T03:00,37,2.0,6.0,7.1,0.0,3.2,0.252,0.0,0.4,7.2,81
2026-01-07T04:00,37,2.0,6.4,8.3,0.0,3.4,0.317,0.0,0.5,7.3,76
2026-01-07T05:00,37,2.5,7.4,12.8,0.0,3.3,0.423,0.0,0.7,7.6,80
2026-01-07T06:00,37,3.3,9.8,17.1,0.0,3.6,0.636,0.0,0.9,8.4,77
2026-01-07T07:00,37,4.7,13.8,25.2,0.0,4.7,0.864,0.0,1.3,9.3,74
2026-01-07T08:00,37,4.1,12.1,24.0,0.0,4.2,0.757,0.0,1.1,10.0,74
2026-01-07T09:00,37,3.8,10.4,17.6,0.0,4.3,0.653,0.0,1.0,11.4,71
2026-01-07T10:00,37,3.0,9.0,15.2,0.0,4.2,0.543,0.0,0.9,11.2,66
2026-01-07T11:00,37,2.8,8.3,13.4,0.0,4.1,0.482,0.0,0.7,12.5,63
2026-01-07T12:00,37,2.8,7.0,12.6,0.0,4.1,0.418,0.0,0.7,13.4,64
2026-01-07T13:00,37,2.8,7.8,11.0,0.0,3.9,0.457,0.0,0.7,13.6,64
2026-01-07T14:00,37,3.2,8.7,12.3,0.0,3.7,0.484,0.0,0.7,13.6,61
2026-01-07T15:00,37,3.3,8.5,14.7,0.0,3.8,0.568,0.0,0.7,13.7,64
2026-01-07T16:00,37,3.9,10.3,16.8,0.0,3.3,0.628,0.0,0.9,12.6,66
2026-01-07T17:00,37,4.7,11.2,20.1,0.0,3.6,0.865,0.0,1.0,12.4,64
2026-01-07T18:00,37,3.8,9.6,18.7,0.0,3.3,0.732,0.0,1.0,12.5,71
2026-01-07T19:00,37,3.1,7.9,15.9,0.0,3.3,0.645,0.0,0.9,11.0,71
2026-01-07T20:00,37,3.2,6.7,12.7,0.0,2.9,0.479,0.0,0.7,9.7,70
2026-01-07T21:00,37,2.6,6.5,10.0,0.0,2.8,0.406,0.0,0.5,9.4,73
2026-01-07T22:00,37,2.3,6.1,8.5,0.0,2.8,0.33,0.0,0.5,8.0,77
2026-01-07T23:00,37,2.2,5.5,7.6,0.0,2.6,0.333,0.0,0.5,7.4,76
2026-01-07T00:00,38,3.6,7.2,15.3,30.5,3.2,0.0,0.0,0.0,6.6,76
2026-01-07T01:00,38,3.3,7.5,12.3,23.8,3.6,0.0,0.0,0.0,6.5,80
2026-01-07T02:00,38,2.8,6.8,13.0,24.4,3.7,0.0,0.0,0.0,5.9,77
2026-01-07T03:00,38,2.7,6.9,12.7,23.7,3.2,0.0,0.0,0.0,6.4,77
2026-01-07T04:00,38,3.0,7.4,14.5,34.5,3.4,0.0,0.0,0.0,6.1,78
2026-01-07T05:00,38,3.8,8.6,19.1,42.5,3.8,0.0,0.0,0.0,8.0,78
2026-01-07T06:00,38,5.0,12.9,26.1,55.8,4.8,0.0,0.0,0.0,7.9,81
2026-01-07T07:00,38,6.2,14.1,39.9,73.0,4.9,0.0,0.0,0.0,9.2,74
2026-01-07T08:00,38,5.3,14.0,40.1,85.4,5.6,0.0,0.0,0.0,10.3,72
2026-01-07T09:00,38,4.8,12.4,31.2,107.6,5.3,0.0,0.0,0.0,10.7,67
2026-01-07T10:00,38,4.1,9.9,21.6,128.7,4.7,0.0,0.0,0.0,12.6,67
2026-01-07T11:00,38,3.6,10.0,21.1,138.0,5.1,0.0,0.0,0.0,12.7,69
2026-01-07T12:00,38,3.2,8.9,20.7,138.6,4.8,0.0,0.0,0.0,13.0,66
2026-01-07T13:00,38,3.2,8.4,20.8,131.1,5.3,0.0,0.0,0.0,13.3,66
2026-01-07T14:00,38,3.3,9.4,21.2,132.2,5.2,0.0,0.0,0.0,13.5,65
2026-01-07T15:00,38,3.5,10.5,22.2,109.3,4.7,0.0,0.0,0.0,13.9,63
2026-01-07T16:00,38,3.8,10.7,29.6,95.3,4.8,0.0,0.0,0.0,12.7,65
2026-01-07T17:00,38,4.2,13.5,33.3,76.4,4.8,0.0,0.0,0.0,12.4,65
2026-01-07T18:00,38,3.4,11.7,30.8,71.7,4.4,0.0,0.0,0.0,11.6,71
2026-01-07T19:00,38,2.8,8.5,22.1,58.6,4.4,0.0,0.0,0.0,11.0,70
2026-01-07T20:00,38,2.6,7.9,18.2,47.2,4.3,0.0,0.0,0.0,10.4,71
2026-01-07T21:00,38,1.9,7.5,14.6,40.7,4.4,0.0,0.0,0.0,9.0,74
2026-01-07T22:00,38,1.8,6.5,14.0,32.8,4.6,0.0,0.0,0.0,8.2,78
2026-01-07T23:00,38,1.7,6.1,13.2,32.9,4.2,0.0,0.0,0.0,7.5,75
2026-01-08T00:00,19,5.8,10.6,17.8,0.0,12.7,0.0,0.0,0.0,7.0,80
2026-01-08T01:00,19,5.4,9.2,14.6,0.0,12.7,0.0,0.0,0.0,6.7,78
2026-01-08T02:00,19,4.6,8.0,13.9,0.0,11.3,0.0,0.0,0.0,6.8,78
2026-01-08T03:00,19,4.9,7.9,15.5,0.0,11.4,0.0,0.0,0.0,7.1,80
2026-01-08T04:00,19,5.0,8.7,18.5,0.0,11.1,0.0,0.0,0.0,6.5,77
2026-01-08T05:00,19,7.1,11.4,24.9,0.0,12.7,0.0,0.0,0.0,7.7,78
2026-01-08T06:00,19,8.9,14.2,36.0,0.0,13.8,0.0,0.0,0.0,8.5,75
2026-01-08T07:00,19,10.7,19.8,55.9,0.0,14.3,0.0,0.0,0.0,8.6,69
2026-01-08T08:00,19,10.3,18.0,56.2,0.0,14.1,0.0,0.0,0.0,10.1,70
2026-01-08T09:00,19,8.6,17.2,47.2,0.0,13.8,0.0,0.0,0.0,10.9,71
2026-01-08T10:00,19,7.5,13.8,35.6,0.0,12.3,0.0,0.0,0.0,12.2,66
2026-01-08T11:00,19,5.9,11.3,33.2,0.0,12.8,0.0,0.0,0.0,12.7,70
2026-01-08T12:00,19,6.5,11.2,34.4,0.0,13.0,0.0,0.0,0.0,12.8,64
2026-01-08T13:00,19,6.2,11.9,33.1,0.0,10.7,0.0,0.0,0.0,12.7,65
2026-01-08T14:00,19,6.6,12.9,35.7,0.0,10.4,0.0,0.0,0.0,13.0,60
2026-01-08T15:00,19,7.1,13.0,38.6,0.0,10.1,0.0,0.0,0.0,13.2,64
2026-01-08T16:00,19,8.8,17.6,43.3,0.0,8.9,0.0,0.0,0.0,13.2,64
2026-01-08T17:00,19,10.3,19.0,60.3,0.0,9.0,0.0,0.0,0.0,12.7,68
2026-01-08T18:00,19,8.5,15.0,58.2,0.0,7.5,0.0,0.0,0.0,11.8,65
2026-01-08T19:00,19,7.1,13.6,49.9,0.0,7.6,0.0,0.0,0.0,10.8,67
2026-01-08T20:00,19,6.1,12.9,36.3,0.0,7.0,0.0,0.0,0.0,9.7,73
2026-01-08T21:00,19,5.4,9.6,34.3,0.0,6.7,0.0,0.0,0.0,9.8,76
2026-01-08T22:00,19,4.7,8.9,27.9,0.0,5.9,0.0,0.0,0.0,8.1,76
2026-01-08T23:00,19,4.6,8.9,24.9,0.0,5.6,0.0,0.0,0.0,7.4,78
2026-01-08T00:00,20,4.2,8.9,17.1,0.0,5.2,0.14,0.0,0.6,6.7,77
2026-01-08T01:00,20,3.9,7.8,16.8,0.0,4.6,0.114,0.0,0.5,6.6,81
2026-01-08T02:00,20,4.2,7.9,15.0,0.0,4.7,0.125,0.0,0.4,6.4,80
2026-01-08T03:00,20,4.0,7.7,16.0,0.0,5.8,0.113,0.0,0.5,6.5,82
2026-01-08T04:00,20,4.5,8.9,19.7,0.0,5.4,0.141,0.0,0.5,6.7,78
2026-01-08T05:00,20,6.1,11.6,25.5,0.0,5.3,0.198,0.0,0.7,7.3,73
2026-01-08T06:00,20,7.3,13.3,38.9,0.0,5.9,0.254,0.0,0.9,8.5,76
2026-01-08T07:00,20,9.8,18.2,54.9,0.0,7.0,0.372,0.0,1.2,8.8,71
2026-01-08T08:00,20,9.1,20.3,57.6,0.0,7.4,0.338,0.0,1.2,9.8,76
2026-01-08T09:00,20,7.1,16.4,45.9,0.0,7.4,0.283,0.0,0.9,11.5,71
2026-01-08T10:00,20,7.2,14.8,42.3,0.0,6.6,0.251,0.0,0.8,11.9,72
2026-01-08T11:00,20,6.8,12.1,33.4,0.0,7.2,0.244,0.0,0.7,12.1,65
2026-01-08T12:00,20,6.5,13.0,35.7,0.0,7.4,0.242,0.0,0.7,13.4,66
2026-01-08T13:00,20,6.3,11.9,37.2,0.0,6.8,0.256,0.0,0.6,13.4,67
2026-01-08T14:00,20,7.0,12.7,40.3,0.0,7.1,0.261,0.0,0.6,13.8,59
2026-01-08T15:00,20,7.8,14.8,40.6,0.0,6.4,0.281,0.0,0.7,13.1,64
2026-01-08T16:00,20,9.8,18.5,52.7,0.0,6.1,0.344,0.0,0.9,12.5,64
2026-01-08T17:00,20,11.4,19.9,70.1,0.0,5.5,0.404,0.0,1.0,12.3,65
2026-01-08T18:00,20,9.9,16.9,63.5,0.0,5.7,0.383,0.0,1.0,11.4,63
2026-01-08T19:00,20,8.3,15.2,56.7,0.0,5.6,0.354,0.0,0.9,10.7,68
2026-01-08T20:00,20,7.3,12.4,44.4,0.0,5.4,0.284,0.0,0.6,10.3,72
2026-01-08T21:00,20,7.1,11.0,33.5,0.0,5.5,0.23,0.0,0.5,9.4,73
2026-01-08T22:00,20,5.9,10.4,31.4,0.0,5.3,0.182,0.0,0.4,7.7,76
2026-01-08T23:00,20,5.6,10.3,30.6,0.0,5.6,0.189,0.0,0.4,6.8,78
2026-01-08T00:00,21,0.0,9.8,18.3,31.0,4.8,0.271,0.0,0.0,7.5,78
2026-01-08T01:00,21,0.0,9.0,14.2,26.3,5.2,0.217,0.0,0.0,6.0,80
2026-01-08T02:00,21,0.0,8.5,12.8,24.2,5.4,0.212,0.0,0.0,5.9,76
2026-01-08T03:00,21,0.0,8.8,13.4,26.0,4.8,0.236,0.0,0.0,6.6,78
2026-01-08T04:00,21,0.0,10.5,14.9,30.8,5.3,0.224,0.0,0.0,7.0,78
2026-01-08T05:00,21,0.0,12.1,21.2,46.7,5.6,0.342,0.0,0.0,7.3,77
2026-01-08T06:00,21,0.0,14.7,28.8,61.2,6.9,0.475,0.0,0.0,7.4,75
2026-01-08T07:00,21,0.0,21.7,44.5,72.1,6.6,0.641,0.0,0.0,8.6,75
2026-01-08T08:00,21,0.0,20.0,43.2,87.4,7.5,0.615,0.0,0.0,9.8,73
2026-01-08T09:00,21,0.0,17.2,31.7,119.8,7.0,0.487,0.0,0.0,10.7,68
2026-01-08T10:00,21,0.0,12.8,25.3,129.2,7.2,0.402,0.0,0.0,11.6,68
2026-01-08T11:00,21,0.0,12.9,23.5,139.2,7.3,0.398,0.0,0.0,13.0,63
2026-01-08T12:00,21,0.0,13.2,23.8,149.4,7.2,0.394,0.0,0.0,13.0,67
2026-01-08T13:00,21,0.0,13.6,24.8,148.4,7.2,0.393,0.0,0.0,13.0,66
2026-01-08T14:00,21,0.0,15.7,23.4,122.1,6.5,0.375,0.0,0.0,13.3,63
2026-01-08T15:00,21,0.0,15.4,26.3,114.6,6.6,0.445,0.0,0.0,13.5,63
2026-01-08T16:00,21,0.0,18.7,33.6,91.3,6.7,0.498,0.0,0.0,12.6,64
2026-01-08T17:00,21,0.0,21.3,39.6,78.3,6.8,0.668,0.0,0.0,13.4,64
2026-01-08T18:00,21,0.0,17.4,38.3,60.9,6.5,0.507,0.0,0.0,12.8,68
2026-01-08T19:00,21,0.0,14.7,30.5,62.9,6.7,0.484,0.0,0.0,11.2,70
2026-01-08T20:00,21,0.0,13.8,26.0,49.1,6.3,0.442,0.0,0.0,9.9,70
2026-01-08T21:00,21,0.0,11.3,18.3,39.7,6.9,0.304,0.0,0.0,8.4,72
2026-01-08T22:00,21,0.0,11.4,16.9,36.3,6.0,0.25,0.0,0.0,8.3,79
2026-01-08T23:00,21,0.0,10.0,15.6,33.7,6.2,0.264,0.0,0.0,7.6,78
2026-01-08T00:00,22,0.0,7.3,20.8,0.0,3.4,0.29,0.0,0.5,7.2,77
2026-01-08T01:00,22,0.0,6.6,18.8,0.0,3.4,0.25,0.0,0.4,6.9,79
2026-01-08T02:00,22,0.0,6.7,18.1,0.0,3.5,0.241,0.0,0.4,7.1,82
2026-01-08T03:00,22,0.0,6.6,19.5,0.0,3.5,0.202,0.0,0.5,6.8,80
2026-01-08T04:00,22,0.0,7.1,22.7,0.0,3.6,0.298,0.0,0.6,6.9,81
2026-01-08T05:00,22,0.0,9.3,32.9,0.0,3.9,0.382,0.0,0.9,6.8,77
2026-01-08T06:00,22,0.0,11.6,45.2,0.0,4.4,0.513,0.0,1.2,8.0,73
2026-01-08T07:00,22,0.0,17.4,65.3,0.0,4.9,0.751,0.0,1.7,8.9,74
2026-01-08T08:00,22,0.0,15.1,66.2,0.0,4.6,0.647,0.0,1.8,9.3,70
2026-01-08T09:00,22,0.0,15.0,53.8,0.0,5.5,0.511,0.0,1.5,11.5,67
2026-01-08T10:00,22,0.0,13.0,43.9,0.0,5.0,0.461,0.0,1.3,11.5,65
2026-01-08T11:00,22,0.0,10.9,41.6,0.0,4.7,0.452,0.0,1.3,12.4,64
2026-01-08T12:00,22,0.0,10.4,37.3,0.0,5.0,0.41,0.0,1.2,12.4,63
2026-01-08T13:00,22,0.0,10.9,39.0,0.0,4.9,0.401,0.0,1.4,13.1,63
2026-01-08T14:00,22,0.0,12.7,42.9,0.0,5.0,0.403,0.0,1.3,14.2,64
2026-01-08T15:00,22,0.0,14.5,44.2,0.0,4.8,0.504,0.0,1.6,13.6,66
2026-01-08T16:00,22,0.0,19.3,58.1,0.0,4.8,0.596,0.0,2.1,12.6,65
2026-01-08T17:00,22,0.0,19.8,65.2,0.0,4.6,0.762,0.0,2.4,12.4,66
2026-01-08T18:00,22,0.0,18.0,63.1,0.0,4.5,0.647,0.0,2.3,11.9,68
2026-01-08T19:00,22,0.0,15.6,53.9,0.0,4.6,0.566,0.0,2.1,10.1,74
2026-01-08T20:00,22,0.0,14.0,50.2,0.0,4.6,0.486,0.0,1.7,10.3,69
2026-01-08T21:00,22,0.0,11.7,39.0,0.0,4.7,0.379,0.0,1.4,9.3,74
2026-01-08T22:00,22,0.0,10.9,30.6,0.0,4.3,0.333,0.0,1.3,7.6,75
2026-01-08T23:00,22,0.0,10.6,33.4,0.0,4.3,0.351,0.0,1.4,7.6,80
2026-01-08T00:00,37,0.0,5.4,7.9,0.0,2.5,0.331,0.0,0.5,7.1,75
2026-01-08T01:00,37,0.1,4.5,7.1,0.0,3.0,0.313,0.0,0.5,6.7,79
2026-01-08T02:00,37,0.3,4.5,7.4,0.0,3.3,0.258,0.0,0.4,6.9,79
2026-01-08T03:00,37,0.4,4.8,7.0,0.0,3.1,0.285,0.0,0.4,6.7,77
2026-01-08T04:00,37,0.6,5.3,8.7,0.0,4.2,0.324,0.0,0.4,6.5,76
2026-01-08T05:00,37,0.9,6.1,12.0,0.0,4.7,0.406,0.0,0.6,7.9,77
2026-01-08T06:00,37,1.4,9.4,19.6,0.0,5.8,0.63,0.0,0.9,7.7,79
2026-01-08T07:00,37,2.1,11.4,31.5,0.0,6.3,0.877,0.0,1.2,9.4,75
2026-01-08T08:00,37,2.6,11.2,29.6,0.0,6.9,0.82,0.0,1.2,9.8,71
2026-01-08T09:00,37,2.4,9.6,25.1,0.0,7.8,0.535,0.0,0.9,11.2,69
2026-01-08T10:00,37,2.3,9.1,19.0,0.0,8.3,0.507,0.0,0.8,11.6,67
2026-01-08T11:00,37,2.1,8.4,16.8,0.0,8.5,0.476,0.0,0.7,12.7,68
2026-01-08T12:00,37,2.3,7.6,19.7,0.0,8.8,0.461,0.0,0.7,13.1,64
2026-01-08T13:00,37,2.4,8.3,19.4,0.0,9.4,0.42,0.0,0.7,13.1,62
2026-01-08T14:00,37,2.8,8.4,21.5,0.0,9.2,0.457,0.0,0.7,13.0,61
2026-01-08T15:00,37,3.9,10.2,24.2,0.0,9.3,0.535,0.0,0.8,12.6,64
2026-01-08T16:00,37,4.6,11.6,29.8,0.0,8.0,0.614,0.0,0.9,13.0,65
2026-01-08T17:00,37,5.2,14.6,36.9,0.0,10.2,0.797,0.0,1.2,12.7,68
2026-01-08T18:00,37,5.4,11.2,36.3,0.0,9.8,0.684,0.0,1.0,12.2,68
2026-01-08T19:00,37,4.4,10.1,28.5,0.0,9.7,0.592,0.0,1.0,11.3,65
2026-01-08T20:00,37,3.7,9.5,23.9,0.0,8.9,0.514,0.0,0.8,10.0,70
2026-01-08T21:00,37,3.7,8.3,19.7,0.0,10.0,0.403,0.0,0.7,9.6,73
2026-01-08T22:00,37,3.5,7.8,16.4,0.0,9.1,0.309,0.0,0.6,8.1,72
2026-01-08T23:00,37,3.5,7.5,17.4,0.0,10.5,0.328,0.0,0.6,7.4,73
2026-01-08T00:00,38,1.4,6.1,13.1,30.3,4.1,0.0,0.0,0.0,6.9,82
2026-01-08T01:00,38,1.4,5.3,10.1,26.2,4.1,0.0,0.0,0.0,6.6,80
2026-01-08T02:00,38,1.3,5.4,10.2,23.4,4.2,0.0,0.0,0.0,7.2,81
2026-01-08T03:00,38,1.3,5.3,10.9,23.8,4.4,0.0,0.0,0.0,6.6,78
2026-01-08T04:00,38,1.4,6.3,12.5,32.6,4.1,0.0,0.0,0.0,7.0,80
2026-01-08T05:00,38,1.9,7.0,17.2,48.7,4.5,0.0,0.0,0.0,7.3,79
2026-01-08T06:00,38,2.4,9.9,22.3,59.8,5.0,0.0,0.0,0.0,8.1,73
2026-01-08T07:00,38,2.7,14.3,34.5,81.5,5.3,0.0,0.0,0.0,9.2,73
2026-01-08T08:00,38,2.6,13.2,33.2,96.0,5.4,0.0,0.0,0.0,9.5,68
2026-01-08T09:00,38,2.4,11.3,24.2,112.7,5.3,0.0,0.0,0.0,11.0,67
2026-01-08T10:00,38,2.3,10.2,21.1,141.5,4.9,0.0,0.0,0.0,12.0,68
2026-01-08T11:00,38,1.8,8.8,18.2,150.0,5.6,0.0,0.0,0.0,12.3,69
2026-01-08T12:00,38,1.8,8.5,19.7,147.2,4.9,0.0,0.0,0.0,12.9,64
2026-01-08T13:00,38,1.8,8.6,18.4,145.0,4.7,0.0,0.0,0.0,14.0,67
2026-01-08T14:00,38,2.1,9.9,19.2,137.1,4.5,0.0,0.0,0.0,12.9,63
2026-01-08T15:00,38,2.2,11.6,22.2,120.8,4.5,0.0,0.0,0.0,13.5,64
2026-01-08T16:00,38,2.7,12.9,23.4,91.9,4.2,0.0,0.0,0.0,12.6,64
2026-01-08T17:00,38,2.9,15.0,26.9,72.1,4.6,0.0,0.0,0.0,11.4,68
2026-01-08T18:00,38,2.5,12.4,27.4,77.5,4.1,0.0,0.0,0.0,11.7,65
2026-01-08T19:00,38,2.2,10.8,23.7,57.7,3.8,0.0,0.0,0.0,10.8,69
2026-01-08T20:00,38,2.1,10.1,20.0,54.2,4.1,0.0,0.0,0.0,10.6,72
2026-01-08T21:00,38,1.8,9.1,15.7,43.3,3.7,0.0,0.0,0.0,8.9,72
2026-01-08T22:00,38,1.6,9.4,13.9,34.5,3.7,0.0,0.0,0.0,8.2,73
2026-01-08T23:00,38,1.7,8.4,12.8,34.9,3.6,0.0,0.0,0.0,7.5,78
2026-01-09T00:00,19,4.7,9.4,26.0,0.0,5.0,0.0,0.0,0.0,7.0,78
2026-01-09T01:00,19,3.7,7.9,23.2,0.0,5.1,0.0,0.0,0.0,6.4,78
2026-01-09T02:00,19,3.9,7.6,21.5,0.0,5.0,0.0,0.0,0.0,6.1,82
2026-01-09T03:00,19,3.7,8.0,21.8,0.0,5.3,0.0,0.0,0.0,5.7,81
2026-01-09T04:00,19,3.7,8.1,23.6,0.0,5.4,0.0,0.0,0.0,6.4,78
2026-01-09T05:00,19,4.6,10.5,34.7,0.0,5.8,0.0,0.0,0.0,7.1,78
2026-01-09T06:00,19,5.8,12.3,42.5,0.0,6.4,0.0,0.0,0.0,8.3,73
2026-01-09T07:00,19,7.6,16.7,61.7,0.0,7.5,0.0,0.0,0.0,10.2,74
2026-01-09T08:00,19,6.5,16.7,60.8,0.0,7.0,0.0,0.0,0.0,9.3,71
2026-01-09T09:00,19,5.4,13.4,47.7,0.0,6.9,0.0,0.0,0.0,11.0,68
2026-01-09T10:00,19,5.6,10.5,37.4,0.0,6.5,0.0,0.0,0.0,11.8,70
2026-01-09T11:00,19,4.3,9.4,31.8,0.0,6.5,0.0,0.0,0.0,12.8,67
2026-01-09T12:00,19,3.9,9.5,31.5,0.0,7.3,0.0,0.0,0.0,13.5,63
2026-01-09T13:00,19,4.1,9.2,30.1,0.0,7.0,0.0,0.0,0.0,12.7,65
2026-01-09T14:00,19,4.5,10.4,31.9,0.0,6.3,0.0,0.0,0.0,13.7,66
2026-01-09T15:00,19,4.9,11.9,30.0,0.0,6.2,0.0,0.0,0.0,13.4,65
2026-01-09T16:00,19,4.8,13.9,40.4,0.0,6.2,0.0,0.0,0.0,13.6,64
2026-01-09T17:00,19,5.8,14.4,43.8,0.0,6.4,0.0,0.0,0.0,12.8,65
2026-01-09T18:00,19,4.8,13.7,37.2,0.0,5.2,0.0,0.0,0.0,11.7,66
2026-01-09T19:00,19,4.1,10.6,33.3,0.0,5.7,0.0,0.0,0.0,10.9,70
2026-01-09T20:00,19,3.3,9.2,27.5,0.0,6.0,0.0,0.0,0.0,10.0,72
2026-01-09T21:00,19,3.2,8.8,20.3,0.0,5.8,0.0,0.0,0.0,9.2,71
2026-01-09T22:00,19,2.5,7.6,16.5,0.0,5.5,0.0,0.0,0.0,8.3,75
2026-01-09T23:00,19,2.5,6.4,16.1,0.0,5.0,0.0,0.0,0.0,7.8,76
2026-01-09T00:00,20,6.6,9.5,31.8,0.0,5.2,0.203,0.0,0.4,6.8,75
2026-01-09T01:00,20,5.5,8.7,24.7,0.0,5.4,0.162,0.0,0.3,6.3,78
2026-01-09T02:00,20,4.9,7.9,27.1,0.0,5.3,0.163,0.0,0.3,6.4,81
2026-01-09T03:00,20,4.4,7.9,26.0,0.0,5.0,0.146,0.0,0.3,6.3,79
2026-01-09T04:00,20,4.3,9.5,27.5,0.0,5.4,0.169,0.0,0.3,6.7,78
2026-01-09T05:00,20,6.7,10.9,38.4,0.0,5.0,0.244,0.0,0.6,7.7,77
2026-01-09T06:00,20,7.3,12.8,56.3,0.0,6.3,0.332,0.0,0.7,8.4,75
2026-01-09T07:00,20,10.6,17.8,80.8,0.0,6.3,0.453,0.0,1.0,8.9,73
2026-01-09T08:00,20,9.8,17.3,84.8,0.0,6.8,0.439,0.0,1.0,10.4,72
2026-01-09T09:00,20,7.7,14.8,57.8,0.0,7.0,0.317,0.0,0.7,10.7,71
2026-01-09T10:00,20,6.7,12.3,52.9,0.0,6.1,0.259,0.0,0.6,12.1,67
2026-01-09T11:00,20,6.3,10.9,46.2,0.0,6.5,0.252,0.0,0.5,12.1,64
2026-01-09T12:00,20,5.6,10.2,43.7,0.0,6.6,0.24,0.0,0.5,12.2,64
2026-01-09T13:00,20,5.7,8.7,42.0,0.0,5.6,0.23,0.0,0.5,12.7,61
2026-01-09T14:00,20,5.8,10.0,50.8,0.0,6.2,0.221,0.0,0.5,14.3,64
2026-01-09T15:00,20,5.8,10.7,47.7,0.0,5.3,0.252,0.0,0.5,13.7,64
2026-01-09T16:00,20,7.3,13.4,64.3,0.0,5.7,0.281,0.0,0.6,13.0,61
2026-01-09T17:00,20,7.6,14.5,70.9,0.0,5.6,0.347,0.0,0.8,12.7,64
2026-01-09T18:00,20,6.0,12.5,70.3,0.0,5.3,0.364,0.0,0.7,12.0,73
2026-01-09T19:00,20,5.0,10.2,64.5,0.0,4.8,0.275,0.0,0.7,11.2,68
2026-01-09T20:00,20,4.4,8.7,50.0,0.0,5.3,0.212,0.0,0.5,9.2,69
2026-01-09T21:00,20,4.1,7.8,34.3,0.0,4.9,0.166,0.0,0.4,8.4,71
2026-01-09T22:00,20,3.4,6.2,34.2,0.0,4.7,0.136,0.0,0.4,8.6,76
2026-01-09T23:00,20,3.3,6.3,30.3,0.0,4.4,0.135,0.0,0.4,7.3,79
2026-01-09T00:00,21,0.0,10.4,17.7,32.1,5.8,0.285,0.0,0.0,6.4,79
2026-01-09T01:00,21,0.0,9.3,13.8,24.7,5.7,0.235,0.0,0.0,7.2,80
2026-01-09T02:00,21,0.0,8.6,12.1,22.2,5.7,0.208,0.0,0.0,6.6,79
2026-01-09T03:00,21,0.0,7.8,11.3,24.6,5.4,0.223,0.0,0.0,6.8,79
2026-01-09T04:00,21,0.0,8.9,13.1,30.4,5.8,0.232,0.0,0.0,6.4,76
2026-01-09T05:00,21,0.0,10.8,17.3,41.6,5.7,0.331,0.0,0.0,7.8,75
2026-01-09T06:00,21,0.0,14.2,24.7,56.7,6.1,0.464,0.0,0.0,8.7,78
2026-01-09T07:00,21,0.0,18.3,34.8,81.8,6.8,0.646,0.0,0.0,9.1,72
2026-01-09T08:00,21,0.0,18.8,31.9,98.4,6.3,0.617,0.0,0.0,9.5,72
2026-01-09T09:00,21,0.0,13.1,25.8,103.6,6.6,0.5,0.0,0.0,11.2,71
2026-01-09T10:00,21,0.0,12.5,17.9,120.8,6.1,0.419,0.0,0.0,11.9,63
2026-01-09T11:00,21,0.0,11.3,15.5,135.1,6.1,0.416,0.0,0.0,12.9,69
2026-01-09T12:00,21,0.0,10.2,14.4,148.8,5.7,0.357,0.0,0.0,13.2,69
2026-01-09T13:00,21,0.0,10.4,13.4,138.6,5.9,0.365,0.0,0.0,14.3,61
2026-01-09T14:00,21,0.0,11.8,13.5,139.1,4.5,0.401,0.0,0.0,13.6,61
2026-01-09T15:00,21,0.0,12.7,12.6,113.5,4.6,0.405,0.0,0.0,13.0,64
2026-01-09T16:00,21,0.0,14.9,15.8,94.7,4.5,0.497,0.0,0.0,13.2,63
2026-01-09T17:00,21,0.0,14.9,19.3,71.4,4.5,0.652,0.0,0.0,12.4,68
2026-01-09T18:00,21,0.0,12.0,16.7,74.0,3.4,0.58,0.0,0.0,12.4,70
2026-01-09T19:00,21,0.0,11.0,12.4,56.5,3.7,0.515,0.0,0.0,11.4,68
2026-01-09T20:00,21,0.0,9.4,8.0,47.4,3.4,0.415,0.0,0.0,9.7,73
2026-01-09T21:00,21,0.0,8.5,6.6,44.4,3.5,0.333,0.0,0.0,9.6,77
2026-01-09T22:00,21,0.0,7.2,5.5,35.6,3.1,0.262,0.0,0.0,7.6,76
2026-01-09T23:00,21,0.0,6.7,4.4,33.7,2.7,0.259,0.0,0.0,8.0,75
2026-01-09T00:00,22,0.0,10.5,29.4,0.0,4.5,0.334,0.0,1.5,7.0,79
2026-01-09T01:00,22,0.0,9.3,25.9,0.0,4.4,0.266,0.0,1.3,7.1,77
2026-01-09T02:00,22,0.0,9.5,26.6,0.0,4.0,0.247,0.0,1.0,6.3,79
2026-01-09T03:00,22,0.0,8.9,23.7,0.0,4.1,0.262,0.0,1.1,6.7,80
2026-01-09T04:00,22,0.0,9.3,27.6,0.0,4.2,0.283,0.0,1.3,6.6,81
2026-01-09T05:00,22,0.0,12.0,44.0,0.0,4.8,0.391,0.0,1.7,7.5,79
2026-01-09T06:00,22,0.0,15.2,51.6,0.0,5.0,0.488,0.0,2.4,8.6,73
2026-01-09T07:00,22,0.0,17.6,72.7,0.0,5.7,0.713,0.0,3.2,9.6,68
2026-01-09T08:00,22,0.0,17.0,74.4,0.0,6.3,0.606,0.0,3.2,10.5,75
2026-01-09T09:00,22,0.0,14.5,58.3,0.0,5.4,0.482,0.0,2.4,10.8,68
2026-01-09T10:00,22,0.0,13.3,51.9,0.0,5.8,0.384,0.0,2.2,12.2,65
2026-01-09T11:00,22,0.0,12.0,43.1,0.0,6.2,0.344,0.0,1.9,12.4,66
2026-01-09T12:00,22,0.0,11.7,41.1,0.0,5.8,0.337,0.0,2.1,13.3,66
2026-01-09T13:00,22,0.0,10.6,39.5,0.0,5.7,0.325,0.0,2.0,13.8,65
2026-01-09T14:00,22,0.0,10.5,43.7,0.0,5.0,0.324,0.0,1.9,13.3,62
2026-01-09T15:00,22,0.0,11.6,46.0,0.0,5.8,0.327,0.0,2.2,13.5,61
2026-01-09T16:00,22,0.0,12.9,56.6,0.0,5.3,0.379,0.0,2.7,13.7,68
2026-01-09T17:00,22,0.0,14.2,65.7,0.0,4.9,0.447,0.0,2.9,12.9,67
2026-01-09T18:00,22,0.0,12.4,63.0,0.0,4.9,0.392,0.0,3.1,12.1,68
2026-01-09T19:00,22,0.0,10.4,54.0,0.0,4.5,0.34,0.0,2.4,10.4,71
2026-01-09T20:00,22,0.0,9.6,40.3,0.0,4.6,0.245,0.0,2.1,10.2,73
2026-01-09T21:00,22,0.0,7.7,33.8,0.0,4.8,0.186,0.0,1.6,9.3,68
2026-01-09T22:00,22,0.0,6.9,28.5,0.0,4.3,0.155,0.0,1.4,8.0,79
2026-01-09T23:00,22,0.0,6.5,26.2,0.0,4.4,0.139,0.0,1.4,7.8,82
2026-01-09T00:00,37,3.8,7.5,17.3,0.0,9.7,0.333,0.0,0.6,6.9,76
2026-01-09T01:00,37,3.2,6.2,14.2,0.0,9.7,0.273,0.0,0.5,7.4,80
2026-01-09T02:00,37,3.2,6.2,13.7,0.0,9.8,0.272,0.0,0.4,6.6,84
2026-01-09T03:00,37,2.9,5.9,13.7,0.0,9.5,0.285,0.0,0.4,6.8,78
2026-01-09T04:00,37,3.1,6.3,16.0,0.0,9.1,0.286,0.0,0.5,7.2,77
2026-01-09T05:00,37,4.0,7.3,21.6,0.0,9.3,0.414,0.0,0.6,7.5,76
2026-01-09T06:00,37,5.4,9.6,33.6,0.0,10.8,0.587,0.0,0.8,8.9,71
2026-01-09T07:00,37,7.3,11.7,43.5,0.0,10.9,0.825,0.0,1.2,8.9,73
2026-01-09T08:00,37,5.7,12.0,40.4,0.0,11.8,0.769,0.0,1.1,10.2,73
2026-01-09T09:00,37,5.2,10.3,33.1,0.0,11.8,0.645,0.0,0.8,10.7,67
2026-01-09T10:00,37,4.4,9.0,24.8,0.0,10.3,0.524,0.0,0.7,11.6,66
2026-01-09T11:00,37,4.0,8.1,22.8,0.0,9.8,0.469,0.0,0.6,12.6,65
2026-01-09T12:00,37,3.5,7.7,22.7,0.0,9.8,0.468,0.0,0.6,13.2,64
2026-01-09T13:00,37,3.3,7.2,22.9,0.0,8.6,0.474,0.0,0.6,13.4,64
2026-01-09T14:00,37,3.7,7.8,23.3,0.0,9.0,0.5,0.0,0.6,13.4,67
2026-01-09T15:00,37,3.9,8.3,22.7,0.0,8.1,0.518,0.0,0.6,12.5,60
2026-01-09T16:00,37,4.9,10.2,27.3,0.0,7.6,0.627,0.0,0.8,12.9,66
2026-01-09T17:00,37,5.4,11.2,36.9,0.0,7.6,0.824,0.0,1.0,12.4,68
2026-01-09T18:00,37,4.8,9.2,35.2,0.0,6.7,0.69,0.0,0.8,11.2,67
2026-01-09T19:00,37,3.5,7.1,28.2,0.0,5.8,0.599,0.0,0.7,10.6,69
2026-01-09T20:00,37,3.1,6.4,22.0,0.0,5.1,0.473,0.0,0.5,10.4,66
2026-01-09T21:00,37,2.9,5.5,16.3,0.0,5.3,0.402,0.0,0.4,8.8,71
2026-01-09T22:00,37,2.5,4.6,14.9,0.0,4.3,0.336,0.0,0.4,8.0,78
2026-01-09T23:00,37,2.2,4.6,12.7,0.0,4.5,0.336,0.0,0.4,7.9,77
2026-01-09T00:00,38,0.0,8.8,0.0,33.9,3.3,0.0,0.0,0.0,7.0,78
2026-01-09T01:00,38,0.1,7.4,0.1,27.5,3.4,0.0,0.0,0.0,6.7,73
2026-01-09T02:00,38,0.1,7.2,0.2,23.2,3.6,0.0,0.0,0.0,6.4,79
2026-01-09T03:00,38,0.2,7.0,0.3,23.9,3.2,0.0,0.0,0.0,6.6,81
2026-01-09T04:00,38,0.2,7.3,0.5,31.6,3.6,0.0,0.0,0.0,6.2,79
2026-01-09T05:00,38,0.3,7.8,0.9,43.9,3.9,0.0,0.0,0.0,8.0,80
2026-01-09T06:00,38,0.6,11.0,1.4,58.1,3.9,0.0,0.0,0.0,7.6,73
2026-01-09T07:00,38,0.8,13.9,2.5,75.6,4.6,0.0,0.0,0.0,9.1,76
2026-01-09T08:00,38,0.9,12.2,2.9,102.6,4.9,0.0,0.0,0.0,8.7,74
2026-01-09T09:00,38,0.9,11.0,2.3,104.1,5.0,0.0,0.0,0.0,10.2,70
2026-01-09T10:00,38,0.8,9.6,2.2,132.6,4.8,0.0,0.0,0.0,11.9,69
2026-01-09T11:00,38,0.9,7.7,2.3,154.2,4.4,0.0,0.0,0.0,12.3,67
2026-01-09T12:00,38,0.9,8.1,2.2,150.9,4.1,0.0,0.0,0.0,13.6,66
2026-01-09T13:00,38,1.0,8.2,2.3,127.4,4.4,0.0,0.0,0.0,13.2,63
2026-01-09T14:00,38,1.3,9.4,2.7,132.6,4.4,0.0,0.0,0.0,13.3,62
2026-01-09T15:00,38,1.3,8.0,3.3,119.7,4.3,0.0,0.0,0.0,13.9,64
2026-01-09T16:00,38,1.9,10.0,4.1,99.5,4.1,0.0,0.0,0.0,12.5,64
2026-01-09T17:00,38,2.1,11.4,5.7,77.5,4.5,0.0,0.0,0.0,12.7,65
2026-01-09T18:00,38,1.9,9.3,5.4,73.0,4.1,0.0,0.0,0.0,11.5,68
2026-01-09T19:00,38,1.8,8.0,5.1,62.5,3.7,0.0,0.0,0.0,11.3,68
2026-01-09T20:00,38,1.6,6.4,4.1,53.4,3.9,0.0,0.0,0.0,10.0,71
2026-01-09T21:00,38,1.5,6.1,3.3,45.6,4.0,0.0,0.0,0.0,9.5,73
2026-01-09T22:00,38,1.4,5.0,3.1,33.9,3.3,0.0,0.0,0.0,8.3,73
2026-01-09T23:00,38,1.4,4.7,3.0,32.8,3.8,0.0,0.0,0.0,7.8,77
2026-01-10T00:00,19,2.2,6.7,14.6,0.0,0.0,0.0,0.0,0.0,7.6,75
2026-01-10T01:00,19,1.9,5.9,12.3,0.0,0.2,0.009,0.0,0.0,6.9,79
2026-01-10T02:00,19,1.8,6.1,12.5,0.0,0.4,0.017,0.0,0.0,6.4,80
2026-01-10T03:00,19,2.1,5.9,11.2,0.0,0.6,0.026,0.0,0.0,6.6,78
2026-01-10T04:00,19,2.4,6.6,13.5,0.0,0.8,0.043,0.0,0.0,7.3,81
2026-01-10T05:00,19,2.9,8.0,19.8,0.0,1.2,0.072,0.0,0.0,6.8,79
2026-01-10T06:00,19,4.3,11.1,25.5,0.0,1.6,0.124,0.0,0.0,8.0,78
2026-01-10T07:00,19,5.0,14.8,40.9,0.0,1.9,0.185,0.0,0.0,9.6,73
2026-01-10T08:00,19,5.1,13.7,41.4,0.0,2.3,0.199,0.0,0.0,10.1,71
2026-01-10T09:00,19,4.2,13.3,27.7,0.0,2.5,0.173,0.0,0.0,11.1,72
2026-01-10T10:00,19,4.3,11.3,21.9,0.0,2.8,0.172,0.0,0.0,11.4,67
2026-01-10T11:00,19,3.7,10.5,20.8,0.0,2.9,0.167,0.0,0.0,12.0,63
2026-01-10T12:00,19,3.4,10.5,18.6,0.0,3.5,0.182,0.0,0.0,12.8,63
2026-01-10T13:00,19,4.1,10.1,19.5,0.0,3.5,0.189,0.0,0.0,13.6,61
2026-01-10T14:00,19,4.0,10.3,19.8,0.0,3.8,0.239,0.0,0.0,13.5,67
2026-01-10T15:00,19,4.8,12.5,22.9,0.0,3.8,0.269,0.0,0.0,14.0,65
2026-01-10T16:00,19,5.8,15.4,23.9,0.0,3.9,0.314,0.0,0.0,13.4,61
2026-01-10T17:00,19,6.2,17.9,32.9,0.0,4.4,0.44,0.0,0.0,12.7,67
2026-01-10T18:00,19,5.6,16.5,31.0,0.0,4.4,0.428,0.0,0.0,12.2,69
2026-01-10T19:00,19,4.8,12.9,23.7,0.0,4.4,0.373,0.0,0.0,11.0,71
2026-01-10T20:00,19,4.7,11.5,19.7,0.0,4.5,0.311,0.0,0.0,8.9,69
2026-01-10T21:00,19,4.0,10.6,16.6,0.0,4.9,0.279,0.0,0.0,9.8,73
2026-01-10T22:00,19,3.5,10.7,13.9,0.0,4.5,0.249,0.0,0.0,8.3,75
2026-01-10T23:00,19,3.6,9.0,13.4,0.0,5.0,0.236,0.0,0.0,7.2,76
2026-01-10T00:00,20,3.2,6.0,0.0,0.0,4.2,0.14,0.0,0.4,6.7,77
2026-01-10T01:00,20,2.7,5.5,0.0,0.0,4.5,0.121,0.0,0.3,6.7,80
2026-01-10T02:00,20,2.6,5.2,0.0,0.0,4.4,0.115,0.0,0.3,6.2,79
2026-01-10T03:00,20,2.6,5.6,0.0,0.0,5.0,0.113,0.0,0.3,7.3,78
2026-01-10T04:00,20,2.9,5.9,0.0,0.0,4.8,0.14,0.0,0.4,6.8,78
2026-01-10T05:00,20,3.7,7.9,0.0,0.0,5.1,0.196,0.0,0.5,7.8,79
2026-01-10T06:00,20,4.8,10.1,0.0,0.0,6.1,0.264,0.0,0.7,7.6,77
2026-01-10T07:00,20,6.1,14.1,0.0,0.0,6.6,0.363,0.0,1.1,9.5,69
2026-01-10T08:00,20,6.4,13.0,0.0,0.0,7.1,0.364,0.0,1.0,10.0,70
2026-01-10T09:00,20,4.9,10.9,0.0,0.0,7.8,0.311,0.0,0.8,11.2,71
2026-01-10T10:00,20,4.4,9.6,0.0,0.0,6.5,0.271,0.0,0.8,12.0,65
2026-01-10T11:00,20,4.4,10.0,0.0,0.0,6.7,0.217,0.0,0.6,13.0,65
2026-01-10T12:00,20,4.2,9.2,0.0,0.0,7.9,0.241,0.0,0.6,13.2,66
2026-01-10T13:00,20,4.2,9.4,0.0,0.0,6.9,0.233,0.0,0.7,13.9,63
2026-01-10T14:00,20,4.4,11.0,0.0,0.0,7.4,0.233,0.0,0.7,13.3,64
2026-01-10T15:00,20,5.0,12.0,0.0,0.0,6.9,0.279,0.0,0.8,13.5,61
2026-01-10T16:00,20,6.4,14.7,0.0,0.0,7.2,0.33,0.0,1.0,13.1,63
2026-01-10T17:00,20,7.2,17.1,0.0,0.0,7.0,0.411,0.0,1.2,12.4,67
2026-01-10T18:00,20,6.0,14.1,0.0,0.0,6.3,0.389,0.0,1.2,10.9,66
2026-01-10T19:00,20,5.4,12.5,0.0,0.0,6.4,0.336,0.0,1.0,10.9,71
2026-01-10T20:00,20,4.6,10.5,0.0,0.0,7.3,0.271,0.0,0.8,9.8,71
2026-01-10T21:00,20,4.5,9.2,0.0,0.0,6.3,0.229,0.0,0.6,9.2,74
2026-01-10T22:00,20,3.8,9.7,0.0,0.0,7.3,0.202,0.0,0.6,8.5,76
2026-01-10T23:00,20,3.3,8.5,0.0,0.0,6.7,0.196,0.0,0.7,7.5,78
2026-01-10T00:00,21,0.0,6.6,3.6,34.4,2.8,0.259,0.0,0.0,6.8,79
2026-01-10T01:00,21,0.0,5.9,3.2,25.9,2.9,0.214,0.0,0.0,6.5,78
2026-01-10T02:00,21,0.0,5.8,3.0,25.7,2.6,0.221,0.0,0.0,7.0,83
2026-01-10T03:00,21,0.0,6.2,2.9,22.7,2.6,0.221,0.0,0.0,5.7,76
2026-01-10T04:00,21,0.0,6.2,3.9,34.1,2.7,0.239,0.0,0.0,7.0,79
2026-01-10T05:00,21,0.0,8.3,4.7,43.5,3.0,0.329,0.0,0.0,7.5,77
2026-01-10T06:00,21,0.0,11.2,6.6,59.7,3.5,0.488,0.0,0.0,8.4,77
2026-01-10T07:00,21,0.0,15.4,10.0,76.0,3.6,0.703,0.0,0.0,8.7,74
2026-01-10T08:00,21,0.0,15.3,9.3,103.3,4.0,0.625,0.0,0.0,10.6,72
2026-01-10T09:00,21,0.0,13.1,7.4,121.6,4.0,0.43,0.0,0.0,11.0,68
2026-01-10T10:00,21,0.0,11.7,5.8,129.2,4.2,0.408,0.0,0.0,11.7,66
2026-01-10T11:00,21,0.0,11.5,6.0,144.2,4.2,0.324,0.0,0.0,12.2,66
2026-01-10T12:00,21,0.0,10.9,4.8,144.7,3.7,0.301,0.0,0.0,12.7,62
2026-01-10T13:00,21,0.0,11.5,4.9,146.7,3.5,0.305,0.0,0.0,13.1,65
2026-01-10T14:00,21,0.0,10.8,5.1,133.5,4.0,0.332,0.0,0.0,13.5,66
2026-01-10T15:00,21,0.0,14.0,5.7,121.5,4.0,0.335,0.0,0.0,13.4,59
2026-01-10T16:00,21,0.0,15.6,6.1,93.5,3.4,0.39,0.0,0.0,13.0,66
2026-01-10T17:00,21,0.0,20.1,8.1,72.4,3.6,0.542,0.0,0.0,12.3,66
2026-01-10T18:00,21,0.0,16.1,7.4,63.9,3.6,0.492,0.0,0.0,12.4,67
2026-01-10T19:00,21,0.0,13.3,6.5,57.5,3.7,0.389,0.0,0.0,10.7,72
2026-01-10T20:00,21,0.0,13.4,4.9,55.7,3.6,0.332,0.0,0.0,9.5,72
2026-01-10T21:00,21,0.0,11.2,4.0,38.3,3.5,0.248,0.0,0.0,9.4,71
2026-01-10T22:00,21,0.0,11.0,3.7,33.2,3.6,0.198,0.0,0.0,8.3,78
2026-01-10T23:00,21,0.0,10.7,3.0,31.5,3.5,0.197,0.0,0.0,7.4,74
2026-01-10T00:00,22,0.0,5.6,26.6,0.0,4.3,0.137,0.0,1.6,7.8,78
2026-01-10T01:00,22,0.0,4.9,22.8,0.0,3.8,0.121,0.0,1.2,6.7,80
2026-01-10T02:00,22,0.0,4.9,21.5,0.0,4.2,0.105,0.0,1.2,7.3,78
2026-01-10T03:00,22,0.0,5.3,20.9,0.0,4.1,0.123,0.0,1.0,7.0,82
2026-01-10T04:00,22,0.0,5.5,19.9,0.0,4.1,0.14,0.0,1.3,6.4,80
2026-01-10T05:00,22,0.0,7.1,31.0,0.0,5.1,0.199,0.0,1.7,7.4,77
2026-01-10T06:00,22,0.0,8.8,42.4,0.0,5.1,0.272,0.0,2.2,8.6,81
2026-01-10T07:00,22,0.0,11.8,56.5,0.0,5.8,0.359,0.0,3.2,9.0,74
2026-01-10T08:00,22,0.0,12.2,54.0,0.0,5.7,0.387,0.0,2.7,10.7,70
2026-01-10T09:00,22,0.0,10.5,40.9,0.0,6.2,0.285,0.0,2.3,10.8,68
2026-01-10T10:00,22,0.0,9.0,35.9,0.0,5.6,0.27,0.0,1.9,11.7,67
2026-01-10T11:00,22,0.0,8.2,29.9,0.0,6.1,0.225,0.0,1.9,12.7,70
2026-01-10T12:00,22,0.0,8.4,27.1,0.0,5.4,0.233,0.0,1.7,13.2,64
2026-01-10T13:00,22,0.0,7.9,26.0,0.0,4.8,0.235,0.0,1.7,13.5,62
2026-01-10T14:00,22,0.0,8.9,24.8,0.0,5.2,0.238,0.0,1.6,13.3,65
2026-01-10T15:00,22,0.0,10.1,27.5,0.0,5.2,0.258,0.0,1.6,13.4,62
2026-01-10T16:00,22,0.0,9.9,29.0,0.0,5.7,0.334,0.0,1.9,14.1,62
2026-01-10T17:00,22,0.0,13.3,35.2,0.0,5.0,0.429,0.0,2.5,12.8,67
2026-01-10T18:00,22,0.0,10.0,32.0,0.0,5.1,0.37,0.0,2.2,12.1,65
2026-01-10T19:00,22,0.0,10.4,28.2,0.0,4.9,0.294,0.0,1.8,10.6,71
2026-01-10T20:00,22,0.0,8.2,18.7,0.0,4.9,0.277,0.0,1.5,10.9,72
2026-01-10T21:00,22,0.0,7.8,15.0,0.0,4.5,0.23,0.0,1.1,9.5,75
2026-01-10T22:00,22,0.0,7.4,11.8,0.0,4.4,0.195,0.0,1.0,7.9,72
2026-01-10T23:00,22,0.0,6.7,11.2,0.0,3.9,0.223,0.0,1.0,7.7,75
2026-01-10T00:00,37,2.3,4.5,14.0,0.0,4.6,0.363,0.0,0.4,6.9,77
2026-01-10T01:00,37,1.9,4.1,11.2,0.0,4.4,0.265,0.0,0.3,6.5,78
2026-01-10T02:00,37,1.9,4.0,10.1,0.0,4.1,0.282,0.0,0.3,6.2,79
2026-01-10T03:00,37,2.0,3.9,9.5,0.0,4.0,0.262,0.0,0.3,6.3,80
2026-01-10T04:00,37,2.2,4.0,11.0,0.0,4.3,0.294,0.0,0.3,7.2,78
2026-01-10T05:00,37,2.7,4.6,15.7,0.0,4.2,0.456,0.0,0.5,6.3,78
2026-01-10T06:00,37,3.3,6.4,20.7,0.0,4.6,0.611,0.0,0.6,7.9,77
2026-01-10T07:00,37,4.4,8.4,28.9,0.0,5.0,0.848,0.0,1.0,9.4,72
2026-01-10T08:00,37,4.2,7.7,29.3,0.0,5.2,0.949,0.0,0.9,9.7,73
2026-01-10T09:00,37,3.9,6.8,20.1,0.0,4.9,0.677,0.0,0.7,11.0,69
2026-01-10T10:00,37,3.1,5.6,17.0,0.0,4.8,0.586,0.0,0.6,11.6,65
2026-01-10T11:00,37,3.1,5.9,14.4,0.0,4.3,0.546,0.0,0.5,12.1,63
2026-01-10T12:00,37,2.9,5.0,12.4,0.0,4.7,0.5,0.0,0.5,12.6,64
2026-01-10T13:00,37,2.9,5.1,12.2,0.0,4.2,0.49,0.0,0.5,13.6,65
2026-01-10T14:00,37,3.2,5.3,13.7,0.0,4.1,0.549,0.0,0.5,13.3,61
2026-01-10T15:00,37,3.3,5.9,14.2,0.0,4.0,0.584,0.0,0.6,12.8,64
2026-01-10T16:00,37,3.6,7.2,15.0,0.0,3.9,0.775,0.0,0.8,12.8,65
2026-01-10T17:00,37,4.5,7.8,17.6,0.0,3.8,0.958,0.0,0.8,12.4,66
2026-01-10T18:00,37,4.1,6.9,15.8,0.0,3.2,0.887,0.0,0.9,11.7,64
2026-01-10T19:00,37,3.3,5.6,13.0,0.0,3.3,0.681,0.0,0.7,11.1,70
2026-01-10T20:00,37,3.2,5.3,10.2,0.0,3.4,0.622,0.0,0.6,10.6,70
2026-01-10T21:00,37,2.6,4.7,7.3,0.0,2.7,0.47,0.0,0.5,8.8,76
2026-01-10T22:00,37,2.3,4.4,5.5,0.0,2.8,0.405,0.0,0.4,7.8,74
2026-01-10T23:00,37,2.1,4.1,5.9,0.0,2.6,0.405,0.0,0.4,6.6,74
2026-01-10T00:00,38,1.4,4.9,3.1,0.0,3.5,0.0,0.0,0.0,6.3,79
2026-01-10T01:00,38,1.5,4.1,2.9,0.0,3.1,0.0,0.0,0.0,5.9,79
2026-01-10T02:00,38,1.5,4.1,2.4,0.0,3.2,0.0,0.0,0.0,5.3,77
2026-01-10T03:00,38,1.5,3.9,3.0,0.0,3.2,0.0,0.0,0.0,7.1,82
2026-01-10T04:00,38,1.8,4.2,3.4,0.0,3.7,0.0,0.0,0.0,7.3,78
2026-01-10T05:00,38,2.5,5.7,5.1,0.0,4.2,0.0,0.0,0.0,7.5,78
2026-01-10T06:00,38,3.5,7.1,6.8,0.0,4.4,0.0,0.0,0.0,8.0,76
2026-01-10T07:00,38,4.8,9.7,11.4,0.0,5.0,0.0,0.0,0.0,8.9,72
2026-01-10T08:00,38,4.6,8.5,10.9,0.0,4.9,0.0,0.0,0.0,9.7,70
2026-01-10T09:00,38,4.0,7.7,9.6,0.0,5.6,0.0,0.0,0.0,11.0,71
2026-01-10T10:00,38,4.1,7.4,7.6,0.0,5.3,0.0,0.0,0.0,11.7,65
2026-01-10T11:00,38,3.8,6.3,7.1,0.0,5.1,0.0,0.0,0.0,12.5,63
2026-01-10T12:00,38,3.8,5.7,7.4,0.0,5.7,0.0,0.0,0.0,12.8,65
2026-01-10T13:00,38,3.9,5.8,7.2,0.0,5.2,0.0,0.0,0.0,13.4,65
2026-01-10T14:00,38,4.1,6.9,7.3,0.0,5.0,0.0,0.0,0.0,13.9,63
2026-01-10T15:00,38,5.2,6.8,8.7,0.0,4.6,0.0,0.0,0.0,13.7,60
2026-01-10T16:00,38,6.3,9.1,9.7,0.0,4.9,0.0,0.0,0.0,13.2,64
2026-01-10T17:00,38,7.8,10.3,13.1,0.0,4.6,0.0,0.0,0.0,13.0,67
2026-01-10T18:00,38,6.4,8.4,12.7,0.0,4.6,0.0,0.0,0.0,12.5,69
2026-01-10T19:00,38,5.4,7.4,10.5,0.0,4.7,0.0,0.0,0.0,11.0,71
2026-01-10T20:00,38,4.7,6.9,8.8,0.0,4.6,0.0,0.0,0.0,10.5,73
2026-01-10T21:00,38,4.9,5.8,7.7,0.0,5.2,0.0,0.0,0.0,9.4,74
2026-01-10T22:00,38,4.3,5.3,6.6,0.0,4.7,0.0,0.0,0.0,8.4,71
2026-01-10T23:00,38,4.2,5.0,5.8,0.0,4.4,0.0,0.0,0.0,8.1,78
2026-01-11T00:00,19,3.9,9.2,12.6,0.0,5.3,0.239,0.0,0.0,7.3,75
2026-01-11T01:00,19,3.1,8.3,10.9,0.0,4.7,0.237,0.0,0.0,7.2,79
2026-01-11T02:00,19,3.3,7.5,10.7,0.0,4.7,0.243,0.0,0.0,6.8,82
2026-01-11T03:00,19,3.2,8.8,12.0,0.0,4.7,0.244,0.0,0.0,6.5,76
2026-01-11T04:00,19,3.2,8.6,13.3,0.0,4.9,0.295,0.0,0.0,7.1,80
2026-01-11T05:00,19,3.8,10.0,19.7,0.0,5.4,0.428,0.0,0.0,7.6,78
2026-01-11T06:00,19,5.1,13.9,28.5,0.0,5.8,0.646,0.0,0.0,8.3,73
2026-01-11T07:00,19,6.4,16.7,41.4,0.0,6.0,0.864,0.0,0.0,9.2,78
2026-01-11T08:00,19,6.2,16.1,43.6,0.0,6.1,0.935,0.0,0.0,10.2,71
2026-01-11T09:00,19,5.5,14.0,34.9,0.0,6.6,0.699,0.0,0.0,10.8,67
2026-01-11T10:00,19,4.5,11.7,29.1,0.0,5.5,0.626,0.0,0.0,11.3,67
2026-01-11T11:00,19,3.9,10.4,26.0,0.0,5.6,0.581,0.0,0.0,12.4,65
2026-01-11T12:00,19,3.7,9.7,25.4,0.0,5.4,0.561,0.0,0.0,13.2,65
2026-01-11T13:00,19,3.7,9.7,24.7,0.0,5.2,0.642,0.0,0.0,13.1,64
2026-01-11T14:00,19,3.9,10.2,24.2,0.0,5.4,0.706,0.0,0.0,13.5,64
2026-01-11T15:00,19,3.5,12.6,30.3,0.0,5.1,0.72,0.0,0.0,13.4,62
2026-01-11T16:00,19,5.1,12.8,36.8,0.0,4.7,1.009,0.0,0.0,12.6,65
2026-01-11T17:00,19,5.5,16.2,48.8,0.0,5.1,1.235,0.0,0.0,11.8,64
2026-01-11T18:00,19,4.1,13.0,45.7,0.0,4.4,1.079,0.0,0.0,11.9,71
2026-01-11T19:00,19,3.7,10.7,40.2,0.0,4.0,0.985,0.0,0.0,10.6,71
2026-01-11T20:00,19,3.2,9.5,34.6,0.0,4.2,0.768,0.0,0.0,10.0,77
2026-01-11T21:00,19,2.5,8.0,29.3,0.0,4.0,0.686,0.0,0.0,9.1,73
2026-01-11T22:00,19,2.4,7.5,23.7,0.0,3.6,0.585,0.0,0.0,8.2,78
2026-01-11T23:00,19,2.3,6.6,23.5,0.0,3.6,0.528,0.0,0.0,7.6,79
2026-01-11T00:00,20,3.4,9.2,0.0,0.0,6.5,0.198,0.0,0.6,6.7,79
2026-01-11T01:00,20,3.1,8.3,1.1,0.0,7.4,0.177,0.0,0.6,6.7,76
2026-01-11T02:00,20,3.3,7.9,2.0,0.0,7.4,0.147,0.0,0.5,6.4,79
2026-01-11T03:00,20,3.4,7.8,3.2,0.0,7.4,0.165,0.0,0.5,6.7,79
2026-01-11T04:00,20,4.0,9.3,4.3,0.0,7.9,0.194,0.0,0.6,6.9,78
2026-01-11T05:00,20,4.3,11.1,8.2,0.0,9.1,0.266,0.0,0.8,7.5,78
2026-01-11T06:00,20,6.7,16.5,13.9,0.0,10.0,0.411,0.0,1.2,7.8,75
2026-01-11T07:00,20,9.1,21.9,24.3,0.0,10.3,0.584,0.0,1.7,9.2,72
2026-01-11T08:00,20,7.7,20.9,27.5,0.0,11.0,0.505,0.0,1.7,9.9,71
2026-01-11T09:00,20,7.2,16.7,22.9,0.0,11.0,0.415,0.0,1.2,10.6,69
2026-01-11T10:00,20,6.1,15.4,21.6,0.0,12.3,0.341,0.0,1.2,10.9,65
2026-01-11T11:00,20,5.6,14.5,22.0,0.0,11.9,0.349,0.0,1.0,12.6,66
2026-01-11T12:00,20,5.5,14.5,23.5,0.0,12.6,0.332,0.0,1.0,13.0,64
2026-01-11T13:00,20,5.8,14.5,24.5,0.0,11.5,0.344,0.0,1.0,12.9,60
2026-01-11T14:00,20,6.3,16.3,28.2,0.0,11.8,0.349,0.0,1.1,13.0,65
2026-01-11T15:00,20,6.7,19.2,28.5,0.0,11.4,0.392,0.0,1.2,12.7,61
2026-01-11T16:00,20,8.9,21.1,39.0,0.0,11.3,0.499,0.0,1.4,13.2,65
2026-01-11T17:00,20,9.2,24.3,53.6,0.0,11.8,0.618,0.0,1.8,12.2,67
2026-01-11T18:00,20,7.8,20.7,53.4,0.0,12.5,0.523,0.0,1.7,11.9,65
2026-01-11T19:00,20,6.5,17.9,43.8,0.0,10.8,0.413,0.0,1.6,11.4,66
2026-01-11T20:00,20,6.7,16.0,39.6,0.0,10.9,0.375,0.0,1.3,10.1,72
2026-01-11T21:00,20,6.1,14.9,34.3,0.0,12.3,0.323,0.0,1.0,9.6,73
2026-01-11T22:00,20,5.7,14.0,29.8,0.0,11.6,0.283,0.0,0.9,8.1,74
2026-01-11T23:00,20,5.0,12.3,29.7,0.0,10.7,0.256,0.0,1.0,7.5,78
2026-01-11T00:00,21,0.0,10.1,3.4,33.2,3.5,0.203,0.0,0.0,7.0,79
2026-01-11T01:00,21,0.0,9.5,3.7,23.7,3.6,0.171,0.0,0.0,5.8,81
2026-01-11T02:00,21,0.0,8.3,4.0,26.4,3.4,0.18,0.0,0.0,7.0,78
2026-01-11T03:00,21,0.0,9.5,4.8,24.6,3.2,0.164,0.0,0.0,7.0,76
2026-01-11T04:00,21,0.0,9.3,6.0,32.0,3.8,0.204,0.0,0.0,7.0,78
2026-01-11T05:00,21,0.0,13.0,9.6,42.4,3.7,0.3,0.0,0.0,7.5,77
2026-01-11T06:00,21,0.0,15.0,15.3,62.8,4.1,0.442,0.0,0.0,8.3,76
2026-01-11T07:00,21,0.0,19.7,22.8,76.1,4.9,0.523,0.0,0.0,9.6,75
2026-01-11T08:00,21,0.0,20.6,25.5,97.5,4.8,0.49,0.0,0.0,10.7,68
2026-01-11T09:00,21,0.0,18.9,20.5,121.4,4.9,0.435,0.0,0.0,11.0,73
2026-01-11T10:00,21,0.0,16.4,20.3,121.2,4.7,0.35,0.0,0.0,11.7,68
2026-01-11T11:00,21,0.0,14.3,20.7,138.1,4.6,0.32,0.0,0.0,11.9,66
2026-01-11T12:00,21,0.0,12.8,18.2,148.8,4.5,0.299,0.0,0.0,13.2,61
2026-01-11T13:00,21,0.0,14.0,19.9,143.8,4.8,0.315,0.0,0.0,12.8,61
2026-01-11T14:00,21,0.0,15.5,24.1,120.5,4.4,0.358,0.0,0.0,13.5,62
2026-01-11T15:00,21,0.0,17.2,27.6,119.3,4.2,0.361,0.0,0.0,12.9,62
2026-01-11T16:00,21,0.0,19.6,34.5,98.4,4.2,0.444,0.0,0.0,12.4,64
2026-01-11T17:00,21,0.0,22.1,44.6,76.4,3.9,0.573,0.0,0.0,12.8,69
2026-01-11T18:00,21,0.0,21.7,42.2,68.8,3.6,0.533,0.0,0.0,11.4,70
2026-01-11T19:00,21,0.0,17.3,41.3,56.5,3.8,0.492,0.0,0.0,11.0,70
2026-01-11T20:00,21,0.0,15.3,32.0,52.2,3.4,0.386,0.0,0.0,11.0,70
2026-01-11T21:00,21,0.0,13.0,24.6,42.1,4.0,0.299,0.0,0.0,9.1,72
2026-01-11T22:00,21,0.0,12.4,23.7,32.1,3.4,0.263,0.0,0.0,8.1,72
2026-01-11T23:00,21,0.0,12.6,22.2,33.3,3.6,0.287,0.0,0.0,6.5,74
2026-01-11T00:00,22,0.0,6.9,11.2,0.0,0.0,0.196,0.0,1.0,7.3,78
2026-01-11T01:00,22,0.2,6.3,9.3,0.0,0.0,0.158,0.0,0.8,7.7,81
2026-01-11T02:00,22,0.4,7.3,10.1,0.0,0.0,0.172,0.0,0.7,5.7,78
2026-01-11T03:00,22,0.7,7.9,10.7,0.0,0.0,0.172,0.0,0.7,6.9,79
2026-01-11T04:00,22,1.0,9.6,12.5,0.0,0.0,0.188,0.0,0.9,6.6,79
2026-01-11T05:00,22,1.6,12.3,19.6,0.0,0.0,0.279,0.0,1.1,7.9,80
2026-01-11T06:00,22,2.5,17.7,30.1,0.0,0.0,0.368,0.0,1.7,8.4,79
2026-01-11T07:00,22,3.6,26.4,53.5,0.0,0.0,0.573,0.0,2.2,9.3,75
2026-01-11T08:00,22,3.9,25.2,50.9,0.0,0.0,0.503,0.0,2.0,9.9,70
2026-01-11T09:00,22,3.6,21.8,42.6,0.0,0.0,0.381,0.0,1.6,11.2,70
2026-01-11T10:00,22,3.4,19.4,34.7,0.0,0.0,0.384,0.0,1.4,11.7,68
2026-01-11T11:00,22,3.9,20.4,31.6,0.0,0.0,0.296,0.0,1.2,12.7,69
2026-01-11T12:00,22,3.7,19.3,32.5,0.0,0.0,0.306,0.0,1.2,12.8,63
2026-01-11T13:00,22,4.1,21.7,35.1,0.0,0.0,0.312,0.0,1.1,13.3,65
2026-01-11T14:00,22,4.8,24.5,37.1,0.0,0.0,0.319,0.0,1.2,13.7,63
2026-01-11T15:00,22,6.0,27.3,41.2,0.0,0.0,0.393,0.0,1.2,13.1,61
2026-01-11T16:00,22,6.4,34.9,53.4,0.0,0.0,0.469,0.0,1.4,13.1,63
2026-01-11T17:00,22,7.8,42.9,71.6,0.0,0.0,0.581,0.0,1.7,11.4,63
2026-01-11T18:00,22,7.6,39.1,67.5,0.0,0.0,0.515,0.0,1.9,11.2,65
2026-01-11T19:00,22,7.3,30.9,60.1,0.0,0.0,0.471,0.0,1.5,11.2,68
2026-01-11T20:00,22,6.1,28.3,48.9,0.0,0.0,0.371,0.0,1.1,9.8,71
2026-01-11T21:00,22,6.1,26.5,42.3,0.0,0.0,0.304,0.0,1.0,8.5,70
2026-01-11T22:00,22,5.8,27.7,36.4,0.0,0.0,0.27,0.0,0.8,8.1,76
2026-01-11T23:00,22,5.5,25.9,37.4,0.0,0.0,0.29,0.0,0.8,7.5,74
2026-01-11T00:00,37,2.3,3.6,5.5,0.0,2.6,0.394,0.0,0.5,6.4,82
2026-01-11T01:00,37,2.2,3.2,5.2,0.0,2.4,0.35,0.0,0.4,7.3,77
2026-01-11T02:00,37,2.0,3.6,5.4,0.0,2.4,0.326,0.0,0.3,6.8,81
2026-01-11T03:00,37,2.0,3.2,5.7,0.0,2.5,0.329,0.0,0.4,6.7,79
2026-01-11T04:00,37,2.2,3.5,7.0,0.0,2.4,0.374,0.0,0.4,7.2,79
2026-01-11T05:00,37,2.6,5.0,11.1,0.0,2.3,0.541,0.0,0.6,7.5,79
2026-01-11T06:00,37,3.7,6.5,16.1,0.0,2.8,0.713,0.0,0.8,7.7,76
2026-01-11T07:00,37,5.0,9.1,25.4,0.0,3.3,1.007,0.0,1.0,8.9,70
2026-01-11T08:00,37,5.1,8.3,26.0,0.0,3.1,0.877,0.0,0.9,10.8,72
2026-01-11T09:00,37,4.0,7.1,19.8,0.0,3.1,0.691,0.0,0.7,10.3,68
2026-01-11T10:00,37,3.5,6.5,18.5,0.0,3.2,0.606,0.0,0.7,11.3,70
2026-01-11T11:00,37,3.2,6.3,16.2,0.0,2.8,0.596,0.0,0.6,12.2,65
2026-01-11T12:00,37,3.1,6.0,17.3,0.0,2.7,0.492,0.0,0.6,12.9,65
2026-01-11T13:00,37,3.1,6.0,16.2,0.0,2.9,0.58,0.0,0.6,13.2,66
2026-01-11T14:00,37,3.5,6.8,18.8,0.0,2.7,0.532,0.0,0.6,13.4,63
2026-01-11T15:00,37,4.2,7.9,21.5,0.0,2.6,0.624,0.0,0.7,13.3,62
2026-01-11T16:00,37,5.2,9.5,27.8,0.0,2.4,0.767,0.0,0.8,12.5,65
2026-01-11T17:00,37,5.1,10.7,35.0,0.0,2.2,0.884,0.0,1.0,12.7,64
2026-01-11T18:00,37,4.7,8.7,31.4,0.0,2.2,0.894,0.0,1.0,12.4,66
2026-01-11T19:00,37,3.9,8.4,30.3,0.0,2.0,0.693,0.0,0.9,11.2,67
2026-01-11T20:00,37,4.0,7.5,26.0,0.0,2.2,0.6,0.0,0.6,9.3,74
2026-01-11T21:00,37,3.0,6.5,19.8,0.0,2.0,0.456,0.0,0.5,8.8,72
2026-01-11T22:00,37,3.1,6.1,18.6,0.0,1.8,0.405,0.0,0.5,7.7,78
2026-01-11T23:00,37,2.9,6.0,18.9,0.0,1.8,0.392,0.0,0.5,7.5,78
2026-01-11T00:00,38,4.9,5.0,6.3,0.0,4.5,0.0,0.0,0.0,7.1,76
2026-01-11T01:00,38,4.4,4.7,6.5,1.1,4.1,0.0,0.0,0.0,6.9,80
2026-01-11T02:00,38,4.1,4.6,6.7,2.1,4.2,0.0,0.0,0.0,6.1,79
2026-01-11T03:00,38,4.2,5.2,8.0,3.2,4.3,0.0,0.0,0.0,6.8,81
2026-01-11T04:00,38,4.4,5.5,9.0,5.6,4.1,0.0,0.0,0.0,6.5,79
2026-01-11T05:00,38,6.7,6.8,14.9,8.6,5.3,0.0,0.0,0.0,7.8,76
2026-01-11T06:00,38,8.7,9.4,21.7,16.1,4.9,0.0,0.0,0.0,7.9,74
2026-01-11T07:00,38,10.8,12.6,34.8,23.9,5.6,0.0,0.0,0.0,9.0,76
2026-01-11T08:00,38,11.2,13.0,32.4,29.5,5.5,0.0,0.0,0.0,9.8,74
2026-01-11T09:00,38,8.5,11.5,28.6,43.3,5.6,0.0,0.0,0.0,10.6,72
2026-01-11T10:00,38,8.5,10.5,27.6,54.7,5.9,0.0,0.0,0.0,11.7,70
2026-01-11T11:00,38,8.5,9.8,26.4,69.4,5.3,0.0,0.0,0.0,13.3,67
2026-01-11T12:00,38,7.7,9.6,25.9,73.6,5.1,0.0,0.0,0.0,13.3,65
2026-01-11T13:00,38,8.2,9.1,25.5,75.6,5.5,0.0,0.0,0.0,13.2,63
2026-01-11T14:00,38,9.1,10.8,28.2,81.3,5.5,0.0,0.0,0.0,12.6,65
2026-01-11T15:00,38,10.4,12.3,37.2,72.7,5.2,0.0,0.0,0.0,14.1,63
2026-01-11T16:00,38,13.0,15.3,43.4,62.2,5.1,0.0,0.0,0.0,13.3,64
2026-01-11T17:00,38,14.2,17.3,54.1,56.4,5.2,0.0,0.0,0.0,11.2,68
2026-01-11T18:00,38,12.9,15.2,48.8,54.5,5.2,0.0,0.0,0.0,11.8,67
2026-01-11T19:00,38,10.1,12.4,45.2,50.5,4.6,0.0,0.0,0.0,10.6,71
2026-01-11T20:00,38,9.7,11.9,38.5,38.9,4.8,0.0,0.0,0.0,9.7,68
2026-01-11T21:00,38,9.2,9.8,29.6,40.1,4.6,0.0,0.0,0.0,9.4,72
2026-01-11T22:00,38,8.9,10.1,29.4,34.4,4.8,0.0,0.0,0.0,8.1,74
2026-01-11T23:00,38,7.5,9.5,28.4,30.6,4.1,0.0,0.0,0.0,7.2,76
2026-01-12T00:00,19,2.4,6.2,23.8,0.0,3.5,0.603,0.0,0.0,7.3,79
2026-01-12T01:00,19,2.0,5.7,19.9,0.0,3.3,0.502,0.0,0.0,6.3,80
2026-01-12T02:00,19,1.9,5.7,18.3,0.0,3.3,0.487,0.0,0.0,6.3,81
2026-01-12T03:00,19,1.9,5.4,19.9,0.0,3.3,0.48,0.0,0.0,6.2,84
2026-01-12T04:00,19,1.8,6.3,21.7,0.0,3.5,0.519,0.0,0.0,7.5,79
2026-01-12T05:00,19,2.8,7.8,33.6,0.0,4.2,0.7,0.0,0.0,7.6,78
2026-01-12T06:00,19,3.6,10.3,43.0,0.0,4.3,0.92,0.0,0.0,8.5,79
2026-01-12T07:00,19,4.3,12.6,64.0,0.0,4.8,1.355,0.0,0.0,9.2,71
2026-01-12T08:00,19,3.9,12.5,67.1,0.0,5.3,1.215,0.0,0.0,10.1,69
2026-01-12T09:00,19,3.3,10.6,51.6,0.0,5.2,0.961,0.0,0.0,10.6,72
2026-01-12T10:00,19,3.1,8.6,44.8,0.0,4.7,0.808,0.0,0.0,12.1,69
2026-01-12T11:00,19,3.0,8.7,36.7,0.0,5.0,0.719,0.0,0.0,12.1,65
2026-01-12T12:00,19,2.9,8.4,41.3,0.0,5.3,0.724,0.0,0.0,13.1,66
2026-01-12T13:00,19,2.9,8.4,39.8,0.0,4.9,0.542,0.0,0.0,13.7,59
2026-01-12T14:00,19,2.9,9.4,41.3,0.0,5.2,0.706,0.0,0.0,13.7,65
2026-01-12T15:00,19,3.3,10.5,45.3,0.0,5.0,0.768,0.0,0.0,13.5,63
2026-01-12T16:00,19,4.1,12.1,56.5,0.0,5.0,0.868,0.0,0.0,13.1,62
2026-01-12T17:00,19,4.2,13.0,64.2,0.0,4.5,1.046,0.0,0.0,12.7,64
2026-01-12T18:00,19,3.9,11.6,63.2,0.0,4.7,0.972,0.0,0.0,12.0,67
2026-01-12T19:00,19,3.4,9.4,59.5,0.0,4.2,0.833,0.0,0.0,11.7,69
2026-01-12T20:00,19,2.9,8.4,44.9,0.0,4.4,0.68,0.0,0.0,9.3,73
2026-01-12T21:00,19,2.8,7.3,38.4,0.0,4.3,0.507,0.0,0.0,9.3,74
2026-01-12T22:00,19,2.2,7.7,33.7,0.0,4.2,0.419,0.0,0.0,8.4,78
2026-01-12T23:00,19,2.1,6.2,27.3,0.0,4.6,0.42,0.0,0.0,7.6,73
2026-01-12T00:00,20,5.3,13.5,33.0,0.0,11.3,0.257,0.0,1.0,7.2,80
2026-01-12T01:00,20,4.8,11.6,25.6,0.0,9.8,0.228,0.0,0.8,6.9,82
2026-01-12T02:00,20,4.7,12.2,27.1,0.0,11.9,0.221,0.0,0.7,7.2,81
2026-01-12T03:00,20,4.7,11.9,25.4,0.0,11.2,0.238,0.0,0.8,7.1,75
2026-01-12T04:00,20,5.2,13.9,31.9,0.0,11.1,0.281,0.0,0.8,7.4,81
2026-01-12T05:00,20,7.3,18.1,45.6,0.0,11.1,0.379,0.0,1.2,7.5,78
2026-01-12T06:00,20,9.3,22.2,55.9,0.0,13.3,0.53,0.0,1.6,8.9,75
2026-01-12T07:00,20,12.9,30.4,95.2,0.0,14.4,0.787,0.0,2.1,8.3,74
2026-01-12T08:00,20,12.0,29.7,92.3,0.0,14.4,0.772,0.0,2.2,9.8,72
2026-01-12T09:00,20,9.7,24.4,71.1,0.0,14.4,0.558,0.0,1.6,11.4,70
2026-01-12T10:00,20,8.4,21.7,59.8,0.0,14.3,0.473,0.0,1.4,11.3,71
2026-01-12T11:00,20,8.9,21.7,53.0,0.0,14.8,0.485,0.0,1.3,13.1,65
2026-01-12T12:00,20,8.5,20.2,53.2,0.0,14.6,0.453,0.0,1.1,13.0,62
2026-01-12T13:00,20,9.4,20.9,54.3,0.0,13.4,0.509,0.0,1.3,13.5,63
2026-01-12T14:00,20,10.4,22.7,57.0,0.0,13.3,0.555,0.0,1.3,14.2,63
2026-01-12T15:00,20,10.3,23.8,58.6,0.0,13.2,0.567,0.0,1.3,12.5,62
2026-01-12T16:00,20,13.4,31.0,71.6,0.0,13.2,0.745,0.0,1.7,13.4,63
2026-01-12T17:00,20,16.3,34.8,92.1,0.0,14.0,0.907,0.0,2.1,12.4,67
2026-01-12T18:00,20,12.4,29.4,90.7,0.0,11.9,0.852,0.0,1.9,11.7,66
2026-01-12T19:00,20,12.0,26.9,76.0,0.0,11.6,0.702,0.0,1.6,10.9,72
2026-01-12T20:00,20,10.7,22.9,58.2,0.0,11.7,0.552,0.0,1.2,10.0,71
2026-01-12T21:00,20,10.1,20.4,47.8,0.0,10.8,0.416,0.0,1.0,8.9,76
2026-01-12T22:00,20,8.8,22.1,40.7,0.0,10.7,0.422,0.0,0.9,7.6,72
2026-01-12T23:00,20,9.3,18.6,41.5,0.0,10.0,0.386,0.0,0.9,8.1,80
2026-01-12T00:00,21,0.0,11.4,26.1,33.1,0.0,0.307,0.0,0.0,7.2,77
2026-01-12T01:00,21,0.0,12.0,20.5,24.7,0.1,0.254,0.0,0.0,6.5,78
2026-01-12T02:00,21,0.0,11.2,21.1,22.4,0.2,0.253,0.0,0.0,6.6,77
2026-01-12T03:00,21,0.0,11.9,20.0,22.9,0.3,0.224,0.0,0.0,6.6,81
2026-01-12T04:00,21,0.0,14.2,24.6,33.6,0.5,0.262,0.0,0.0,7.2,75
2026-01-12T05:00,21,0.0,15.3,35.4,41.6,0.6,0.394,0.0,0.0,7.9,78
2026-01-12T06:00,21,0.0,20.3,48.4,50.7,0.8,0.455,0.0,0.0,7.5,78
2026-01-12T07:00,21,0.0,28.7,74.9,66.5,1.0,0.724,0.0,0.0,9.6,74
2026-01-12T08:00,21,0.0,31.9,73.0,85.7,1.1,0.627,0.0,0.0,10.2,75
2026-01-12T09:00,21,0.0,26.0,53.4,105.5,1.4,0.544,0.0,0.0,11.5,67
2026-01-12T10:00,21,0.0,24.3,45.8,123.6,1.5,0.476,0.0,0.0,11.8,69
2026-01-12T11:00,21,0.0,20.7,42.1,134.6,1.5,0.462,0.0,0.0,13.0,66
2026-01-12T12:00,21,0.0,22.0,42.6,132.2,1.7,0.426,0.0,0.0,13.6,67
2026-01-12T13:00,21,0.0,22.9,43.3,137.4,1.7,0.408,0.0,0.0,14.1,67
2026-01-12T14:00,21,0.0,24.1,43.0,119.0,1.9,0.463,0.0,0.0,13.3,67
2026-01-12T15:00,21,0.0,28.2,48.3,100.1,2.0,0.477,0.0,0.0,13.8,62
2026-01-12T16:00,21,0.0,35.6,51.9,82.9,2.2,0.592,0.0,0.0,13.6,68
2026-01-12T17:00,21,0.0,42.5,71.9,66.3,1.9,0.685,0.0,0.0,12.3,66
2026-01-12T18:00,21,0.0,36.8,69.7,54.8,2.3,0.728,0.0,0.0,11.8,66
2026-01-12T19:00,21,0.0,30.3,61.2,49.2,2.4,0.614,0.0,0.0,10.5,71
2026-01-12T20:00,21,0.0,26.8,48.5,41.0,2.4,0.509,0.0,0.0,10.1,68
2026-01-12T21:00,21,0.0,26.8,39.9,31.6,2.4,0.413,0.0,0.0,9.3,74
2026-01-12T22:00,21,0.0,23.9,32.8,26.4,2.4,0.343,0.0,0.0,8.9,75
2026-01-12T23:00,21,0.0,22.9,33.3,27.3,2.5,0.36,0.0,0.0,6.4,79
2026-01-12T00:00,22,6.2,27.3,39.7,0.0,0.0,0.248,0.0,0.8,7.2,80
2026-01-12T01:00,22,5.2,21.5,32.4,0.0,0.2,0.235,0.0,0.7,6.8,81
2026-01-12T02:00,22,5.6,19.6,33.1,0.0,0.5,0.224,0.0,0.6,5.9,80
2026-01-12T03:00,22,4.9,20.6,27.8,0.0,0.8,0.229,0.0,0.7,6.7,77
2026-01-12T04:00,22,5.9,23.8,39.0,0.0,1.0,0.276,0.0,0.8,7.0,81
2026-01-12T05:00,22,7.5,28.9,51.8,0.0,1.5,0.391,0.0,1.1,8.0,80
2026-01-12T06:00,22,10.4,33.4,73.6,0.0,1.9,0.552,0.0,1.5,8.1,76
2026-01-12T07:00,22,13.9,44.0,110.6,0.0,2.3,0.779,0.0,1.9,9.3,75
2026-01-12T08:00,22,13.7,44.1,113.5,0.0,2.9,0.685,0.0,2.1,9.4,70
2026-01-12T09:00,22,11.6,37.5,88.2,0.0,3.0,0.527,0.0,1.6,11.1,71
2026-01-12T10:00,22,10.5,35.4,67.1,0.0,3.7,0.551,0.0,1.4,12.2,68
2026-01-12T11:00,22,9.3,27.4,64.3,0.0,4.1,0.505,0.0,1.2,12.8,66
2026-01-12T12:00,22,9.6,25.5,61.2,0.0,4.2,0.473,0.0,1.2,12.7,63
2026-01-12T13:00,22,9.1,26.6,65.9,0.0,4.0,0.51,0.0,1.3,13.5,65
2026-01-12T14:00,22,10.1,27.3,71.5,0.0,4.8,0.482,0.0,1.3,13.6,62
2026-01-12T15:00,22,11.7,30.8,75.8,0.0,4.6,0.512,0.0,1.5,13.6,63
2026-01-12T16:00,22,15.2,38.6,89.2,0.0,5.1,0.591,0.0,1.9,12.8,64
2026-01-12T17:00,22,15.1,38.3,110.6,0.0,5.1,0.847,0.0,2.3,12.6,63
2026-01-12T18:00,22,14.1,33.2,94.5,0.0,5.5,0.831,0.0,2.1,11.1,68
2026-01-12T19:00,22,11.8,27.0,88.0,0.0,5.3,0.628,0.0,2.0,11.4,70
2026-01-12T20:00,22,11.3,24.6,72.9,0.0,5.3,0.615,0.0,1.7,10.4,68
2026-01-12T21:00,22,9.2,21.6,57.5,0.0,5.7,0.431,0.0,1.4,8.7,76
2026-01-12T22:00,22,9.3,20.8,53.1,0.0,6.2,0.419,0.0,1.2,8.1,75
2026-01-12T23:00,22,7.8,16.6,54.0,0.0,5.5,0.424,0.0,1.2,7.6,78
2026-01-12T00:00,37,2.9,5.8,19.7,0.0,1.7,0.441,0.0,0.5,6.9,79
2026-01-12T01:00,37,2.6,5.5,16.7,0.0,2.0,0.38,0.0,0.4,6.5,77
2026-01-12T02:00,37,2.7,5.3,15.7,0.0,2.2,0.334,0.0,0.4,6.1,81
2026-01-12T03:00,37,2.6,5.3,18.8,0.0,2.4,0.311,0.0,0.4,6.7,82
2026-01-12T04:00,37,3.2,6.0,19.6,0.0,3.1,0.387,0.0,0.5,6.7,81
2026-01-12T05:00,37,4.6,7.3,31.8,0.0,3.4,0.554,0.0,0.7,7.8,76
2026-01-12T06:00,37,5.5,11.0,43.8,0.0,4.0,0.7,0.0,1.0,7.6,74
2026-01-12T07:00,37,6.8,12.8,58.6,0.0,5.2,1.068,0.0,1.2,9.2,71
2026-01-12T08:00,37,7.2,12.4,66.6,0.0,5.4,0.924,0.0,1.3,9.7,71
2026-01-12T09:00,37,6.2,12.3,51.5,0.0,6.2,0.741,0.0,1.0,10.9,69
2026-01-12T10:00,37,6.1,9.8,43.4,0.0,6.1,0.687,0.0,1.0,11.2,67
2026-01-12T11:00,37,5.6,8.8,37.6,0.0,6.9,0.625,0.0,0.8,12.3,69
2026-01-12T12:00,37,5.0,9.9,41.4,0.0,6.3,0.589,0.0,0.8,12.7,61
2026-01-12T13:00,37,5.3,9.1,41.8,0.0,6.6,0.582,0.0,0.8,13.4,67
2026-01-12T14:00,37,5.8,11.3,41.1,0.0,7.5,0.647,0.0,0.9,13.4,66
2026-01-12T15:00,37,6.8,11.7,48.1,0.0,7.5,0.69,0.0,0.9,13.7,64
2026-01-12T16:00,37,8.2,13.8,58.1,0.0,8.3,0.863,0.0,1.2,13.0,65
2026-01-12T17:00,37,8.5,17.3,73.2,0.0,7.8,1.035,0.0,1.3,12.5,65
2026-01-12T18:00,37,7.8,13.6,70.2,0.0,7.5,1.024,0.0,1.3,11.8,66
2026-01-12T19:00,37,6.9,12.2,64.9,0.0,7.6,0.816,0.0,1.2,11.0,68
2026-01-12T20:00,37,5.8,12.1,51.5,0.0,8.6,0.668,0.0,0.9,10.4,72
2026-01-12T21:00,37,5.9,10.1,37.9,0.0,7.8,0.523,0.0,0.7,8.7,74
2026-01-12T22:00,37,4.9,9.4,32.6,0.0,7.9,0.449,0.0,0.7,8.2,74
2026-01-12T23:00,37,4.9,8.5,35.4,0.0,8.8,0.451,0.0,0.6,8.1,77
2026-01-12T00:00,38,8.9,9.0,29.8,36.5,0.0,0.0,0.0,0.0,6.4,80
2026-01-12T01:00,38,7.6,8.3,24.3,27.7,0.1,0.0,0.0,0.0,6.6,79
2026-01-12T02:00,38,7.6,8.9,22.0,24.4,0.1,0.0,0.0,0.0,6.8,78
2026-01-12T03:00,38,7.1,9.3,25.0,25.6,0.2,0.0,0.0,0.0,6.9,78
2026-01-12T04:00,38,8.1,10.2,24.4,35.5,0.3,0.0,0.0,0.0,6.8,80
2026-01-12T05:00,38,12.3,13.1,35.3,47.5,0.4,0.0,0.0,0.0,7.2,80
2026-01-12T06:00,38,15.8,19.2,54.5,62.2,0.5,0.0,0.0,0.0,8.1,73
2026-01-12T07:00,38,21.9,22.1,77.4,72.8,0.6,0.0,0.0,0.0,9.6,76
2026-01-12T08:00,38,18.3,22.9,69.1,97.5,0.8,0.0,0.0,0.0,9.7,68
2026-01-12T09:00,38,16.2,22.5,55.1,121.4,0.9,0.0,0.0,0.0,10.4,72
2026-01-12T10:00,38,16.0,18.1,50.0,113.4,0.9,0.0,0.0,0.0,11.4,69
2026-01-12T11:00,38,16.2,17.6,40.3,141.0,1.0,0.0,0.0,0.0,12.2,68
2026-01-12T12:00,38,15.5,17.2,40.4,153.2,1.3,0.0,0.0,0.0,12.8,67
2026-01-12T13:00,38,16.3,18.6,43.3,153.3,1.2,0.0,0.0,0.0,12.9,61
2026-01-12T14:00,38,16.4,18.3,36.9,116.2,1.3,0.0,0.0,0.0,13.4,64
2026-01-12T15:00,38,19.7,21.6,44.3,115.7,1.2,0.0,0.0,0.0,13.5,64
2026-01-12T16:00,38,28.0,27.7,53.0,90.5,1.5,0.0,0.0,0.0,13.4,68
2026-01-12T17:00,38,29.3,31.5,64.5,76.5,1.5,0.0,0.0,0.0,12.5,65
2026-01-12T18:00,38,24.4,29.2,54.6,64.9,1.5,0.0,0.0,0.0,11.7,68
2026-01-12T19:00,38,21.5,24.3,48.0,62.6,1.4,0.0,0.0,0.0,10.5,65
2026-01-12T20:00,38,19.5,23.9,37.7,52.3,1.5,0.0,0.0,0.0,9.6,69
2026-01-12T21:00,38,17.2,22.5,32.9,39.4,1.5,0.0,0.0,0.0,9.4,72
2026-01-12T22:00,38,18.2,21.3,28.1,30.8,1.6,0.0,0.0,0.0,8.8,78
2026-01-12T23:00,38,17.8,17.4,25.4,30.8,1.6,0.0,0.0,0.0,7.6,72
2026-01-13T00:00,19,0.0,0.0,34.6,0.0,4.2,0.416,0.0,0.0,6.9,79
2026-01-13T01:00,19,0.2,0.3,26.7,0.0,4.1,0.335,0.0,0.0,6.3,79
2026-01-13T02:00,19,0.3,0.5,27.7,0.0,4.1,0.331,0.0,0.0,6.7,83
2026-01-13T03:00,19,0.5,0.8,26.7,0.0,4.2,0.332,0.0,0.0,7.6,78
2026-01-13T04:00,19,0.6,1.1,29.5,0.0,4.6,0.413,0.0,0.0,7.0,78
2026-01-13T05:00,19,1.0,1.7,39.5,0.0,4.7,0.561,0.0,0.0,7.7,78
2026-01-13T06:00,19,1.8,2.7,61.7,0.0,5.1,0.769,0.0,0.0,7.9,75
2026-01-13T07:00,19,2.5,4.0,86.6,0.0,5.5,1.144,0.0,0.0,9.1,72
2026-01-13T08:00,19,3.0,5.0,81.2,0.0,6.2,1.105,0.0,0.0,10.0,72
2026-01-13T09:00,19,2.5,4.2,61.4,0.0,5.7,0.823,0.0,0.0,10.7,72
2026-01-13T10:00,19,2.4,4.4,52.4,0.0,5.0,0.666,0.0,0.0,11.4,70
2026-01-13T11:00,19,2.6,4.6,45.3,0.0,5.5,0.604,0.0,0.0,12.4,64
2026-01-13T12:00,19,2.7,4.8,47.3,0.0,5.1,0.609,0.0,0.0,13.4,64
2026-01-13T13:00,19,3.2,4.4,45.1,0.0,5.7,0.625,0.0,0.0,13.0,60
2026-01-13T14:00,19,3.4,5.9,48.5,0.0,5.6,0.72,0.0,0.0,13.8,62
2026-01-13T15:00,19,4.2,7.5,55.6,0.0,5.1,0.77,0.0,0.0,13.3,63
2026-01-13T16:00,19,5.5,7.8,69.1,0.0,5.5,0.849,0.0,0.0,13.4,71
2026-01-13T17:00,19,6.2,10.8,81.4,0.0,5.1,1.151,0.0,0.0,11.8,67
2026-01-13T18:00,19,5.8,9.8,76.8,0.0,4.6,0.977,0.0,0.0,12.1,66
2026-01-13T19:00,19,5.4,8.3,69.4,0.0,4.9,0.978,0.0,0.0,11.0,68
2026-01-13T20:00,19,4.1,7.9,55.2,0.0,5.1,0.754,0.0,0.0,9.8,72
2026-01-13T21:00,19,4.9,7.2,39.1,0.0,4.3,0.635,0.0,0.0,8.8,74
2026-01-13T22:00,19,4.5,7.9,36.2,0.0,4.4,0.557,0.0,0.0,8.5,77
2026-01-13T23:00,19,3.6,6.9,34.3,0.0,4.6,0.588,0.0,0.0,7.6,76
2026-01-13T00:00,20,9.4,19.2,45.4,0.0,10.1,0.385,0.0,0.9,7.2,78
2026-01-13T01:00,20,7.2,17.1,35.2,0.0,10.1,0.323,0.0,0.8,5.8,81
2026-01-13T02:00,20,7.2,16.2,31.0,0.0,10.2,0.328,0.0,0.7,6.6,80
2026-01-13T03:00,20,7.9,15.9,32.0,0.0,10.7,0.317,0.0,0.7,6.1,82
2026-01-13T04:00,20,8.7,17.6,36.7,0.0,10.5,0.406,0.0,0.8,7.3,77
2026-01-13T05:00,20,11.1,21.2,55.6,0.0,12.0,0.587,0.0,1.1,6.9,78
2026-01-13T06:00,20,13.8,26.6,72.4,0.0,12.9,0.686,0.0,1.4,7.9,75
2026-01-13T07:00,20,17.1,37.5,105.8,0.0,14.7,1.051,0.0,1.9,8.6,75
2026-01-13T08:00,20,16.0,39.2,101.2,0.0,15.0,0.929,0.0,2.0,10.2,74
2026-01-13T09:00,20,14.2,33.0,82.3,0.0,14.7,0.716,0.0,1.4,10.6,70
2026-01-13T10:00,20,12.0,28.7,65.1,0.0,15.1,0.647,0.0,1.2,11.4,66
2026-01-13T11:00,20,11.9,23.9,63.5,0.0,15.5,0.588,0.0,1.2,12.9,67
2026-01-13T12:00,20,10.0,24.5,60.7,0.0,13.5,0.574,0.0,1.2,12.5,64
2026-01-13T13:00,20,11.2,22.9,60.5,0.0,14.2,0.563,0.0,1.1,13.5,63
2026-01-13T14:00,20,10.5,24.3,62.1,0.0,14.3,0.558,0.0,1.2,13.4,63
2026-01-13T15:00,20,12.8,26.1,64.9,0.0,14.3,0.59,0.0,1.2,14.1,61
2026-01-13T16:00,20,14.3,28.7,77.1,0.0,13.2,0.765,0.0,1.4,12.9,67
2026-01-13T17:00,20,17.7,35.8,104.8,0.0,14.2,0.989,0.0,1.8,12.9,64
2026-01-13T18:00,20,15.1,32.6,86.4,0.0,12.6,0.83,0.0,1.6,11.5,68
2026-01-13T19:00,20,12.8,25.0,74.4,0.0,12.1,0.738,0.0,1.4,11.5,68
2026-01-13T20:00,20,11.3,24.2,65.6,0.0,11.5,0.585,0.0,1.1,10.1,72
2026-01-13T21:00,20,9.5,21.7,52.3,0.0,11.9,0.443,0.0,0.9,9.1,74
2026-01-13T22:00,20,8.2,18.9,41.6,0.0,11.6,0.374,0.0,0.8,8.9,74
2026-01-13T23:00,20,8.0,17.5,41.8,0.0,11.8,0.405,0.0,0.8,8.0,78
2026-01-13T00:00,21,0.0,22.3,35.7,28.6,2.5,0.342,0.0,0.0,7.5,77
2026-01-13T01:00,21,0.0,20.0,24.6,20.3,2.4,0.291,0.0,0.0,7.0,76
2026-01-13T02:00,21,0.0,19.5,24.9,20.9,2.4,0.246,0.0,0.0,6.8,79
2026-01-13T03:00,21,0.0,18.2,25.7,19.6,2.5,0.283,0.0,0.0,6.2,81
2026-01-13T04:00,21,0.0,20.5,31.5,27.5,2.4,0.314,0.0,0.0,7.4,78
2026-01-13T05:00,21,0.0,23.0,42.8,33.3,2.7,0.447,0.0,0.0,7.6,76
2026-01-13T06:00,21,0.0,32.3,61.4,46.3,2.7,0.607,0.0,0.0,8.6,77
2026-01-13T07:00,21,0.0,39.9,81.8,61.4,3.1,0.902,0.0,0.0,9.3,70
2026-01-13T08:00,21,0.0,43.4,83.7,73.8,2.9,0.792,0.0,0.0,9.9,70
2026-01-13T09:00,21,0.0,30.1,69.0,90.1,3.0,0.666,0.0,0.0,11.2,72
2026-01-13T10:00,21,0.0,29.5,47.5,112.1,2.9,0.578,0.0,0.0,11.8,68
2026-01-13T11:00,21,0.0,26.5,49.3,106.7,2.8,0.51,0.0,0.0,13.0,67
2026-01-13T12:00,21,0.0,23.3,44.7,127.5,2.8,0.531,0.0,0.0,13.0,64
2026-01-13T13:00,21,0.0,23.6,47.7,116.1,2.8,0.522,0.0,0.0,13.4,66
2026-01-13T14:00,21,0.0,25.3,44.6,106.0,2.6,0.531,0.0,0.0,13.7,63
2026-01-13T15:00,21,0.0,27.0,50.9,102.9,2.4,0.61,0.0,0.0,13.4,66
2026-01-13T16:00,21,0.0,30.1,59.8,73.3,2.5,0.711,0.0,0.0,12.9,63
2026-01-13T17:00,21,0.0,37.1,80.1,57.4,2.4,0.881,0.0,0.0,12.8,68
2026-01-13T18:00,21,0.0,28.7,76.7,51.6,2.0,0.873,0.0,0.0,12.0,70
2026-01-13T19:00,21,0.0,23.5,59.9,48.4,2.2,0.748,0.0,0.0,10.3,73
2026-01-13T20:00,21,0.0,21.9,47.2,39.2,1.9,0.55,0.0,0.0,9.9,71
2026-01-13T21:00,21,0.0,18.8,38.1,31.8,2.0,0.416,0.0,0.0,9.3,75
2026-01-13T22:00,21,0.0,16.1,32.8,25.9,1.9,0.419,0.0,0.0,8.4,77
2026-01-13T23:00,21,0.0,15.0,28.7,26.6,1.8,0.399,0.0,0.0,7.3,78
2026-01-13T00:00,22,9.7,16.0,52.9,0.0,5.6,0.412,0.0,1.4,6.8,77
2026-01-13T01:00,22,8.0,15.1,44.2,0.0,5.6,0.329,0.0,1.0,6.1,81
2026-01-13T02:00,22,8.5,15.3,41.2,0.0,5.6,0.321,0.0,1.0,6.0,77
2026-01-13T03:00,22,8.2,14.0,43.5,0.0,5.7,0.324,0.0,0.9,6.5,80
2026-01-13T04:00,22,8.6,15.5,46.7,0.0,5.9,0.405,0.0,1.0,6.7,80
2026-01-13T05:00,22,10.4,19.8,69.4,0.0,7.1,0.548,0.0,1.4,7.4,80
2026-01-13T06:00,22,14.7,26.7,102.6,0.0,7.4,0.72,0.0,2.0,8.4,78
2026-01-13T07:00,22,19.6,35.0,134.9,0.0,8.1,1.047,0.0,2.8,8.5,75
2026-01-13T08:00,22,19.5,35.4,129.2,0.0,7.9,0.943,0.0,2.5,9.1,70
2026-01-13T09:00,22,15.0,31.4,112.1,0.0,8.0,0.724,0.0,2.2,10.8,72
2026-01-13T10:00,22,14.1,25.7,84.1,0.0,8.6,0.696,0.0,1.8,11.7,66
2026-01-13T11:00,22,14.1,24.6,71.2,0.0,7.7,0.61,0.0,1.6,12.1,67
2026-01-13T12:00,22,12.9,20.3,78.6,0.0,8.3,0.62,0.0,1.6,13.3,64
2026-01-13T13:00,22,11.6,21.9,73.3,0.0,7.7,0.566,0.0,1.7,13.2,67
2026-01-13T14:00,22,13.9,24.6,76.1,0.0,7.4,0.629,0.0,1.7,14.0,65
2026-01-13T15:00,22,16.4,25.8,85.0,0.0,7.0,0.655,0.0,1.9,13.3,64
2026-01-13T16:00,22,19.9,30.0,111.2,0.0,7.4,0.846,0.0,2.2,13.4,64
2026-01-13T17:00,22,20.5,35.7,127.8,0.0,7.4,1.064,0.0,2.9,12.5,67
2026-01-13T18:00,22,19.0,32.4,112.9,0.0,6.3,0.942,0.0,2.6,11.9,66
2026-01-13T19:00,22,16.3,26.4,108.6,0.0,6.6,0.786,0.0,2.2,11.4,70
2026-01-13T20:00,22,13.4,26.3,83.8,0.0,6.9,0.713,0.0,1.9,11.0,69
2026-01-13T21:00,22,11.7,22.4,66.8,0.0,6.2,0.559,0.0,1.4,9.1,69
2026-01-13T22:00,22,11.3,18.8,57.3,0.0,6.2,0.469,0.0,1.2,8.2,76
2026-01-13T23:00,22,11.1,18.9,56.2,0.0,6.2,0.488,0.0,1.3,7.3,77
2026-01-13T00:00,37,5.4,8.7,35.2,0.0,9.4,0.493,0.0,0.8,6.5,75
2026-01-13T01:00,37,4.9,8.2,29.5,0.0,8.3,0.398,0.0,0.6,6.3,78
2026-01-13T02:00,37,4.5,7.6,28.4,0.0,7.3,0.379,0.0,0.5,6.7,78
2026-01-13T03:00,37,4.6,7.7,25.9,0.0,7.3,0.411,0.0,0.5,7.2,78
2026-01-13T04:00,37,5.1,8.8,31.0,0.0,8.0,0.443,0.0,0.6,7.2,82
2026-01-13T05:00,37,6.5,10.7,46.2,0.0,7.7,0.609,0.0,0.9,8.0,77
2026-01-13T06:00,37,8.6,13.0,62.3,0.0,8.0,0.856,0.0,1.1,8.1,77
2026-01-13T07:00,37,12.0,17.8,95.0,0.0,8.5,1.187,0.0,1.7,8.9,76
2026-01-13T08:00,37,10.3,18.0,88.0,0.0,9.4,1.176,0.0,1.7,10.0,69
2026-01-13T09:00,37,8.3,13.4,63.9,0.0,8.3,0.892,0.0,1.3,11.1,69
2026-01-13T10:00,37,7.6,13.4,58.0,0.0,7.4,0.785,0.0,1.1,10.9,69
2026-01-13T11:00,37,6.2,11.3,46.2,0.0,7.5,0.707,0.0,0.9,12.4,63
2026-01-13T12:00,37,6.5,10.8,47.5,0.0,6.6,0.658,0.0,0.9,12.8,65
2026-01-13T13:00,37,6.7,10.9,50.0,0.0,6.1,0.644,0.0,1.0,13.4,62
2026-01-13T14:00,37,8.2,11.7,47.3,0.0,5.4,0.759,0.0,1.0,12.9,61
2026-01-13T15:00,37,8.1,12.5,54.9,0.0,5.8,0.729,0.0,1.1,13.4,64
2026-01-13T16:00,37,9.8,15.2,63.6,0.0,4.7,0.915,0.0,1.3,12.9,67
2026-01-13T17:00,37,10.6,17.2,77.8,0.0,4.6,1.03,0.0,1.5,12.8,64
2026-01-13T18:00,37,10.0,15.0,74.9,0.0,3.8,0.98,0.0,1.5,12.2,67
2026-01-13T19:00,37,8.5,12.8,60.0,0.0,3.4,0.931,0.0,1.3,10.7,66
2026-01-13T20:00,37,8.0,11.2,48.1,0.0,3.0,0.723,0.0,1.0,9.8,70
2026-01-13T21:00,37,6.7,9.9,37.0,0.0,2.6,0.55,0.0,0.8,9.5,75
2026-01-13T22:00,37,6.7,10.2,33.6,0.0,2.1,0.481,0.0,0.7,8.7,77
2026-01-13T23:00,37,6.3,10.2,31.4,0.0,2.0,0.519,0.0,0.8,7.9,77
2026-01-13T00:00,38,18.7,19.0,25.4,33.3,1.8,0.0,0.0,0.0,6.5,79
2026-01-13T01:00,38,14.8,15.1,22.1,25.8,1.6,0.0,0.0,0.0,6.3,79
2026-01-13T02:00,38,13.7,16.2,20.4,24.2,1.5,0.0,0.0,0.0,6.6,80
2026-01-13T03:00,38,12.8,17.0,21.2,24.1,1.7,0.0,0.0,0.0,6.2,78
2026-01-13T04:00,38,15.3,16.6,24.2,33.4,1.9,0.0,0.0,0.0,7.4,78
2026-01-13T05:00,38,20.6,21.1,31.8,42.3,1.8,0.0,0.0,0.0,7.6,78
2026-01-13T06:00,38,25.8,28.3,41.4,54.0,2.1,0.0,0.0,0.0,8.4,74
2026-01-13T07:00,38,36.6,37.8,61.7,80.0,2.3,0.0,0.0,0.0,9.0,73
2026-01-13T08:00,38,29.9,36.8,70.5,95.1,2.5,0.0,0.0,0.0,10.1,72
2026-01-13T09:00,38,26.4,29.3,47.8,118.2,2.2,0.0,0.0,0.0,10.7,71
2026-01-13T10:00,38,25.3,25.6,40.7,127.8,2.1,0.0,0.0,0.0,11.2,67
2026-01-13T11:00,38,22.8,23.3,36.9,144.4,2.2,0.0,0.0,0.0,11.4,65
2026-01-13T12:00,38,21.1,22.4,37.4,135.4,2.2,0.0,0.0,0.0,13.1,64
2026-01-13T13:00,38,22.5,23.4,33.1,127.4,2.2,0.0,0.0,0.0,12.8,66
2026-01-13T14:00,38,24.2,24.5,35.6,124.3,2.2,0.0,0.0,0.0,13.6,61
2026-01-13T15:00,38,27.7,30.1,37.9,108.0,2.2,0.0,0.0,0.0,13.9,66
2026-01-13T16:00,38,36.0,34.2,50.0,95.9,2.0,0.0,0.0,0.0,13.4,64
2026-01-13T17:00,38,38.4,38.9,52.2,67.0,1.9,0.0,0.0,0.0,12.8,67
2026-01-13T18:00,38,31.7,33.6,58.3,65.5,1.9,0.0,0.0,0.0,12.0,65
2026-01-13T19:00,38,28.5,26.6,46.1,54.1,2.0,0.0,0.0,0.0,11.1,66
2026-01-13T20:00,38,26.6,24.4,38.6,49.0,2.1,0.0,0.0,0.0,9.2,69
2026-01-13T21:00,38,21.9,24.0,28.6,36.8,1.8,0.0,0.0,0.0,8.4,73
2026-01-13T22:00,38,19.3,21.0,24.2,32.8,1.7,0.0,0.0,0.0,8.8,74
2026-01-13T23:00,38,18.0,18.8,21.5,31.0,1.8,0.0,0.0,0.0,6.8,79
2026-01-14T00:00,19,4.7,7.8,33.5,0.0,0.0,0.515,0.0,0.0,7.8,73
2026-01-14T01:00,19,4.4,7.5,28.9,0.0,0.2,0.489,0.0,0.0,6.1,81
2026-01-14T02:00,19,4.1,6.9,28.7,0.0,0.4,0.409,0.0,0.0,5.9,80
2026-01-14T03:00,19,4.5,6.9,29.3,0.0,0.5,0.493,0.0,0.0,7.1,80
2026-01-14T04:00,19,5.1,7.1,33.0,0.0,0.7,0.546,0.0,0.0,7.2,78
2026-01-14T05:00,19,6.7,10.5,49.6,0.0,0.9,0.742,0.0,0.0,7.3,76
2026-01-14T06:00,19,8.2,12.5,59.6,0.0,1.2,1.031,0.0,0.0,7.7,75
2026-01-14T07:00,19,11.2,17.3,87.1,0.0,1.7,1.436,0.0,0.0,9.5,72
2026-01-14T08:00,19,11.3,17.0,85.1,0.0,1.9,1.17,0.0,0.0,10.5,71
2026-01-14T09:00,19,9.6,15.8,68.8,0.0,2.3,1.165,0.0,0.0,11.1,71
2026-01-14T10:00,19,8.5,13.8,58.0,0.0,2.4,0.958,0.0,0.0,12.3,68
2026-01-14T11:00,19,8.4,13.0,47.8,0.0,2.8,0.782,0.0,0.0,12.3,64
2026-01-14T12:00,19,8.6,13.8,50.3,0.0,3.0,0.771,0.0,0.0,12.5,63
2026-01-14T13:00,19,9.0,13.1,47.2,0.0,3.1,0.771,0.0,0.0,13.5,66
2026-01-14T14:00,19,9.4,15.9,53.9,0.0,3.0,0.844,0.0,0.0,13.3,63
2026-01-14T15:00,19,10.2,17.2,50.2,0.0,3.0,0.859,0.0,0.0,12.9,63
2026-01-14T16:00,19,13.2,20.6,63.6,0.0,3.5,1.143,0.0,0.0,12.8,65
2026-01-14T17:00,19,16.1,23.3,73.6,0.0,3.6,1.226,0.0,0.0,13.0,68
2026-01-14T18:00,19,13.4,20.5,66.5,0.0,3.6,1.186,0.0,0.0,12.1,68
2026-01-14T19:00,19,11.5,17.3,56.8,0.0,3.6,1.051,0.0,0.0,10.5,70
2026-01-14T20:00,19,10.5,15.7,43.4,0.0,3.7,0.859,0.0,0.0,10.4,70
2026-01-14T21:00,19,9.3,15.5,38.3,0.0,3.9,0.683,0.0,0.0,9.1,74
2026-01-14T22:00,19,8.2,13.8,31.1,0.0,4.3,0.574,0.0,0.0,7.8,76
2026-01-14T23:00,19,8.3,11.9,32.0,0.0,4.2,0.609,0.0,0.0,8.1,76
2026-01-14T00:00,20,7.9,15.8,40.8,0.0,11.7,0.391,0.0,0.9,6.5,81
2026-01-14T01:00,20,7.2,17.3,33.7,0.0,10.9,0.334,0.0,0.7,6.6,77
2026-01-14T02:00,20,6.8,15.3,31.8,0.0,10.4,0.33,0.0,0.6,6.8,81
2026-01-14T03:00,20,7.2,16.6,35.7,0.0,10.5,0.304,0.0,0.6,6.6,80
2026-01-14T04:00,20,7.6,17.6,36.9,0.0,10.5,0.357,0.0,0.7,8.0,78
2026-01-14T05:00,20,10.5,22.2,55.7,0.0,10.6,0.53,0.0,1.0,8.1,81
2026-01-14T06:00,20,14.4,26.3,67.8,0.0,11.7,0.743,0.0,1.4,8.6,82
2026-01-14T07:00,20,17.3,39.2,104.1,0.0,11.5,0.935,0.0,1.6,8.2,75
2026-01-14T08:00,20,15.5,38.3,102.0,0.0,12.2,0.864,0.0,1.9,10.0,75
2026-01-14T09:00,20,14.4,34.0,80.3,0.0,11.1,0.777,0.0,1.4,10.5,68
2026-01-14T10:00,20,12.4,28.1,68.5,0.0,11.8,0.597,0.0,1.2,10.8,67
2026-01-14T11:00,20,12.7,24.0,54.0,0.0,11.1,0.628,0.0,1.1,13.2,66
2026-01-14T12:00,20,10.8,25.9,54.4,0.0,10.0,0.559,0.0,1.0,12.8,67
2026-01-14T13:00,20,11.2,25.2,56.0,0.0,9.8,0.582,0.0,1.1,13.5,66
2026-01-14T14:00,20,12.3,27.1,55.8,0.0,9.0,0.584,0.0,1.1,14.0,61
2026-01-14T15:00,20,14.1,30.4,67.8,0.0,9.2,0.66,0.0,1.1,14.0,62
2026-01-14T16:00,20,14.9,38.9,69.2,0.0,8.1,0.78,0.0,1.5,12.7,65
2026-01-14T17:00,20,18.4,43.0,91.6,0.0,7.0,0.963,0.0,1.6,12.4,67
2026-01-14T18:00,20,16.7,36.7,77.3,0.0,6.4,0.893,0.0,1.5,11.7,65
2026-01-14T19:00,20,12.8,30.5,67.1,0.0,6.2,0.747,0.0,1.4,11.0,67
2026-01-14T20:00,20,12.0,25.9,58.7,0.0,5.8,0.549,0.0,1.0,9.8,71
2026-01-14T21:00,20,11.3,24.8,49.0,0.0,5.6,0.469,0.0,1.0,9.0,72
2026-01-14T22:00,20,10.0,22.3,41.1,0.0,4.9,0.389,0.0,0.8,7.8,76
2026-01-14T23:00,20,10.0,23.7,35.9,0.0,4.4,0.425,0.0,0.8,7.0,76
2026-01-14T00:00,21,0.0,15.1,34.2,26.8,1.6,0.434,0.0,0.0,6.7,79
2026-01-14T01:00,21,0.0,12.5,25.4,19.8,1.8,0.339,0.0,0.0,7.4,84
2026-01-14T02:00,21,0.0,13.5,25.7,19.2,1.5,0.296,0.0,0.0,6.6,83
2026-01-14T03:00,21,0.0,12.1,26.1,19.3,1.6,0.361,0.0,0.0,6.8,82
2026-01-14T04:00,21,0.0,13.3,32.5,26.5,1.5,0.377,0.0,0.0,7.5,80
2026-01-14T05:00,21,0.0,15.5,43.9,36.4,1.6,0.55,0.0,0.0,7.5,75
2026-01-14T06:00,21,0.0,20.3,58.1,47.5,1.7,0.696,0.0,0.0,8.3,76
2026-01-14T07:00,21,0.0,26.1,84.9,64.2,2.0,0.986,0.0,0.0,9.3,73
2026-01-14T08:00,21,0.0,27.3,87.6,80.0,1.9,0.895,0.0,0.0,10.0,73
2026-01-14T09:00,21,0.0,25.0,68.4,92.8,2.0,0.724,0.0,0.0,10.3,69
2026-01-14T10:00,21,0.0,20.2,56.7,98.0,1.9,0.659,0.0,0.0,11.9,66
2026-01-14T11:00,21,0.0,19.0,50.4,114.7,1.7,0.603,0.0,0.0,12.6,67
2026-01-14T12:00,21,0.0,18.6,48.7,124.4,1.7,0.564,0.0,0.0,12.8,65
2026-01-14T13:00,21,0.0,20.0,49.6,101.9,1.7,0.575,0.0,0.0,13.0,63
2026-01-14T14:00,21,0.0,19.6,47.0,106.4,1.5,0.578,0.0,0.0,13.5,62
2026-01-14T15:00,21,0.0,24.5,52.3,95.9,1.4,0.666,0.0,0.0,13.7,64
2026-01-14T16:00,21,0.0,24.5,65.3,68.1,1.3,0.8,0.0,0.0,13.3,67
2026-01-14T17:00,21,0.0,31.7,84.0,62.2,1.3,0.89,0.0,0.0,12.6,67
2026-01-14T18:00,21,0.0,24.8,74.4,47.3,1.2,0.884,0.0,0.0,12.5,67
2026-01-14T19:00,21,0.0,23.9,70.7,45.1,1.3,0.713,0.0,0.0,11.2,71
2026-01-14T20:00,21,0.0,19.2,50.2,41.0,1.2,0.591,0.0,0.0,9.9,74
2026-01-14T21:00,21,0.0,17.8,42.9,31.4,1.1,0.434,0.0,0.0,9.1,75
2026-01-14T22:00,21,0.0,15.4,39.0,26.7,1.0,0.418,0.0,0.0,7.8,77
2026-01-14T23:00,21,0.0,13.7,35.9,25.6,0.9,0.415,0.0,0.0,8.0,74
2026-01-14T00:00,22,10.9,20.2,52.1,0.0,0.0,0.464,0.0,1.3,7.1,80
2026-01-14T01:00,22,9.9,17.2,45.6,0.0,0.3,0.376,0.0,1.1,6.8,79
2026-01-14T02:00,22,10.9,15.6,42.9,0.0,0.5,0.409,0.0,1.0,6.1,80
2026-01-14T03:00,22,9.1,16.4,41.4,0.0,0.8,0.405,0.0,1.0,6.1,79
2026-01-14T04:00,22,10.9,17.8,47.9,0.0,1.2,0.417,0.0,1.0,7.1,76
2026-01-14T05:00,22,13.6,21.4,73.4,0.0,1.6,0.602,0.0,1.6,8.3,75
2026-01-14T06:00,22,17.8,27.9,96.9,0.0,2.3,0.868,0.0,1.9,8.6,75
2026-01-14T07:00,22,21.3,34.4,113.5,0.0,2.7,1.169,0.0,2.9,8.8,72
2026-01-14T08:00,22,20.7,33.6,136.6,0.0,3.3,1.077,0.0,2.7,10.1,71
2026-01-14T09:00,22,16.7,30.9,107.5,0.0,3.7,0.913,0.0,2.2,11.0,66
2026-01-14T10:00,22,15.8,27.7,87.4,0.0,3.6,0.769,0.0,1.9,12.3,63
2026-01-14T11:00,22,14.4,24.0,74.4,0.0,4.1,0.674,0.0,1.6,12.0,66
2026-01-14T12:00,22,14.4,23.2,78.5,0.0,4.6,0.64,0.0,1.5,12.6,66
2026-01-14T13:00,22,13.5,23.4,69.9,0.0,5.2,0.668,0.0,1.6,13.1,65
2026-01-14T14:00,22,15.3,24.7,84.0,0.0,5.3,0.649,0.0,1.6,13.8,61
2026-01-14T15:00,22,17.1,29.6,78.2,0.0,5.4,0.743,0.0,1.6,13.2,60
2026-01-14T16:00,22,20.7,34.7,99.2,0.0,5.4,0.891,0.0,1.9,13.6,63
2026-01-14T17:00,22,25.8,38.1,122.0,0.0,5.8,1.006,0.0,2.3,13.0,64
2026-01-14T18:00,22,21.1,35.1,117.5,0.0,5.6,1.014,0.0,2.2,11.9,67
2026-01-14T19:00,22,17.1,28.9,102.1,0.0,5.8,0.827,0.0,1.9,10.8,67
2026-01-14T20:00,22,16.0,24.9,79.2,0.0,6.6,0.673,0.0,1.6,10.0,72
2026-01-14T21:00,22,12.7,20.9,60.5,0.0,6.5,0.58,0.0,1.1,8.6,72
2026-01-14T22:00,22,13.3,19.5,51.6,0.0,6.3,0.48,0.0,1.1,8.1,77
2026-01-14T23:00,22,12.0,20.2,49.0,0.0,6.8,0.511,0.0,1.2,7.1,75
2026-01-14T00:00,37,5.8,9.3,28.6,0.0,1.8,0.51,0.0,0.8,6.8,82
2026-01-14T01:00,37,5.3,7.8,25.7,0.0,1.6,0.378,0.0,0.7,7.2,78
2026-01-14T02:00,37,5.3,7.4,23.8,0.0,1.6,0.376,0.0,0.6,6.1,80
2026-01-14T03:00,37,5.1,7.8,24.9,0.0,1.6,0.376,0.0,0.6,6.7,79
2026-01-14T04:00,37,5.7,7.8,28.9,0.0,1.8,0.457,0.0,0.7,7.2,76
2026-01-14T05:00,37,6.6,10.0,39.6,0.0,1.8,0.658,0.0,0.9,7.2,78
2026-01-14T06:00,37,10.2,13.8,57.7,0.0,2.1,0.838,0.0,1.3,8.3,76
2026-01-14T07:00,37,13.1,18.8,84.8,0.0,2.3,1.067,0.0,1.9,9.5,69
2026-01-14T08:00,37,12.0,18.5,70.7,0.0,2.3,1.045,0.0,1.7,10.1,69
2026-01-14T09:00,37,10.4,17.1,59.8,0.0,2.5,0.833,0.0,1.4,10.9,70
2026-01-14T10:00,37,9.7,12.9,51.1,0.0,2.4,0.705,0.0,1.1,12.3,66
2026-01-14T11:00,37,9.3,12.7,44.1,0.0,2.4,0.655,0.0,1.0,12.2,64
2026-01-14T12:00,37,8.5,12.4,42.8,0.0,2.1,0.625,0.0,1.1,13.0,64
2026-01-14T13:00,37,7.9,11.6,45.5,0.0,2.1,0.659,0.0,0.9,13.3,61
2026-01-14T14:00,37,9.3,14.0,45.6,0.0,2.2,0.714,0.0,0.9,13.2,63
2026-01-14T15:00,37,10.1,14.4,49.5,0.0,2.1,0.694,0.0,1.1,13.7,66
2026-01-14T16:00,37,12.3,17.0,57.6,0.0,2.0,0.86,0.0,1.3,12.6,64
2026-01-14T17:00,37,13.9,21.7,69.8,0.0,2.0,1.04,0.0,1.6,12.0,67
2026-01-14T18:00,37,13.0,17.8,70.7,0.0,1.9,1.051,0.0,1.5,12.3,66
2026-01-14T19:00,37,10.5,14.5,63.0,0.0,1.9,0.869,0.0,1.4,11.0,70
2026-01-14T20:00,37,9.4,13.7,44.4,0.0,1.9,0.655,0.0,1.0,10.4,71
2026-01-14T21:00,37,8.4,12.5,35.5,0.0,2.0,0.546,0.0,0.9,8.9,75
2026-01-14T22:00,37,7.6,10.4,28.8,0.0,1.7,0.483,0.0,0.7,8.6,77
2026-01-14T23:00,37,7.2,10.0,32.2,0.0,1.8,0.476,0.0,0.7,7.4,80
2026-01-14T00:00,38,19.3,19.9,22.9,0.0,1.9,0.0,0.0,0.0,6.9,74
2026-01-14T01:00,38,15.1,16.4,18.7,1.0,1.7,0.0,0.0,0.0,6.3,84
2026-01-14T02:00,38,16.3,16.6,17.9,1.8,1.7,0.0,0.0,0.0,6.5,81
2026-01-14T03:00,38,16.1,15.5,18.6,3.4,1.7,0.0,0.0,0.0,6.5,79
2026-01-14T04:00,38,17.3,18.3,22.0,5.5,1.7,0.0,0.0,0.0,6.9,79
2026-01-14T05:00,38,23.3,20.8,33.2,9.5,2.3,0.0,0.0,0.0,7.6,80
2026-01-14T06:00,38,27.0,27.5,41.2,15.0,2.4,0.0,0.0,0.0,8.5,77
2026-01-14T07:00,38,35.8,38.8,59.7,21.9,2.6,0.0,0.0,0.0,8.9,69
2026-01-14T08:00,38,32.0,38.8,58.5,31.4,2.9,0.0,0.0,0.0,10.1,74
2026-01-14T09:00,38,26.2,34.7,48.1,48.3,2.7,0.0,0.0,0.0,10.9,70
2026-01-14T10:00,38,26.7,25.8,37.1,54.6,2.9,0.0,0.0,0.0,11.4,68
2026-01-14T11:00,38,22.4,26.5,31.4,63.7,2.7,0.0,0.0,0.0,12.2,66
2026-01-14T12:00,38,22.2,24.1,29.6,75.8,2.9,0.0,0.0,0.0,12.8,63
2026-01-14T13:00,38,21.2,25.0,32.8,84.0,2.9,0.0,0.0,0.0,13.5,63
2026-01-14T14:00,38,23.0,24.3,32.2,81.3,2.9,0.0,0.0,0.0,14.1,66
2026-01-14T15:00,38,25.9,29.3,36.7,73.4,2.7,0.0,0.0,0.0,13.3,63
2026-01-14T16:00,38,32.0,34.0,44.0,64.2,2.8,0.0,0.0,0.0,12.6,63
2026-01-14T17:00,38,33.3,35.7,50.5,54.9,2.9,0.0,0.0,0.0,12.0,65
2026-01-14T18:00,38,29.4,32.4,46.1,52.8,2.6,0.0,0.0,0.0,12.1,66
2026-01-14T19:00,38,26.2,27.4,40.8,49.9,2.8,0.0,0.0,0.0,11.1,70
2026-01-14T20:00,38,21.3,21.0,32.1,42.9,2.7,0.0,0.0,0.0,9.6,74
2026-01-14T21:00,38,18.3,22.5,25.9,36.2,2.7,0.0,0.0,0.0,9.0,76
2026-01-14T22:00,38,17.3,19.6,21.9,31.5,2.7,0.0,0.0,0.0,8.2,75
2026-01-14T23:00,38,14.5,17.3,19.1,32.5,2.5,0.0,0.0,0.0,7.2,76
2026-01-15T00:00,19,9.6,12.8,33.0,0.0,4.2,0.626,0.0,0.0,7.2,78
2026-01-15T01:00,19,8.3,12.0,26.2,0.0,4.0,0.518,0.0,0.0,7.1,80
2026-01-15T02:00,19,7.4,10.8,23.5,0.0,4.0,0.458,0.0,0.0,6.3,78
2026-01-15T03:00,19,7.9,12.1,23.0,0.0,4.5,0.511,0.0,0.0,6.4,79
2026-01-15T04:00,19,8.6,12.6,31.4,0.0,4.0,0.526,0.0,0.0,8.0,79
2026-01-15T05:00,19,11.6,16.3,40.0,0.0,5.0,0.782,0.0,0.0,7.3,75
2026-01-15T06:00,19,15.7,20.8,60.2,0.0,5.1,1.066,0.0,0.0,8.7,78
2026-01-15T07:00,19,20.2,27.7,85.0,0.0,5.0,1.541,0.0,0.0,8.7,76
2026-01-15T08:00,19,18.4,29.3,82.7,0.0,5.5,1.421,0.0,0.0,10.2,71
2026-01-15T09:00,19,15.4,23.6,62.4,0.0,5.0,1.126,0.0,0.0,11.0,71
2026-01-15T10:00,19,14.9,21.6,55.7,0.0,5.1,1.078,0.0,0.0,11.1,70
2026-01-15T11:00,19,14.6,18.1,51.6,0.0,5.6,0.906,0.0,0.0,12.5,67
2026-01-15T12:00,19,13.9,19.8,49.9,0.0,5.3,0.971,0.0,0.0,13.8,64
2026-01-15T13:00,19,13.3,19.0,46.0,0.0,4.7,0.855,0.0,0.0,13.8,65
2026-01-15T14:00,19,15.3,21.3,49.6,0.0,4.9,0.965,0.0,0.0,13.6,60
2026-01-15T15:00,19,17.6,24.4,54.8,0.0,4.6,1.014,0.0,0.0,13.4,64
2026-01-15T16:00,19,21.4,27.4,65.2,0.0,4.4,1.213,0.0,0.0,13.6,66
2026-01-15T17:00,19,23.3,31.7,80.6,0.0,4.6,1.396,0.0,0.0,12.5,69
2026-01-15T18:00,19,21.3,30.0,79.1,0.0,4.1,1.451,0.0,0.0,11.4,68
2026-01-15T19:00,19,18.6,22.4,72.2,0.0,3.7,1.179,0.0,0.0,11.2,69
2026-01-15T20:00,19,15.5,21.5,56.0,0.0,4.1,0.994,0.0,0.0,10.1,72
2026-01-15T21:00,19,14.8,19.7,42.9,0.0,4.2,0.828,0.0,0.0,9.6,74
2026-01-15T22:00,19,14.9,17.3,39.0,0.0,3.3,0.689,0.0,0.0,8.4,75
2026-01-15T23:00,19,12.4,16.9,36.5,0.0,3.5,0.692,0.0,0.0,7.2,80
2026-01-15T00:00,20,9.8,24.0,40.0,0.0,4.2,0.409,0.0,0.7,6.9,77
2026-01-15T01:00,20,8.7,18.7,32.7,0.0,4.4,0.332,0.0,0.6,6.6,78
2026-01-15T02:00,20,8.1,17.7,31.5,0.0,4.6,0.309,0.0,0.6,7.2,81
2026-01-15T03:00,20,8.3,18.9,30.3,0.0,5.0,0.325,0.0,0.6,6.3,79
2026-01-15T04:00,20,9.6,18.6,35.8,0.0,4.4,0.353,0.0,0.7,7.8,75
2026-01-15T05:00,20,12.2,22.9,46.0,0.0,5.6,0.511,0.0,1.0,7.5,76
2026-01-15T06:00,20,16.8,33.4,71.7,0.0,6.4,0.642,0.0,1.2,8.7,78
2026-01-15T07:00,20,23.9,44.0,93.7,0.0,7.0,1.059,0.0,1.7,9.2,76
2026-01-15T08:00,20,19.7,37.0,102.8,0.0,7.8,0.972,0.0,1.8,10.5,69
2026-01-15T09:00,20,17.7,35.9,79.3,0.0,8.0,0.747,0.0,1.4,11.1,69
2026-01-15T10:00,20,17.5,27.2,66.3,0.0,7.3,0.653,0.0,1.2,11.7,72
2026-01-15T11:00,20,14.2,26.0,56.7,0.0,7.9,0.58,0.0,1.1,12.8,67
2026-01-15T12:00,20,13.9,25.4,55.6,0.0,8.8,0.588,0.0,1.0,13.0,61
2026-01-15T13:00,20,13.9,21.9,57.2,0.0,7.6,0.529,0.0,1.1,13.5,63
2026-01-15T14:00,20,13.9,28.3,54.7,0.0,7.5,0.53,0.0,1.1,14.0,65
2026-01-15T15:00,20,16.9,32.1,69.3,0.0,7.7,0.633,0.0,1.3,13.6,66
2026-01-15T16:00,20,18.9,34.4,77.9,0.0,7.4,0.782,0.0,1.6,13.4,64
2026-01-15T17:00,20,23.6,43.9,104.6,0.0,8.7,0.892,0.0,1.8,12.2,65
2026-01-15T18:00,20,19.9,34.3,85.3,0.0,6.8,0.807,0.0,1.6,11.3,68
2026-01-15T19:00,20,17.4,29.3,82.0,0.0,7.4,0.766,0.0,1.4,10.9,70
2026-01-15T20:00,20,16.1,28.0,65.4,0.0,8.1,0.536,0.0,1.2,10.5,70
2026-01-15T21:00,20,13.4,22.7,53.6,0.0,8.4,0.507,0.0,0.9,9.4,72
2026-01-15T22:00,20,11.6,21.8,46.0,0.0,7.8,0.382,0.0,0.8,7.5,75
2026-01-15T23:00,20,11.7,20.8,45.3,0.0,8.4,0.424,0.0,0.9,7.0,76
2026-01-15T00:00,21,0.0,0.0,34.9,26.4,0.9,0.422,0.0,0.0,7.0,78
2026-01-15T01:00,21,0.0,0.1,30.7,20.6,0.9,0.36,0.0,0.0,6.7,80
2026-01-15T02:00,21,0.0,0.2,28.1,19.2,0.9,0.357,0.0,0.0,6.3,79
2026-01-15T03:00,21,0.0,0.3,29.3,18.8,0.8,0.34,0.0,0.0,6.4,81
2026-01-15T04:00,21,0.0,0.4,33.0,24.3,0.8,0.382,0.0,0.0,7.1,78
2026-01-15T05:00,21,0.0,0.7,47.1,31.7,1.0,0.549,0.0,0.0,7.7,78
2026-01-15T06:00,21,0.0,1.0,66.5,43.6,1.0,0.693,0.0,0.0,8.0,76
2026-01-15T07:00,21,0.0,1.6,94.8,58.9,1.1,1.004,0.0,0.0,9.9,76
2026-01-15T08:00,21,0.0,1.8,97.0,66.5,1.1,0.979,0.0,0.0,10.3,70
2026-01-15T09:00,21,0.0,2.0,69.1,85.0,1.0,0.74,0.0,0.0,11.0,71
2026-01-15T10:00,21,0.0,1.8,59.3,102.7,1.2,0.672,0.0,0.0,12.0,65
2026-01-15T11:00,21,0.0,1.7,56.3,115.5,1.1,0.576,0.0,0.0,13.2,66
2026-01-15T12:00,21,0.0,1.8,53.7,109.1,1.1,0.596,0.0,0.0,13.0,68
2026-01-15T13:00,21,0.0,2.0,49.0,97.4,1.2,0.548,0.0,0.0,12.9,62
2026-01-15T14:00,21,0.0,2.3,61.0,99.4,1.1,0.571,0.0,0.0,13.9,65
2026-01-15T15:00,21,0.0,2.7,57.8,87.6,1.2,0.644,0.0,0.0,13.7,61
2026-01-15T16:00,21,0.0,3.7,70.5,63.7,0.9,0.753,0.0,0.0,12.1,63
2026-01-15T17:00,21,0.0,4.5,89.5,57.1,1.1,0.885,0.0,0.0,12.1,68
2026-01-15T18:00,21,0.0,3.8,81.9,51.8,0.9,0.843,0.0,0.0,10.9,66
2026-01-15T19:00,21,0.0,3.5,69.0,40.9,0.9,0.744,0.0,0.0,10.9,69
2026-01-15T20:00,21,0.0,3.2,47.0,40.1,1.0,0.653,0.0,0.0,9.9,71
2026-01-15T21:00,21,0.0,3.0,42.9,32.8,0.9,0.478,0.0,0.0,9.4,73
2026-01-15T22:00,21,0.0,2.9,37.5,26.5,0.8,0.398,0.0,0.0,7.5,77
2026-01-15T23:00,21,0.0,3.1,35.0,21.8,0.9,0.456,0.0,0.0,7.3,74
2026-01-15T00:00,22,12.5,18.6,51.7,0.0,6.5,0.456,0.0,1.1,7.0,79
2026-01-15T01:00,22,10.6,17.3,42.7,0.0,6.8,0.366,0.0,0.9,6.6,79
2026-01-15T02:00,22,11.3,15.7,40.9,0.0,6.8,0.392,0.0,0.8,7.5,81
2026-01-15T03:00,22,11.2,15.3,39.8,0.0,6.4,0.415,0.0,0.8,6.3,81
2026-01-15T04:00,22,11.7,19.6,43.4,0.0,6.1,0.479,0.0,0.9,7.4,80
2026-01-15T05:00,22,13.7,21.4,65.8,0.0,7.5,0.61,0.0,1.2,7.6,77
2026-01-15T06:00,22,19.0,27.0,90.1,0.0,7.5,0.809,0.0,1.8,8.3,73
2026-01-15T07:00,22,25.7,39.8,122.2,0.0,8.1,1.109,0.0,2.3,9.1,74
2026-01-15T08:00,22,24.5,34.4,130.1,0.0,7.8,1.031,0.0,2.2,9.2,74
2026-01-15T09:00,22,19.8,32.3,99.2,0.0,8.1,0.756,0.0,1.8,10.4,67
2026-01-15T10:00,22,17.5,29.4,83.8,0.0,7.2,0.726,0.0,1.4,11.9,72
2026-01-15T11:00,22,16.0,26.2,72.8,0.0,7.6,0.704,0.0,1.3,12.5,65
2026-01-15T12:00,22,15.0,24.7,72.1,0.0,7.0,0.596,0.0,1.3,13.5,64
2026-01-15T13:00,22,16.7,25.8,72.0,0.0,6.9,0.582,0.0,1.3,13.1,60
2026-01-15T14:00,22,16.8,25.8,70.8,0.0,6.5,0.563,0.0,1.4,13.6,63
2026-01-15T15:00,22,19.1,30.0,80.7,0.0,6.8,0.698,0.0,1.5,13.6,61
2026-01-15T16:00,22,23.7,38.7,107.1,0.0,6.1,0.843,0.0,1.6,13.0,63
2026-01-15T17:00,22,26.7,39.0,117.4,0.0,6.3,0.996,0.0,2.4,12.3,65
2026-01-15T18:00,22,23.0,32.3,119.4,0.0,5.6,0.935,0.0,1.9,11.5,66
2026-01-15T19:00,22,18.1,25.5,91.0,0.0,5.2,0.703,0.0,1.8,11.1,70
2026-01-15T20:00,22,16.2,24.5,82.5,0.0,5.1,0.61,0.0,1.4,10.6,71
2026-01-15T21:00,22,16.3,22.7,60.4,0.0,5.3,0.469,0.0,1.1,8.9,71
2026-01-15T22:00,22,13.7,23.1,58.1,0.0,4.4,0.398,0.0,1.0,8.2,76
2026-01-15T23:00,22,13.1,20.4,46.0,0.0,4.7,0.419,0.0,1.0,7.4,75
2026-01-15T00:00,37,7.6,10.5,30.3,0.0,1.7,0.487,0.0,0.7,6.7,79
2026-01-15T01:00,37,6.1,8.5,24.3,0.0,1.8,0.4,0.0,0.6,6.5,80
2026-01-15T02:00,37,6.2,9.0,24.5,0.0,1.9,0.338,0.0,0.5,6.4,82
2026-01-15T03:00,37,6.2,8.4,23.8,0.0,1.7,0.392,0.0,0.6,6.7,76
2026-01-15T04:00,37,7.0,10.1,27.0,0.0,2.4,0.451,0.0,0.7,6.6,73
2026-01-15T05:00,37,9.2,12.2,41.3,0.0,2.3,0.572,0.0,0.9,6.9,75
2026-01-15T06:00,37,13.1,17.0,57.0,0.0,3.0,0.828,0.0,1.2,8.1,79
2026-01-15T07:00,37,17.0,21.4,83.8,0.0,3.1,1.183,0.0,1.6,9.1,72
2026-01-15T08:00,37,14.5,21.1,80.4,0.0,3.7,1.189,0.0,1.6,10.1,69
2026-01-15T09:00,37,13.4,19.4,61.9,0.0,3.6,0.83,0.0,1.3,10.6,64
2026-01-15T10:00,37,11.4,16.7,50.2,0.0,4.0,0.733,0.0,1.1,11.6,66
2026-01-15T11:00,37,11.7,17.2,44.7,0.0,4.2,0.658,0.0,1.1,12.3,65
2026-01-15T12:00,37,11.3,14.3,40.7,0.0,3.8,0.655,0.0,1.0,13.4,64
2026-01-15T13:00,37,10.2,15.0,39.7,0.0,4.0,0.648,0.0,0.9,12.9,65
2026-01-15T14:00,37,11.2,17.6,45.9,0.0,4.0,0.689,0.0,1.0,13.7,66
2026-01-15T15:00,37,12.5,19.0,48.0,0.0,4.2,0.741,0.0,1.1,14.0,66
2026-01-15T16:00,37,15.3,21.7,54.0,0.0,4.0,0.848,0.0,1.3,13.1,66
2026-01-15T17:00,37,16.9,26.0,79.6,0.0,4.5,1.207,0.0,1.7,12.3,68
2026-01-15T18:00,37,16.1,23.3,64.0,0.0,3.9,1.066,0.0,1.5,11.5,65
2026-01-15T19:00,37,14.5,18.7,55.3,0.0,4.4,0.818,0.0,1.3,11.6,65
2026-01-15T20:00,37,12.3,17.2,44.3,0.0,4.4,0.694,0.0,1.1,9.8,70
2026-01-15T21:00,37,10.3,15.0,36.0,0.0,4.4,0.558,0.0,0.8,9.0,72
2026-01-15T22:00,37,8.8,15.3,31.9,0.0,3.8,0.458,0.0,0.8,7.8,75
2026-01-15T23:00,37,9.1,12.9,29.1,0.0,4.2,0.478,0.0,0.7,7.5,77
2026-01-15T00:00,38,16.0,18.6,22.4,35.0,2.5,0.0,0.0,0.0,6.7,76
2026-01-15T01:00,38,13.9,16.0,17.4,25.5,2.6,0.0,0.0,0.0,6.3,79
2026-01-15T02:00,38,14.3,15.9,17.5,25.2,2.6,0.0,0.0,0.0,6.4,78
2026-01-15T03:00,38,13.3,14.3,16.7,22.8,2.5,0.0,0.0,0.0,6.4,79
2026-01-15T04:00,38,14.6,16.3,19.4,33.2,2.5,0.0,0.0,0.0,7.0,78
2026-01-15T05:00,38,21.0,20.8,26.3,40.4,2.5,0.0,0.0,0.0,7.3,77
2026-01-15T06:00,38,25.8,26.3,38.5,60.7,3.1,0.0,0.0,0.0,8.3,76
2026-01-15T07:00,38,33.5,35.6,49.5,79.1,3.3,0.0,0.0,0.0,9.0,74
2026-01-15T08:00,38,30.4,32.3,57.8,96.2,3.7,0.0,0.0,0.0,9.5,73
2026-01-15T09:00,38,24.6,29.0,42.8,115.8,3.4,0.0,0.0,0.0,11.0,69
2026-01-15T10:00,38,24.4,27.4,33.4,124.2,3.5,0.0,0.0,0.0,12.2,69
2026-01-15T11:00,38,20.5,22.9,30.3,147.8,3.5,0.0,0.0,0.0,12.5,65
2026-01-15T12:00,38,20.1,23.7,29.3,137.7,3.4,0.0,0.0,0.0,12.8,64
2026-01-15T13:00,38,20.1,21.8,29.3,140.0,3.3,0.0,0.0,0.0,12.8,65
2026-01-15T14:00,38,20.6,25.3,29.7,137.1,3.5,0.0,0.0,0.0,13.3,64
2026-01-15T15:00,38,26.4,25.6,31.5,116.1,3.3,0.0,0.0,0.0,12.7,65
2026-01-15T16:00,38,28.5,29.8,40.3,97.5,2.9,0.0,0.0,0.0,13.5,64
2026-01-15T17:00,38,33.7,36.8,50.1,85.2,3.0,0.0,0.0,0.0,12.3,66
2026-01-15T18:00,38,29.5,29.0,46.1,69.8,2.7,0.0,0.0,0.0,11.0,71
2026-01-15T19:00,38,23.0,27.0,38.2,68.1,2.6,0.0,0.0,0.0,11.4,67
2026-01-15T20:00,38,21.1,22.5,30.1,50.7,2.6,0.0,0.0,0.0,10.0,71
2026-01-15T21:00,38,18.2,20.0,23.9,44.1,2.8,0.0,0.0,0.0,8.5,73
2026-01-15T22:00,38,18.4,18.6,21.0,31.6,2.8,0.0,0.0,0.0,9.0,76
2026-01-15T23:00,38,15.1,18.3,21.7,36.4,2.8,0.0,0.0,0.0,8.0,74
2026-01-16T00:00,19,11.2,15.8,36.9,0.0,3.2,0.663,0.0,0.0,7.1,80
2026-01-16T01:00,19,12.4,14.0,28.5,0.0,3.2,0.535,0.0,0.0,6.6,81
2026-01-16T02:00,19,10.2,14.3,29.1,0.0,3.6,0.579,0.0,0.0,6.3,79
2026-01-16T03:00,19,9.7,13.7,31.3,0.0,3.2,0.567,0.0,0.0,6.9,78
2026-01-16T04:00,19,11.2,13.6,32.5,0.0,3.6,0.685,0.0,0.0,7.3,83
2026-01-16T05:00,19,12.4,18.8,48.4,0.0,4.0,0.914,0.0,0.0,7.5,78
2026-01-16T06:00,19,16.5,23.5,61.1,0.0,4.1,1.193,0.0,0.0,7.8,75
2026-01-16T07:00,19,22.5,29.8,84.3,0.0,4.1,1.674,0.0,0.0,8.7,72
2026-01-16T08:00,19,21.7,27.8,92.7,0.0,4.9,1.494,0.0,0.0,10.5,70
2026-01-16T09:00,19,17.2,24.1,62.6,0.0,4.8,1.194,0.0,0.0,10.7,67
2026-01-16T10:00,19,14.3,21.1,57.9,0.0,4.9,1.026,0.0,0.0,11.4,70
2026-01-16T11:00,19,13.7,19.3,48.4,0.0,4.4,0.878,0.0,0.0,12.6,63
2026-01-16T12:00,19,12.7,16.6,49.0,0.0,4.6,0.899,0.0,0.0,12.8,67
2026-01-16T13:00,19,12.1,17.7,44.1,0.0,4.4,0.863,0.0,0.0,13.5,64
2026-01-16T14:00,19,14.6,17.7,52.0,0.0,4.0,0.921,0.0,0.0,13.3,65
2026-01-16T15:00,19,12.4,19.2,50.9,0.0,4.2,1.015,0.0,0.0,13.3,63
2026-01-16T16:00,19,15.1,21.0,59.9,0.0,4.3,1.172,0.0,0.0,13.1,65
2026-01-16T17:00,19,17.2,22.2,79.2,0.0,4.2,1.555,0.0,0.0,12.7,63
2026-01-16T18:00,19,15.8,22.0,74.8,0.0,3.5,1.337,0.0,0.0,12.0,68
2026-01-16T19:00,19,11.8,18.9,60.0,0.0,3.8,1.112,0.0,0.0,10.9,68
2026-01-16T20:00,19,10.2,15.5,47.9,0.0,4.0,0.888,0.0,0.0,10.1,72
2026-01-16T21:00,19,8.5,12.5,37.8,0.0,3.3,0.756,0.0,0.0,8.8,73
2026-01-16T22:00,19,8.1,11.3,34.4,0.0,3.3,0.629,0.0,0.0,7.9,74
2026-01-16T23:00,19,7.0,11.5,31.5,0.0,3.4,0.645,0.0,0.0,7.0,79
2026-01-16T00:00,20,13.4,21.3,43.3,0.0,7.7,0.398,0.0,0.9,6.9,81
2026-01-16T01:00,20,10.8,17.2,33.8,0.0,7.3,0.316,0.0,0.7,5.9,79
2026-01-16T02:00,20,10.3,16.9,31.8,0.0,7.5,0.308,0.0,0.6,6.3,80
2026-01-16T03:00,20,10.3,16.0,32.5,0.0,6.4,0.278,0.0,0.6,6.9,78
2026-01-16T04:00,20,10.9,18.6,35.2,0.0,6.3,0.348,0.0,0.7,8.1,79
2026-01-16T05:00,20,13.7,22.7,53.6,0.0,7.2,0.503,0.0,0.9,8.1,76
2026-01-16T06:00,20,19.7,27.7,76.7,0.0,7.6,0.651,0.0,1.2,8.5,73
2026-01-16T07:00,20,23.7,38.1,107.7,0.0,8.5,0.824,0.0,1.7,8.3,74
2026-01-16T08:00,20,20.7,35.9,101.2,0.0,8.9,0.722,0.0,1.6,10.5,73
2026-01-16T09:00,20,17.3,28.0,73.4,0.0,8.0,0.669,0.0,1.2,11.2,67
2026-01-16T10:00,20,15.4,25.9,58.7,0.0,7.2,0.56,0.0,1.1,11.9,67
2026-01-16T11:00,20,14.3,23.9,56.7,0.0,7.3,0.496,0.0,0.9,12.9,66
2026-01-16T12:00,20,13.4,23.8,53.2,0.0,7.1,0.472,0.0,0.9,13.4,64
2026-01-16T13:00,20,14.0,21.2,51.7,0.0,7.0,0.479,0.0,0.9,13.2,64
2026-01-16T14:00,20,13.8,24.2,51.9,0.0,5.4,0.414,0.0,0.9,14.4,65
2026-01-16T15:00,20,15.6,24.9,53.8,0.0,5.8,0.441,0.0,1.0,12.7,67
2026-01-16T16:00,20,18.9,29.4,58.7,0.0,5.2,0.527,0.0,1.1,12.9,64
2026-01-16T17:00,20,20.8,33.3,77.3,0.0,4.7,0.717,0.0,1.4,12.6,62
2026-01-16T18:00,20,15.2,27.9,77.1,0.0,4.4,0.612,0.0,1.2,11.6,68
2026-01-16T19:00,20,15.5,24.4,58.9,0.0,4.1,0.511,0.0,0.9,11.7,69
2026-01-16T20:00,20,13.3,18.9,45.4,0.0,3.6,0.473,0.0,0.8,9.6,69
2026-01-16T21:00,20,10.9,18.3,38.6,0.0,3.7,0.307,0.0,0.6,9.1,74
2026-01-16T22:00,20,10.1,16.2,31.1,0.0,3.1,0.282,0.0,0.5,8.3,75
2026-01-16T23:00,20,9.3,15.3,31.4,0.0,2.7,0.278,0.0,0.5,7.7,77
2026-01-16T00:00,21,0.0,3.0,35.6,24.9,0.9,0.359,0.0,0.0,7.9,78
2026-01-16T01:00,21,0.0,2.7,28.4,19.1,0.8,0.344,0.0,0.0,6.3,80
2026-01-16T02:00,21,0.0,3.0,28.5,18.0,0.8,0.321,0.0,0.0,6.7,77
2026-01-16T03:00,21,0.0,3.6,25.9,18.5,0.8,0.311,0.0,0.0,6.8,81
2026-01-16T04:00,21,0.0,4.4,32.2,23.8,0.8,0.365,0.0,0.0,6.6,77
2026-01-16T05:00,21,0.0,5.5,41.9,34.8,0.9,0.487,0.0,0.0,7.9,78
2026-01-16T06:00,21,0.0,7.2,55.0,45.8,0.9,0.691,0.0,0.0,7.8,77
2026-01-16T07:00,21,0.0,11.1,74.3,57.6,1.1,0.913,0.0,0.0,8.6,74
2026-01-16T08:00,21,0.0,11.1,71.8,76.2,1.2,0.807,0.0,0.0,9.7,71
2026-01-16T09:00,21,0.0,9.7,56.5,89.4,1.3,0.621,0.0,0.0,11.1,67
2026-01-16T10:00,21,0.0,9.5,45.4,94.2,1.2,0.562,0.0,0.0,11.5,67
2026-01-16T11:00,21,0.0,9.1,41.5,109.1,1.2,0.485,0.0,0.0,12.4,65
2026-01-16T12:00,21,0.0,9.2,37.6,113.8,1.1,0.505,0.0,0.0,13.0,66
2026-01-16T13:00,21,0.0,8.8,36.9,102.3,1.1,0.484,0.0,0.0,13.4,59
2026-01-16T14:00,21,0.0,11.3,37.4,102.8,1.1,0.485,0.0,0.0,13.6,64
2026-01-16T15:00,21,0.0,13.4,38.9,86.3,1.1,0.448,0.0,0.0,13.5,61
2026-01-16T16:00,21,0.0,15.5,44.3,76.7,1.1,0.591,0.0,0.0,12.6,65
2026-01-16T17:00,21,0.0,20.3,53.4,60.3,1.0,0.696,0.0,0.0,12.9,67
2026-01-16T18:00,21,0.0,16.2,48.0,53.0,0.9,0.691,0.0,0.0,12.1,69
2026-01-16T19:00,21,0.0,15.6,39.3,42.4,0.9,0.519,0.0,0.0,10.9,72
2026-01-16T20:00,21,0.0,13.4,29.0,38.9,0.9,0.441,0.0,0.0,9.8,69
2026-01-16T21:00,21,0.0,13.4,20.8,32.5,0.9,0.338,0.0,0.0,9.5,76
2026-01-16T22:00,21,0.0,11.6,18.8,24.9,0.9,0.293,0.0,0.0,7.7,75
2026-01-16T23:00,21,0.0,11.0,16.4,24.5,0.8,0.292,0.0,0.0,7.8,76
2026-01-16T00:00,22,13.4,19.8,50.0,0.0,4.2,0.396,0.0,1.0,7.3,81
2026-01-16T01:00,22,11.7,18.4,45.7,0.0,4.2,0.338,0.0,0.8,6.4,81
2026-01-16T02:00,22,11.1,17.0,39.2,0.0,4.0,0.306,0.0,0.8,6.4,80
2026-01-16T03:00,22,11.1,17.5,37.6,0.0,4.1,0.307,0.0,0.7,6.9,80
2026-01-16T04:00,22,11.9,17.5,45.3,0.0,4.5,0.383,0.0,0.8,6.9,77
2026-01-16T05:00,22,14.8,19.0,53.9,0.0,4.3,0.489,0.0,1.1,7.9,77
2026-01-16T06:00,22,19.9,25.1,77.0,0.0,5.2,0.691,0.0,1.6,8.6,73
2026-01-16T07:00,22,24.0,36.4,111.0,0.0,5.2,0.938,0.0,2.1,9.2,73
2026-01-16T08:00,22,20.2,34.3,119.7,0.0,5.7,0.819,0.0,1.9,9.9,71
2026-01-16T09:00,22,21.7,28.0,82.9,0.0,5.9,0.69,0.0,1.6,10.7,69
2026-01-16T10:00,22,17.0,23.8,64.4,0.0,5.5,0.578,0.0,1.2,12.0,68
2026-01-16T11:00,22,14.7,23.6,54.7,0.0,6.1,0.456,0.0,1.1,11.4,65
2026-01-16T12:00,22,14.1,20.5,53.4,0.0,5.9,0.443,0.0,1.1,13.5,65
2026-01-16T13:00,22,14.5,22.3,49.3,0.0,5.3,0.457,0.0,1.1,13.0,65
2026-01-16T14:00,22,14.4,21.6,50.8,0.0,5.3,0.47,0.0,1.1,13.5,65
2026-01-16T15:00,22,17.1,24.9,51.8,0.0,5.6,0.496,0.0,1.1,12.8,62
2026-01-16T16:00,22,21.0,29.6,63.6,0.0,5.2,0.584,0.0,1.5,13.4,64
2026-01-16T17:00,22,19.3,33.1,81.9,0.0,5.1,0.769,0.0,1.5,13.0,64
2026-01-16T18:00,22,18.2,25.6,66.9,0.0,5.1,0.592,0.0,1.4,11.7,68
2026-01-16T19:00,22,14.8,21.0,57.3,0.0,4.9,0.54,0.0,1.2,10.7,68
2026-01-16T20:00,22,14.2,21.6,46.5,0.0,4.4,0.427,0.0,1.0,10.1,70
2026-01-16T21:00,22,12.7,17.9,33.0,0.0,4.3,0.353,0.0,0.7,9.1,74
2026-01-16T22:00,22,10.3,15.4,26.4,0.0,4.7,0.291,0.0,0.7,8.7,76
2026-01-16T23:00,22,9.4,15.3,24.9,0.0,4.3,0.269,0.0,0.7,7.9,78
2026-01-16T00:00,37,9.5,13.0,29.0,0.0,4.2,0.456,0.0,0.8,7.1,81
2026-01-16T01:00,37,7.9,11.2,25.4,0.0,4.0,0.396,0.0,0.6,6.8,77
2026-01-16T02:00,37,8.0,10.8,21.8,0.0,4.1,0.382,0.0,0.6,6.7,82
2026-01-16T03:00,37,7.9,10.8,23.2,0.0,4.1,0.402,0.0,0.5,7.1,78
2026-01-16T04:00,37,7.5,11.6,23.4,0.0,4.0,0.452,0.0,0.6,6.7,77
2026-01-16T05:00,37,11.1,14.0,35.2,0.0,3.8,0.553,0.0,0.9,7.7,78
2026-01-16T06:00,37,13.1,17.8,45.2,0.0,4.4,0.793,0.0,1.1,8.0,74
2026-01-16T07:00,37,17.9,24.4,63.0,0.0,4.3,1.126,0.0,1.6,8.7,72
2026-01-16T08:00,37,15.6,23.6,60.7,0.0,4.9,1.04,0.0,1.5,9.9,73
2026-01-16T09:00,37,13.7,19.4,44.3,0.0,4.6,0.83,0.0,1.2,10.8,66
2026-01-16T10:00,37,11.2,15.3,34.7,0.0,4.6,0.707,0.0,1.1,11.5,67
2026-01-16T11:00,37,11.0,14.9,29.2,0.0,3.9,0.59,0.0,0.9,12.8,68
2026-01-16T12:00,37,10.1,13.6,27.9,0.0,4.3,0.597,0.0,0.9,12.6,67
2026-01-16T13:00,37,9.8,13.4,25.2,0.0,3.8,0.577,0.0,0.8,12.9,66
2026-01-16T14:00,37,9.9,14.6,26.7,0.0,3.5,0.55,0.0,0.8,13.1,64
2026-01-16T15:00,37,10.6,16.7,31.0,0.0,3.3,0.625,0.0,0.9,13.5,63
2026-01-16T16:00,37,12.4,19.6,33.5,0.0,2.9,0.817,0.0,1.1,12.9,66
2026-01-16T17:00,37,15.1,20.0,38.3,0.0,3.1,0.98,0.0,1.3,12.2,66
2026-01-16T18:00,37,10.8,18.3,32.2,0.0,2.4,0.832,0.0,1.2,11.4,65
2026-01-16T19:00,37,10.1,14.0,26.1,0.0,2.7,0.784,0.0,1.0,11.6,69
2026-01-16T20:00,37,7.3,12.9,19.3,0.0,2.4,0.648,0.0,0.8,10.2,71
2026-01-16T21:00,37,7.6,11.3,13.8,0.0,2.1,0.451,0.0,0.6,9.6,75
2026-01-16T22:00,37,6.4,9.3,12.7,0.0,1.9,0.423,0.0,0.5,8.5,79
2026-01-16T23:00,37,6.6,9.7,10.9,0.0,1.9,0.388,0.0,0.5,8.4,79
2026-01-16T00:00,38,0.0,0.0,0.0,0.0,0.0,0.0,0.0,0.0,7.1,76
2026-01-16T01:00,38,0.5,0.6,0.5,1.1,0.0,0.0,0.0,0.0,6.5,79
2026-01-16T02:00,38,1.0,1.0,0.9,2.0,0.0,0.0,0.0,0.0,5.9,78
2026-01-16T03:00,38,1.5,1.5,1.4,2.9,0.0,0.0,0.0,0.0,6.5,78
2026-01-16T04:00,38,2.1,2.3,2.4,5.2,0.0,0.0,0.0,0.0,6.9,78
2026-01-16T05:00,38,3.6,3.0,3.8,8.7,0.0,0.0,0.0,0.0,8.0,78
2026-01-16T06:00,38,5.0,5.3,7.3,15.0,0.0,0.0,0.0,0.0,8.1,75
2026-01-16T07:00,38,8.2,9.2,11.6,21.0,0.0,0.0,0.0,0.0,9.3,75
2026-01-16T08:00,38,8.5,9.0,12.1,30.4,0.0,0.0,0.0,0.0,9.5,72
2026-01-16T09:00,38,7.9,8.5,11.5,39.7,0.0,0.0,0.0,0.0,11.3,68
2026-01-16T10:00,38,8.8,8.0,9.5,57.0,0.0,0.0,0.0,0.0,11.9,64
2026-01-16T11:00,38,7.9,8.3,10.1,66.3,0.0,0.0,0.0,0.0,12.5,65
2026-01-16T12:00,38,9.4,8.5,10.1,72.7,0.0,0.0,0.0,0.0,12.9,61
2026-01-16T13:00,38,9.8,8.9,10.8,77.5,0.0,0.0,0.0,0.0,13.6,64
2026-01-16T14:00,38,11.4,10.5,13.4,73.3,0.0,0.0,0.0,0.0,13.5,65
2026-01-16T15:00,38,13.6,13.4,14.6,74.0,0.0,0.0,0.0,0.0,13.4,64
2026-01-16T16:00,38,17.3,16.5,17.8,61.7,0.0,0.0,0.0,0.0,13.7,65
2026-01-16T17:00,38,20.7,19.5,23.8,58.8,0.0,0.0,0.0,0.0,12.4,67
2026-01-16T18:00,38,17.1,18.5,25.6,46.3,0.0,0.0,0.0,0.0,11.2,70
2026-01-16T19:00,38,15.4,15.2,22.0,47.5,0.0,0.0,0.0,0.0,10.1,70
2026-01-16T20:00,38,16.0,14.0,17.7,43.3,0.0,0.0,0.0,0.0,10.3,69
2026-01-16T21:00,38,14.2,14.5,14.3,38.6,0.0,0.0,0.0,0.0,8.8,71
2026-01-16T22:00,38,13.3,13.9,13.7,33.7,0.0,0.0,0.0,0.0,7.9,79
2026-01-16T23:00,38,12.1,13.8,15.2,29.4,0.0,0.0,0.0,0.0,7.9,74
2026-01-17T00:00,19,7.3,11.1,30.0,0.0,3.5,0.606,0.0,0.0,7.6,77
2026-01-17T01:00,19,6.9,9.6,25.6,0.0,3.1,0.512,0.0,0.0,6.9,83
2026-01-17T02:00,19,6.2,8.1,25.2,0.0,3.2,0.433,0.0,0.0,7.1,81
2026-01-17T03:00,19,6.4,10.0,23.1,0.0,3.3,0.482,0.0,0.0,7.3,81
2026-01-17T04:00,19,6.9,9.2,26.9,0.0,3.4,0.533,0.0,0.0,7.4,78
2026-01-17T05:00,19,9.2,11.7,36.0,0.0,3.3,0.8,0.0,0.0,7.2,76
2026-01-17T06:00,19,11.3,16.1,43.2,0.0,3.9,1.049,0.0,0.0,8.0,76
2026-01-17T07:00,19,14.4,20.0,62.2,0.0,4.6,1.458,0.0,0.0,9.9,75
2026-01-17T08:00,19,14.0,22.3,66.0,0.0,4.7,1.453,0.0,0.0,10.4,72
2026-01-17T09:00,19,12.1,18.8,51.5,0.0,3.8,1.128,0.0,0.0,10.7,68
2026-01-17T10:00,19,10.0,17.1,39.9,0.0,4.4,0.905,0.0,0.0,12.0,70
2026-01-17T11:00,19,9.9,14.4,31.8,0.0,3.9,0.844,0.0,0.0,12.6,62
2026-01-17T12:00,19,8.8,15.1,31.5,0.0,4.0,0.819,0.0,0.0,13.5,66
2026-01-17T13:00,19,9.1,13.1,29.0,0.0,4.0,0.866,0.0,0.0,13.7,65
2026-01-17T14:00,19,10.0,15.6,28.9,0.0,3.9,0.866,0.0,0.0,13.5,66
2026-01-17T15:00,19,11.6,16.9,32.6,0.0,3.4,0.866,0.0,0.0,12.9,63
2026-01-17T16:00,19,13.8,19.9,38.4,0.0,3.5,1.046,0.0,0.0,12.9,61
2026-01-17T17:00,19,15.7,23.7,43.1,0.0,3.4,1.288,0.0,0.0,12.3,61
2026-01-17T18:00,19,13.6,22.2,42.3,0.0,3.4,1.05,0.0,0.0,11.7,68
2026-01-17T19:00,19,10.9,16.1,32.8,0.0,3.1,1.031,0.0,0.0,11.2,70
2026-01-17T20:00,19,10.4,14.8,23.8,0.0,3.2,0.83,0.0,0.0,10.1,72
2026-01-17T21:00,19,8.7,15.0,19.4,0.0,3.2,0.674,0.0,0.0,9.2,76
2026-01-17T22:00,19,7.8,12.7,15.6,0.0,2.6,0.56,0.0,0.0,8.1,76
2026-01-17T23:00,19,8.0,12.5,13.4,0.0,2.5,0.532,0.0,0.0,7.3,76
2026-01-17T00:00,20,9.2,15.3,30.8,0.0,2.6,0.271,0.0,0.5,7.4,82
2026-01-17T01:00,20,7.9,13.9,24.6,0.0,2.4,0.21,0.0,0.4,6.4,77
2026-01-17T02:00,20,7.3,12.0,22.4,0.0,2.5,0.197,0.0,0.4,6.0,77
2026-01-17T03:00,20,8.0,11.1,24.0,0.0,2.6,0.235,0.0,0.4,6.6,79
2026-01-17T04:00,20,7.7,14.6,26.0,0.0,2.6,0.248,0.0,0.5,7.3,75
2026-01-17T05:00,20,10.7,17.1,35.2,0.0,2.9,0.335,0.0,0.6,6.8,77
2026-01-17T06:00,20,13.2,21.5,43.5,0.0,2.9,0.497,0.0,0.9,8.1,72
2026-01-17T07:00,20,16.7,29.7,69.7,0.0,3.2,0.663,0.0,1.2,8.9,73
2026-01-17T08:00,20,14.9,26.6,65.9,0.0,3.0,0.579,0.0,1.2,10.2,68
2026-01-17T09:00,20,14.1,23.2,49.5,0.0,3.1,0.57,0.0,0.8,10.5,68
2026-01-17T10:00,20,10.9,19.0,36.9,0.0,2.8,0.431,0.0,0.8,11.7,70
2026-01-17T11:00,20,10.9,18.3,35.0,0.0,2.9,0.399,0.0,0.7,12.4,66
2026-01-17T12:00,20,9.6,16.9,33.4,0.0,3.1,0.356,0.0,0.8,12.8,62
2026-01-17T13:00,20,10.5,15.8,30.6,0.0,2.9,0.385,0.0,0.7,14.2,65
2026-01-17T14:00,20,11.3,18.5,28.6,0.0,2.4,0.382,0.0,0.7,12.6,61
2026-01-17T15:00,20,12.4,20.9,34.3,0.0,2.5,0.418,0.0,0.8,14.1,67
2026-01-17T16:00,20,14.2,22.9,41.0,0.0,2.5,0.464,0.0,1.0,12.9,64
2026-01-17T17:00,20,16.5,26.0,42.7,0.0,2.5,0.579,0.0,1.2,12.2,66
2026-01-17T18:00,20,13.7,22.6,42.0,0.0,2.3,0.606,0.0,1.2,12.2,67
2026-01-17T19:00,20,11.1,19.4,34.9,0.0,2.1,0.488,0.0,0.9,10.7,68
2026-01-17T20:00,20,9.8,16.6,24.6,0.0,2.0,0.385,0.0,0.8,10.0,68
2026-01-17T21:00,20,8.3,15.3,19.7,0.0,2.0,0.338,0.0,0.6,9.1,77
2026-01-17T22:00,20,7.7,15.2,18.5,0.0,2.0,0.263,0.0,0.5,7.8,77
2026-01-17T23:00,20,7.2,13.0,14.1,0.0,1.8,0.264,0.0,0.5,7.9,76
2026-01-17T00:00,21,0.0,12.0,16.2,25.8,0.0,0.266,0.0,0.0,7.0,82
2026-01-17T01:00,21,0.0,10.7,12.8,21.1,0.1,0.23,0.0,0.0,6.8,80
2026-01-17T02:00,21,0.0,10.1,12.5,17.1,0.2,0.213,0.0,0.0,6.1,78
2026-01-17T03:00,21,0.0,9.9,12.7,16.9,0.3,0.202,0.0,0.0,6.7,79
2026-01-17T04:00,21,0.0,10.9,13.3,24.0,0.5,0.24,0.0,0.0,7.3,77
2026-01-17T05:00,21,0.0,14.2,19.3,31.8,0.6,0.338,0.0,0.0,7.1,78
2026-01-17T06:00,21,0.0,18.2,28.3,44.3,0.7,0.477,0.0,0.0,8.6,77
2026-01-17T07:00,21,0.0,24.6,37.9,53.0,1.0,0.659,0.0,0.0,8.8,75
2026-01-17T08:00,21,0.0,21.9,35.0,71.7,1.2,0.622,0.0,0.0,10.5,72
2026-01-17T09:00,21,0.0,20.0,27.0,81.7,1.4,0.501,0.0,0.0,11.0,69
2026-01-17T10:00,21,0.0,16.5,19.7,98.0,1.6,0.489,0.0,0.0,11.5,68
2026-01-17T11:00,21,0.0,15.0,20.3,97.0,1.5,0.372,0.0,0.0,12.3,66
2026-01-17T12:00,21,0.0,14.4,21.5,115.6,1.6,0.351,0.0,0.0,12.9,66
2026-01-17T13:00,21,0.0,14.3,18.6,100.3,1.7,0.369,0.0,0.0,13.9,64
2026-01-17T14:00,21,0.0,15.5,20.9,97.7,1.9,0.405,0.0,0.0,14.1,60
2026-01-17T15:00,21,0.0,18.0,20.9,85.0,1.9,0.402,0.0,0.0,14.0,61
2026-01-17T16:00,21,0.0,20.3,24.6,70.3,2.3,0.502,0.0,0.0,12.4,69
2026-01-17T17:00,21,0.0,23.7,28.5,57.2,2.3,0.665,0.0,0.0,12.9,67
2026-01-17T18:00,21,0.0,22.7,31.7,46.9,2.1,0.598,0.0,0.0,11.9,67
2026-01-17T19:00,21,0.0,16.4,22.4,41.5,2.3,0.455,0.0,0.0,11.0,70
2026-01-17T20:00,21,0.0,14.5,18.5,35.3,2.2,0.412,0.0,0.0,9.7,68
2026-01-17T21:00,21,0.0,12.9,15.8,28.2,2.7,0.321,0.0,0.0,8.8,71
2026-01-17T22:00,21,0.0,13.5,12.7,23.2,2.5,0.279,0.0,0.0,8.1,77
2026-01-17T23:00,21,0.0,12.7,12.0,21.3,2.8,0.292,0.0,0.0,7.7,76
2026-01-17T00:00,22,10.2,15.1,26.3,0.0,4.6,0.272,0.0,0.7,6.2,78
2026-01-17T01:00,22,8.8,11.7,19.5,0.0,4.2,0.217,0.0,0.5,7.0,81
2026-01-17T02:00,22,8.2,13.0,19.0,0.0,4.4,0.212,0.0,0.5,6.1,77
2026-01-17T03:00,22,8.1,12.1,20.0,0.0,4.6,0.212,0.0,0.5,6.4,80
2026-01-17T04:00,22,8.2,13.1,22.1,0.0,4.8,0.258,0.0,0.5,6.6,79
2026-01-17T05:00,22,12.5,16.6,28.6,0.0,5.7,0.34,0.0,0.9,7.5,78
2026-01-17T06:00,22,16.0,21.7,41.2,0.0,6.2,0.485,0.0,1.0,8.6,74
2026-01-17T07:00,22,19.8,28.2,58.6,0.0,6.1,0.687,0.0,1.5,9.5,71
2026-01-17T08:00,22,17.6,28.1,54.9,0.0,7.2,0.598,0.0,1.4,10.2,71
2026-01-17T09:00,22,14.2,25.2,45.5,0.0,7.9,0.499,0.0,1.2,10.7,70
2026-01-17T10:00,22,13.8,19.9,41.3,0.0,7.7,0.443,0.0,0.9,11.5,68
2026-01-17T11:00,22,11.1,17.2,32.6,0.0,6.6,0.403,0.0,0.9,12.3,65
2026-01-17T12:00,22,11.1,16.7,32.2,0.0,7.1,0.378,0.0,0.9,13.2,64
2026-01-17T13:00,22,11.6,19.3,32.1,0.0,6.9,0.372,0.0,0.8,13.2,62
2026-01-17T14:00,22,13.6,20.4,34.2,0.0,7.8,0.38,0.0,0.9,14.6,64
2026-01-17T15:00,22,13.6,23.5,30.6,0.0,7.0,0.364,0.0,0.9,13.5,64
2026-01-17T16:00,22,16.2,25.8,41.7,0.0,7.1,0.511,0.0,1.1,12.9,65
2026-01-17T17:00,22,18.8,30.8,50.8,0.0,7.7,0.661,0.0,1.3,12.8,68
2026-01-17T18:00,22,15.2,25.1,46.2,0.0,7.2,0.566,0.0,1.2,11.2,70
2026-01-17T19:00,22,12.9,20.8,36.5,0.0,6.7,0.509,0.0,1.0,10.5,69
2026-01-17T20:00,22,11.8,18.6,30.4,0.0,7.1,0.392,0.0,0.9,10.6,70
2026-01-17T21:00,22,11.2,17.6,24.7,0.0,6.8,0.314,0.0,0.7,8.9,71
2026-01-17T22:00,22,9.4,14.6,19.5,0.0,6.5,0.267,0.0,0.7,8.7,74
2026-01-17T23:00,22,9.0,14.6,19.7,0.0,6.0,0.285,0.0,0.6,8.3,79
2026-01-17T00:00,37,5.9,9.7,10.9,0.0,1.7,0.389,0.0,0.5,7.6,79
2026-01-17T01:00,37,4.9,7.4,8.8,0.0,1.6,0.332,0.0,0.5,7.1,78
2026-01-17T02:00,37,5.0,8.3,8.7,0.0,1.7,0.326,0.0,0.4,6.5,81
2026-01-17T03:00,37,5.2,7.7,8.8,0.0,1.9,0.303,0.0,0.4,6.9,81
2026-01-17T04:00,37,5.2,8.2,10.1,0.0,1.8,0.362,0.0,0.5,7.0,81
2026-01-17T05:00,37,7.0,9.6,13.3,0.0,1.9,0.492,0.0,0.7,7.5,80
2026-01-17T06:00,37,9.5,13.9,19.1,0.0,2.0,0.711,0.0,0.9,8.9,77
2026-01-17T07:00,37,12.7,15.9,25.2,0.0,2.2,1.074,0.0,1.3,9.2,73
2026-01-17T08:00,37,9.9,16.6,28.8,0.0,2.2,0.833,0.0,1.2,10.7,77
2026-01-17T09:00,37,9.3,15.1,21.3,0.0,2.2,0.78,0.0,1.0,11.0,71
2026-01-17T10:00,37,8.3,12.6,18.0,0.0,2.3,0.568,0.0,0.9,12.0,69
2026-01-17T11:00,37,8.0,11.9,15.5,0.0,2.3,0.565,0.0,0.8,12.2,66
2026-01-17T12:00,37,6.8,12.3,15.2,0.0,2.3,0.602,0.0,0.9,13.0,64
2026-01-17T13:00,37,7.0,11.9,15.2,0.0,2.2,0.551,0.0,0.8,13.0,65
2026-01-17T14:00,37,8.9,11.8,17.1,0.0,2.1,0.598,0.0,0.8,13.4,66
2026-01-17T15:00,37,9.6,15.1,17.4,0.0,2.0,0.579,0.0,0.9,13.7,67
2026-01-17T16:00,37,11.2,16.1,20.5,0.0,2.0,0.801,0.0,1.1,13.2,68
2026-01-17T17:00,37,11.0,16.3,28.3,0.0,2.0,0.955,0.0,1.4,12.3,66
2026-01-17T18:00,37,10.1,16.4,24.9,0.0,1.8,0.881,0.0,1.4,10.9,68
2026-01-17T19:00,37,8.0,14.4,20.4,0.0,1.9,0.744,0.0,1.0,10.3,72
2026-01-17T20:00,37,8.4,11.6,14.9,0.0,1.9,0.572,0.0,1.0,9.6,74
2026-01-17T21:00,37,6.9,11.1,13.0,0.0,1.9,0.442,0.0,0.7,8.9,79
2026-01-17T22:00,37,6.3,10.0,10.6,0.0,1.6,0.407,0.0,0.7,8.6,74
2026-01-17T23:00,37,5.9,9.5,11.8,0.0,1.8,0.418,0.0,0.7,7.1,76
2026-01-17T00:00,38,14.1,14.4,13.5,34.1,0.0,0.0,0.0,0.0,6.5,79
2026-01-17T01:00,38,12.9,12.3,11.3,27.1,0.0,0.0,0.0,0.0,6.1,80
2026-01-17T02:00,38,10.8,11.7,11.0,23.7,0.0,0.0,0.0,0.0,6.5,78
2026-01-17T03:00,38,11.5,11.6,10.9,23.0,0.0,0.0,0.0,0.0,6.4,79
2026-01-17T04:00,38,12.7,12.3,12.3,32.3,0.0,0.0,0.0,0.0,6.9,80
2026-01-17T05:00,38,17.6,15.2,16.7,42.7,0.0,0.0,0.0,0.0,7.5,76
2026-01-17T06:00,38,20.7,19.6,22.0,54.4,0.0,0.0,0.0,0.0,7.8,74
2026-01-17T07:00,38,26.3,27.0,33.0,68.5,0.0,0.0,0.0,0.0,9.7,74
2026-01-17T08:00,38,24.1,24.6,31.4,89.8,0.0,0.0,0.0,0.0,9.8,71
2026-01-17T09:00,38,19.8,22.1,23.8,106.7,0.0,0.0,0.0,0.0,10.8,72
2026-01-17T10:00,38,16.8,17.1,17.5,129.4,0.0,0.0,0.0,0.0,12.1,69
2026-01-17T11:00,38,16.0,16.9,15.9,126.5,0.0,0.0,0.0,0.0,13.1,69
2026-01-17T12:00,38,17.5,17.5,15.5,144.7,0.0,0.0,0.0,0.0,13.0,67
2026-01-17T13:00,38,14.3,15.7,15.1,130.1,0.0,0.0,0.0,0.0,13.9,64
2026-01-17T14:00,38,16.8,13.9,14.8,120.3,0.0,0.0,0.0,0.0,14.2,64
2026-01-17T15:00,38,17.7,17.9,16.4,94.3,0.0,0.0,0.0,0.0,13.2,63
2026-01-17T16:00,38,19.9,20.6,19.6,85.8,0.0,0.0,0.0,0.0,13.0,64
2026-01-17T17:00,38,22.9,24.5,20.6,75.4,0.0,0.0,0.0,0.0,12.2,63
2026-01-17T18:00,38,18.9,21.4,19.3,60.1,0.0,0.0,0.0,0.0,11.9,65
2026-01-17T19:00,38,16.1,14.7,15.0,53.6,0.0,0.0,0.0,0.0,10.7,70
2026-01-17T20:00,38,14.3,14.6,12.7,43.9,0.0,0.0,0.0,0.0,9.9,73
2026-01-17T21:00,38,13.0,12.4,10.2,38.6,0.0,0.0,0.0,0.0,9.3,73
2026-01-17T22:00,38,11.5,12.0,7.6,29.4,0.0,0.0,0.0,0.0,8.0,75
2026-01-17T23:00,38,10.8,11.5,7.3,30.4,0.0,0.0,0.0,0.0,7.2,77
2026-01-18T00:00,19,7.4,11.5,14.3,0.0,2.5,0.574,0.0,0.0,7.0,77
2026-01-18T01:00,19,6.2,10.7,10.7,0.0,2.7,0.47,0.0,0.0,7.2,78
2026-01-18T02:00,19,6.2,10.5,12.1,0.0,2.5,0.454,0.0,0.0,6.2,77
2026-01-18T03:00,19,6.2,10.4,11.6,0.0,2.6,0.471,0.0,0.0,6.1,82
2026-01-18T04:00,19,6.6,10.5,13.0,0.0,2.6,0.537,0.0,0.0,6.7,76
2026-01-18T05:00,19,8.7,12.7,16.4,0.0,2.7,0.7,0.0,0.0,6.9,79
2026-01-18T06:00,19,10.3,16.7,23.9,0.0,2.9,0.982,0.0,0.0,7.9,77
2026-01-18T07:00,19,13.5,21.3,34.6,0.0,3.3,1.348,0.0,0.0,8.6,75
2026-01-18T08:00,19,13.4,22.4,30.6,0.0,3.5,1.295,0.0,0.0,9.7,70
2026-01-18T09:00,19,11.1,18.3,25.3,0.0,3.5,1.003,0.0,0.0,10.9,73
2026-01-18T10:00,19,10.2,16.0,21.3,0.0,3.4,0.867,0.0,0.0,11.4,67
2026-01-18T11:00,19,8.5,15.4,19.4,0.0,3.4,0.826,0.0,0.0,12.3,64
2026-01-18T12:00,19,8.3,14.4,16.7,0.0,3.3,0.725,0.0,0.0,12.9,62
2026-01-18T13:00,19,7.8,14.0,17.0,0.0,3.5,0.784,0.0,0.0,14.2,63
2026-01-18T14:00,19,8.7,15.5,18.3,0.0,3.5,0.839,0.0,0.0,13.2,63
2026-01-18T15:00,19,9.7,18.0,19.0,0.0,3.1,0.944,0.0,0.0,13.4,64
2026-01-18T16:00,19,12.0,18.5,24.3,0.0,3.0,0.979,0.0,0.0,13.3,62
2026-01-18T17:00,19,12.5,22.1,30.1,0.0,3.0,1.297,0.0,0.0,12.3,67
2026-01-18T18:00,19,10.1,18.3,26.0,0.0,2.8,1.203,0.0,0.0,11.7,69
2026-01-18T19:00,19,9.1,15.2,21.3,0.0,2.8,1.063,0.0,0.0,10.8,69
2026-01-18T20:00,19,8.8,15.1,16.7,0.0,3.0,0.778,0.0,0.0,10.2,72
2026-01-18T21:00,19,6.9,12.9,13.5,0.0,2.6,0.689,0.0,0.0,9.0,72
2026-01-18T22:00,19,6.7,11.5,12.7,0.0,2.6,0.608,0.0,0.0,7.9,76
2026-01-18T23:00,19,5.6,9.9,11.7,0.0,2.6,0.632,0.0,0.0,7.6,77
2026-01-18T00:00,20,7.3,13.0,15.6,0.0,1.7,0.287,0.0,0.5,7.8,78
2026-01-18T01:00,20,7.0,10.8,12.8,0.0,1.8,0.247,0.0,0.5,6.8,79
2026-01-18T02:00,20,5.8,8.9,12.8,0.0,1.8,0.21,0.0,0.4,7.2,84
2026-01-18T03:00,20,6.0,9.3,11.7,0.0,1.9,0.211,0.0,0.5,6.3,81
2026-01-18T04:00,20,7.0,12.1,14.3,0.0,2.0,0.233,0.0,0.5,6.9,75
2026-01-18T05:00,20,8.4,13.5,20.3,0.0,2.5,0.359,0.0,0.7,7.9,77
2026-01-18T06:00,20,12.3,18.0,23.3,0.0,2.7,0.469,0.0,0.9,8.6,73
2026-01-18T07:00,20,14.5,24.2,37.5,0.0,3.0,0.615,0.0,1.4,9.3,75
2026-01-18T08:00,20,13.0,23.7,40.7,0.0,3.1,0.577,0.0,1.2,10.2,72
2026-01-18T09:00,20,10.9,19.0,27.3,0.0,3.4,0.403,0.0,1.1,10.3,70
2026-01-18T10:00,20,9.8,17.9,26.7,0.0,3.1,0.39,0.0,0.8,11.9,64
2026-01-18T11:00,20,9.4,15.0,20.2,0.0,3.4,0.323,0.0,0.7,12.7,69
2026-01-18T12:00,20,9.6,16.7,21.0,0.0,3.3,0.339,0.0,0.8,12.9,64
2026-01-18T13:00,20,9.0,14.2,20.7,0.0,3.5,0.321,0.0,0.7,13.5,63
2026-01-18T14:00,20,9.6,16.1,21.0,0.0,3.3,0.351,0.0,0.8,13.3,63
2026-01-18T15:00,20,10.8,18.2,23.3,0.0,3.6,0.321,0.0,0.8,13.3,65
2026-01-18T16:00,20,12.8,19.6,26.3,0.0,3.6,0.401,0.0,1.0,13.0,68
2026-01-18T17:00,20,14.4,24.1,32.2,0.0,3.5,0.497,0.0,1.3,12.8,67
2026-01-18T18:00,20,13.1,21.0,29.2,0.0,3.2,0.487,0.0,1.2,11.7,69
2026-01-18T19:00,20,9.6,16.6,26.1,0.0,3.2,0.415,0.0,0.9,11.0,71
2026-01-18T20:00,20,9.7,15.3,20.2,0.0,3.4,0.299,0.0,0.8,9.8,69
2026-01-18T21:00,20,8.0,13.7,14.7,0.0,3.6,0.263,0.0,0.7,9.2,69
2026-01-18T22:00,20,6.7,11.7,14.6,0.0,3.4,0.203,0.0,0.6,8.0,76
2026-01-18T23:00,20,6.5,11.7,12.3,0.0,3.5,0.2,0.0,0.6,7.5,77
2026-01-18T00:00,21,0.0,11.6,10.7,21.3,2.6,0.283,0.0,0.0,7.2,75
2026-01-18T01:00,21,0.0,10.2,9.4,18.5,2.5,0.218,0.0,0.0,7.3,81
2026-01-18T02:00,21,0.0,11.0,8.2,17.1,2.2,0.22,0.0,0.0,5.8,82
2026-01-18T03:00,21,0.0,10.5,8.6,15.0,2.5,0.246,0.0,0.0,6.8,80
2026-01-18T04:00,21,0.0,11.5,8.8,21.5,2.7,0.266,0.0,0.0,6.7,81
2026-01-18T05:00,21,0.0,14.5,12.7,31.7,2.8,0.364,0.0,0.0,7.1,76
2026-01-18T06:00,21,0.0,16.9,18.5,43.5,3.5,0.535,0.0,0.0,8.9,71
2026-01-18T07:00,21,0.0,22.4,28.5,55.4,3.6,0.741,0.0,0.0,8.7,77
2026-01-18T08:00,21,0.0,21.8,25.0,74.1,3.9,0.641,0.0,0.0,10.1,70
2026-01-18T09:00,21,0.0,18.3,18.6,77.5,3.6,0.518,0.0,0.0,10.1,68
2026-01-18T10:00,21,0.0,16.1,14.7,83.7,3.7,0.516,0.0,0.0,10.9,69
2026-01-18T11:00,21,0.0,15.0,13.6,88.6,3.7,0.427,0.0,0.0,12.4,64
2026-01-18T12:00,21,0.0,14.3,13.5,109.6,3.8,0.396,0.0,0.0,13.5,65
2026-01-18T13:00,21,0.0,13.0,12.4,103.0,3.8,0.379,0.0,0.0,13.9,61
2026-01-18T14:00,21,0.0,15.1,13.7,96.5,3.8,0.44,0.0,0.0,13.5,62
2026-01-18T15:00,21,0.0,16.3,14.3,81.7,3.7,0.514,0.0,0.0,13.6,62
2026-01-18T16:00,21,0.0,18.2,14.5,71.9,3.6,0.596,0.0,0.0,12.8,65
2026-01-18T17:00,21,0.0,23.9,18.4,56.0,3.5,0.698,0.0,0.0,12.3,67
2026-01-18T18:00,21,0.0,20.2,17.1,49.4,3.4,0.682,0.0,0.0,11.8,66
2026-01-18T19:00,21,0.0,16.5,16.0,42.9,3.8,0.607,0.0,0.0,11.4,69
2026-01-18T20:00,21,0.0,15.6,12.4,36.8,3.8,0.461,0.0,0.0,9.6,72
2026-01-18T21:00,21,0.0,12.3,8.7,32.1,3.7,0.407,0.0,0.0,9.2,68
2026-01-18T22:00,21,0.0,13.0,8.3,25.2,3.6,0.338,0.0,0.0,8.3,76
2026-01-18T23:00,21,0.0,11.2,7.5,24.6,3.2,0.315,0.0,0.0,7.0,79
2026-01-18T00:00,22,8.9,14.2,18.4,0.0,6.9,0.263,0.0,0.7,6.8,78
2026-01-18T01:00,22,7.7,15.0,16.7,0.0,6.9,0.221,0.0,0.5,6.5,79
2026-01-18T02:00,22,8.4,12.8,16.5,0.0,6.8,0.213,0.0,0.5,6.9,77
2026-01-18T03:00,22,7.5,11.2,14.5,0.0,6.8,0.218,0.0,0.5,7.1,79
2026-01-18T04:00,22,8.3,13.1,17.6,0.0,6.9,0.229,0.0,0.6,6.9,76
2026-01-18T05:00,22,9.2,17.0,22.6,0.0,7.6,0.335,0.0,0.8,7.8,78
2026-01-18T06:00,22,13.5,20.9,34.0,0.0,8.9,0.484,0.0,1.1,8.1,79
2026-01-18T07:00,22,16.5,28.2,48.2,0.0,9.5,0.666,0.0,1.7,8.1,74
2026-01-18T08:00,22,14.7,26.5,50.0,0.0,9.1,0.562,0.0,1.5,9.9,73
2026-01-18T09:00,22,13.3,24.5,39.2,0.0,9.6,0.518,0.0,1.0,11.4,70
2026-01-18T10:00,22,11.5,18.8,30.0,0.0,8.7,0.464,0.0,1.0,11.1,69
2026-01-18T11:00,22,10.5,15.9,27.1,0.0,8.8,0.371,0.0,0.9,12.7,68
2026-01-18T12:00,22,9.8,15.4,26.0,0.0,9.1,0.362,0.0,0.9,12.7,63
2026-01-18T13:00,22,10.1,15.0,27.7,0.0,9.2,0.39,0.0,0.9,13.6,65
2026-01-18T14:00,22,10.3,18.6,27.5,0.0,8.9,0.385,0.0,1.0,13.2,64
2026-01-18T15:00,22,11.4,19.9,32.2,0.0,8.8,0.423,0.0,1.0,13.3,67
2026-01-18T16:00,22,13.3,23.2,39.0,0.0,8.4,0.52,0.0,1.3,13.5,63
2026-01-18T17:00,22,14.3,26.9,46.8,0.0,8.3,0.576,0.0,1.6,12.5,66
2026-01-18T18:00,22,13.5,20.4,42.5,0.0,7.2,0.568,0.0,1.4,12.2,70
2026-01-18T19:00,22,10.1,17.4,35.6,0.0,7.5,0.502,0.0,1.2,11.0,70
2026-01-18T20:00,22,9.3,15.4,29.9,0.0,7.1,0.404,0.0,0.9,9.8,73
2026-01-18T21:00,22,8.9,14.5,24.1,0.0,7.3,0.325,0.0,0.8,8.7,73
2026-01-18T22:00,22,7.2,13.2,21.7,0.0,6.8,0.256,0.0,0.7,8.0,77
2026-01-18T23:00,22,6.3,12.3,19.1,0.0,7.1,0.26,0.0,0.7,7.6,84
2026-01-18T00:00,37,6.0,9.4,11.1,0.0,1.7,0.441,0.0,0.7,7.2,76
2026-01-18T01:00,37,5.2,8.0,8.7,0.0,1.7,0.344,0.0,0.6,6.4,79
2026-01-18T02:00,37,4.9,7.5,8.6,0.0,1.8,0.327,0.0,0.5,6.8,81
2026-01-18T03:00,37,4.6,7.4,8.3,0.0,1.7,0.33,0.0,0.5,7.2,77
2026-01-18T04:00,37,5.2,8.1,10.1,0.0,1.6,0.418,0.0,0.6,7.5,78
2026-01-18T05:00,37,6.9,10.3,15.2,0.0,2.0,0.522,0.0,0.9,7.2,77
2026-01-18T06:00,37,8.7,12.3,21.3,0.0,2.0,0.746,0.0,1.1,8.3,77
2026-01-18T07:00,37,10.3,17.1,30.7,0.0,2.3,1.055,0.0,1.7,8.8,73
2026-01-18T08:00,37,8.7,16.8,27.8,0.0,2.4,0.996,0.0,1.7,9.3,73
2026-01-18T09:00,37,7.6,13.7,23.3,0.0,2.6,0.794,0.0,1.4,11.4,71
2026-01-18T10:00,37,7.4,11.0,18.1,0.0,2.4,0.673,0.0,1.2,12.3,68
2026-01-18T11:00,37,6.4,10.7,15.8,0.0,2.4,0.604,0.0,1.0,12.5,69
2026-01-18T12:00,37,5.9,9.5,15.9,0.0,2.3,0.592,0.0,0.9,13.2,68
2026-01-18T13:00,37,5.9,9.9,15.3,0.0,2.5,0.575,0.0,1.0,13.8,64
2026-01-18T14:00,37,6.2,10.1,17.0,0.0,2.3,0.648,0.0,0.9,12.9,64
2026-01-18T15:00,37,6.9,10.4,18.4,0.0,2.2,0.706,0.0,1.1,13.1,65
2026-01-18T16:00,37,7.9,12.9,22.8,0.0,2.3,0.837,0.0,1.3,13.3,65
2026-01-18T17:00,37,8.6,15.0,27.3,0.0,2.1,1.093,0.0,1.8,12.5,65
2026-01-18T18:00,37,7.8,12.2,23.8,0.0,1.8,0.905,0.0,1.6,12.2,67
2026-01-18T19:00,37,5.7,9.6,20.2,0.0,2.1,0.871,0.0,1.3,11.5,68
2026-01-18T20:00,37,5.2,9.1,15.6,0.0,2.0,0.622,0.0,1.1,9.4,71
2026-01-18T21:00,37,4.5,7.9,12.1,0.0,1.9,0.559,0.0,0.8,9.2,78
2026-01-18T22:00,37,4.2,7.1,11.3,0.0,1.8,0.459,0.0,0.8,8.4,80
2026-01-18T23:00,37,3.8,6.2,10.8,0.0,1.6,0.503,0.0,0.8,7.3,79
2026-01-18T00:00,38,11.8,9.9,7.8,26.4,0.0,0.0,0.0,0.0,7.2,78
2026-01-18T01:00,38,9.8,8.8,5.6,22.7,0.0,0.0,0.0,0.0,6.1,81
2026-01-18T02:00,38,8.9,8.4,5.6,21.0,0.0,0.0,0.0,0.0,6.6,78
2026-01-18T03:00,38,8.7,9.6,5.0,19.3,0.0,0.0,0.0,0.0,7.0,80
2026-01-18T04:00,38,9.7,10.6,6.1,28.7,0.0,0.0,0.0,0.0,6.5,77
2026-01-18T05:00,38,11.5,12.5,8.5,40.5,0.0,0.0,0.0,0.0,7.6,73
2026-01-18T06:00,38,16.4,14.4,12.7,49.6,0.0,0.0,0.0,0.0,8.2,73
2026-01-18T07:00,38,18.7,20.0,16.5,58.7,0.0,0.0,0.0,0.0,9.0,73
2026-01-18T08:00,38,20.0,20.7,17.8,83.0,0.0,0.0,0.0,0.0,10.5,69
2026-01-18T09:00,38,16.5,17.4,10.9,110.2,0.0,0.0,0.0,0.0,11.0,69
2026-01-18T10:00,38,15.1,14.9,9.6,114.8,0.0,0.0,0.0,0.0,12.0,65
2026-01-18T11:00,38,13.6,14.6,8.8,117.8,0.0,0.0,0.0,0.0,13.1,64
2026-01-18T12:00,38,13.5,13.0,8.2,124.4,0.0,0.0,0.0,0.0,13.5,64
2026-01-18T13:00,38,12.8,13.5,7.7,131.8,0.0,0.0,0.0,0.0,13.4,59
2026-01-18T14:00,38,12.6,13.8,7.6,112.9,0.0,0.0,0.0,0.0,13.2,61
2026-01-18T15:00,38,15.9,15.8,9.2,103.4,0.0,0.0,0.0,0.0,13.5,61
2026-01-18T16:00,38,20.7,17.7,10.2,87.6,0.0,0.0,0.0,0.0,13.0,65
2026-01-18T17:00,38,21.0,20.6,12.7,61.6,0.0,0.0,0.0,0.0,12.3,65
2026-01-18T18:00,38,17.5,17.0,11.8,56.0,0.0,0.0,0.0,0.0,11.9,67
2026-01-18T19:00,38,15.3,15.5,9.4,50.8,0.0,0.0,0.0,0.0,11.1,69
2026-01-18T20:00,38,12.4,13.5,7.0,45.4,0.0,0.0,0.0,0.0,9.8,71
2026-01-18T21:00,38,11.7,12.7,5.7,37.2,0.0,0.0,0.0,0.0,9.5,73
2026-01-18T22:00,38,10.6,11.1,5.0,29.8,0.0,0.0,0.0,0.0,8.2,76
2026-01-18T23:00,38,10.2,10.4,4.7,26.3,0.0,0.0,0.0,0.0,7.1,79
2026-01-19T00:00,19,6.4,10.6,9.9,0.0,2.7,0.581,0.0,0.0,7.4,76
2026-01-19T01:00,19,5.1,9.2,10.1,0.0,2.7,0.547,0.0,0.0,6.5,78
2026-01-19T02:00,19,5.6,9.1,9.6,0.0,2.8,0.494,0.0,0.0,5.8,80
2026-01-19T03:00,19,5.4,9.7,11.6,0.0,2.9,0.478,0.0,0.0,6.1,82
2026-01-19T04:00,19,5.5,9.4,14.1,0.0,2.8,0.53,0.0,0.0,7.0,79
2026-01-19T05:00,19,7.6,12.2,21.1,0.0,3.5,0.771,0.0,0.0,7.0,79
2026-01-19T06:00,19,9.4,15.8,30.0,0.0,3.8,1.042,0.0,0.0,7.8,77
2026-01-19T07:00,19,11.9,20.3,48.0,0.0,4.1,1.392,0.0,0.0,9.1,76
2026-01-19T08:00,19,11.1,20.7,51.0,0.0,4.2,1.486,0.0,0.0,10.4,72
2026-01-19T09:00,19,10.6,19.6,36.8,0.0,4.4,1.178,0.0,0.0,11.6,73
2026-01-19T10:00,19,8.7,16.2,33.1,0.0,4.8,0.989,0.0,0.0,11.6,69
2026-01-19T11:00,19,8.6,14.6,34.0,0.0,4.6,0.864,0.0,0.0,12.2,68
2026-01-19T12:00,19,6.9,12.8,31.3,0.0,4.5,0.882,0.0,0.0,13.1,64
2026-01-19T13:00,19,7.6,13.1,34.8,0.0,4.5,0.912,0.0,0.0,13.5,67
2026-01-19T14:00,19,8.1,14.9,36.4,0.0,4.4,0.867,0.0,0.0,12.8,65
2026-01-19T15:00,19,10.4,16.2,41.1,0.0,4.4,0.984,0.0,0.0,12.2,64
2026-01-19T16:00,19,11.2,20.3,53.3,0.0,4.4,1.124,0.0,0.0,12.3,63
2026-01-19T17:00,19,12.9,23.8,64.0,0.0,4.9,1.425,0.0,0.0,12.1,67
2026-01-19T18:00,19,10.9,18.6,59.8,0.0,4.3,1.304,0.0,0.0,11.4,67
2026-01-19T19:00,19,9.8,16.5,54.8,0.0,4.4,1.146,0.0,0.0,10.8,67
2026-01-19T20:00,19,8.6,14.3,46.2,0.0,4.4,0.9,0.0,0.0,9.6,67
2026-01-19T21:00,19,7.0,13.5,40.5,0.0,4.4,0.716,0.0,0.0,8.9,74
2026-01-19T22:00,19,6.5,11.1,33.8,0.0,4.2,0.587,0.0,0.0,8.5,77
2026-01-19T23:00,19,6.6,11.2,34.8,0.0,4.1,0.597,0.0,0.0,7.4,78
2026-01-19T00:00,20,7.0,12.0,12.0,0.0,3.4,0.203,0.0,0.6,7.1,82
2026-01-19T01:00,20,5.6,10.2,11.4,0.0,3.5,0.166,0.0,0.5,6.4,78
2026-01-19T02:00,20,5.7,11.0,12.4,0.0,3.4,0.158,0.0,0.4,6.9,81
2026-01-19T03:00,20,5.8,10.3,13.5,0.0,3.0,0.161,0.0,0.5,7.0,76
2026-01-19T04:00,20,6.7,12.2,16.9,0.0,3.5,0.183,0.0,0.5,7.1,79
2026-01-19T05:00,20,8.0,14.9,25.6,0.0,4.0,0.257,0.0,0.7,8.5,77
2026-01-19T06:00,20,10.8,18.6,39.3,0.0,3.6,0.351,0.0,0.9,8.3,72
2026-01-19T07:00,20,13.2,26.4,53.9,0.0,4.6,0.528,0.0,1.3,9.2,75
2026-01-19T08:00,20,13.8,25.3,57.2,0.0,4.9,0.432,0.0,1.2,10.2,71
2026-01-19T09:00,20,11.5,20.3,49.1,0.0,4.5,0.339,0.0,0.9,10.9,72
2026-01-19T10:00,20,10.1,19.0,41.2,0.0,4.6,0.334,0.0,0.8,11.8,68
2026-01-19T11:00,20,8.7,17.9,40.3,0.0,4.2,0.293,0.0,0.7,12.1,65
2026-01-19T12:00,20,9.3,17.2,35.6,0.0,4.7,0.276,0.0,0.7,12.7,65
2026-01-19T13:00,20,9.2,18.1,42.4,0.0,4.5,0.278,0.0,0.7,14.0,62
2026-01-19T14:00,20,8.5,19.7,47.1,0.0,4.3,0.287,0.0,0.7,13.4,62
2026-01-19T15:00,20,11.6,22.7,46.8,0.0,4.0,0.295,0.0,0.8,12.9,60
2026-01-19T16:00,20,12.4,25.4,64.1,0.0,4.0,0.368,0.0,1.0,12.9,67
2026-01-19T17:00,20,15.2,29.7,77.1,0.0,4.0,0.454,0.0,1.3,12.0,67
2026-01-19T18:00,20,12.5,27.0,74.1,0.0,3.9,0.413,0.0,1.1,11.7,68
2026-01-19T19:00,20,10.5,22.9,69.0,0.0,3.9,0.384,0.0,0.9,11.3,70
2026-01-19T20:00,20,10.3,20.6,56.2,0.0,3.8,0.318,0.0,0.7,10.8,71
2026-01-19T21:00,20,8.9,20.9,43.4,0.0,3.2,0.228,0.0,0.7,8.7,74
2026-01-19T22:00,20,7.6,18.6,37.4,0.0,3.4,0.191,0.0,0.6,8.5,76
2026-01-19T23:00,20,7.4,17.5,38.0,0.0,3.7,0.204,0.0,0.6,7.5,79
2026-01-19T00:00,21,0.0,11.8,7.2,27.7,3.6,0.335,0.0,0.0,7.7,77
2026-01-19T01:00,21,0.0,9.6,6.2,20.1,3.6,0.275,0.0,0.0,6.7,79
2026-01-19T02:00,21,0.0,8.8,6.3,17.1,3.4,0.278,0.0,0.0,6.1,79
2026-01-19T03:00,21,0.0,8.8,6.3,16.8,3.5,0.299,0.0,0.0,6.9,81
2026-01-19T04:00,21,0.0,11.2,8.1,23.7,3.8,0.285,0.0,0.0,7.3,80
2026-01-19T05:00,21,0.0,13.8,12.4,29.6,4.0,0.411,0.0,0.0,7.1,79
2026-01-19T06:00,21,0.0,18.5,18.6,49.3,4.3,0.563,0.0,0.0,8.6,76
2026-01-19T07:00,21,0.0,23.3,24.7,58.3,5.1,0.884,0.0,0.0,8.8,72
2026-01-19T08:00,21,0.0,21.7,27.2,71.5,5.4,0.777,0.0,0.0,9.8,72
2026-01-19T09:00,21,0.0,20.3,21.5,91.0,5.5,0.637,0.0,0.0,10.6,72
2026-01-19T10:00,21,0.0,17.3,18.4,98.8,4.5,0.505,0.0,0.0,11.8,64
2026-01-19T11:00,21,0.0,15.2,18.8,111.0,5.2,0.484,0.0,0.0,12.8,63
2026-01-19T12:00,21,0.0,14.7,15.9,104.8,5.1,0.466,0.0,0.0,13.7,64
2026-01-19T13:00,21,0.0,15.6,16.6,118.2,5.0,0.475,0.0,0.0,13.7,64
2026-01-19T14:00,21,0.0,16.2,17.6,100.0,5.1,0.498,0.0,0.0,12.9,63
2026-01-19T15:00,21,0.0,18.9,22.3,93.6,4.6,0.544,0.0,0.0,13.2,63
2026-01-19T16:00,21,0.0,21.9,29.1,85.2,4.4,0.608,0.0,0.0,13.1,61
2026-01-19T17:00,21,0.0,26.1,33.8,60.5,4.6,0.721,0.0,0.0,12.1,66
2026-01-19T18:00,21,0.0,22.5,29.2,54.6,4.6,0.794,0.0,0.0,12.0,64
2026-01-19T19:00,21,0.0,18.7,28.3,50.2,4.6,0.631,0.0,0.0,10.8,70
2026-01-19T20:00,21,0.0,16.6,21.7,38.9,4.6,0.479,0.0,0.0,9.4,72
2026-01-19T21:00,21,0.0,14.7,19.4,29.7,4.8,0.406,0.0,0.0,9.2,72
2026-01-19T22:00,21,0.0,14.8,16.2,28.6,4.7,0.356,0.0,0.0,8.6,70
2026-01-19T23:00,21,0.0,13.7,16.5,27.3,4.5,0.354,0.0,0.0,7.1,79
2026-01-19T00:00,22,7.1,11.9,20.3,0.0,0.0,0.281,0.0,0.7,7.2,78
2026-01-19T01:00,22,6.2,9.9,16.5,0.0,0.2,0.219,0.0,0.6,6.6,81
2026-01-19T02:00,22,6.3,10.5,16.2,0.0,0.3,0.213,0.0,0.6,6.0,79
2026-01-19T03:00,22,5.9,10.9,16.8,0.0,0.6,0.214,0.0,0.6,6.5,80
2026-01-19T04:00,22,6.4,11.2,21.3,0.0,0.7,0.283,0.0,0.6,7.1,79
2026-01-19T05:00,22,7.8,14.2,27.9,0.0,1.0,0.345,0.0,0.9,8.3,83
2026-01-19T06:00,22,11.9,18.3,39.1,0.0,1.3,0.458,0.0,1.1,8.0,76
2026-01-19T07:00,22,14.3,25.4,62.7,0.0,1.7,0.675,0.0,1.7,9.4,72
2026-01-19T08:00,22,12.1,24.2,61.9,0.0,2.0,0.595,0.0,1.7,9.6,76
2026-01-19T09:00,22,12.3,19.4,47.2,0.0,2.2,0.489,0.0,1.3,10.5,71
2026-01-19T10:00,22,10.6,18.4,39.1,0.0,2.3,0.422,0.0,1.1,11.8,67
2026-01-19T11:00,22,10.1,16.7,35.7,0.0,2.7,0.397,0.0,1.0,12.8,69
2026-01-19T12:00,22,9.3,17.7,36.5,0.0,3.2,0.383,0.0,1.0,12.7,64
2026-01-19T13:00,22,10.3,17.2,35.8,0.0,2.9,0.415,0.0,1.0,13.6,61
2026-01-19T14:00,22,10.6,18.5,38.6,0.0,3.1,0.405,0.0,1.0,13.6,63
2026-01-19T15:00,22,12.1,19.8,41.6,0.0,3.2,0.412,0.0,1.1,13.5,66
2026-01-19T16:00,22,14.4,23.9,53.7,0.0,3.4,0.522,0.0,1.3,12.8,63
2026-01-19T17:00,22,16.5,28.2,64.8,0.0,3.9,0.642,0.0,1.6,12.4,64
2026-01-19T18:00,22,13.3,24.0,58.8,0.0,3.6,0.623,0.0,1.6,12.3,65
2026-01-19T19:00,22,12.9,20.8,58.2,0.0,3.6,0.484,0.0,1.3,11.1,69
2026-01-19T20:00,22,11.3,20.3,44.1,0.0,3.8,0.382,0.0,1.1,10.4,74
2026-01-19T21:00,22,9.6,17.7,36.2,0.0,4.0,0.316,0.0,0.9,9.1,71
2026-01-19T22:00,22,9.0,17.0,29.2,0.0,3.9,0.284,0.0,0.8,8.2,75
2026-01-19T23:00,22,8.6,16.2,26.8,0.0,4.1,0.251,0.0,0.8,7.7,78
2026-01-19T00:00,37,3.6,5.9,11.6,0.0,1.8,0.476,0.0,0.8,7.4,79
2026-01-19T01:00,37,3.5,4.9,9.5,0.0,1.7,0.408,0.0,0.7,6.4,81
2026-01-19T02:00,37,3.1,5.4,10.3,0.0,1.6,0.362,0.0,0.6,6.3,80
2026-01-19T03:00,37,3.4,5.9,11.1,0.0,2.0,0.371,0.0,0.5,6.6,80
2026-01-19T04:00,37,3.4,6.2,12.0,0.0,1.8,0.42,0.0,0.7,6.6,79
2026-01-19T05:00,37,4.6,7.4,20.0,0.0,2.0,0.629,0.0,1.0,8.1,76
2026-01-19T06:00,37,5.6,9.6,25.6,0.0,2.2,0.789,0.0,1.2,8.3,72
2026-01-19T07:00,37,7.9,13.8,39.4,0.0,2.8,1.118,0.0,1.7,9.1,75
2026-01-19T08:00,37,6.4,13.1,41.2,0.0,2.8,1.009,0.0,1.7,9.8,73
2026-01-19T09:00,37,6.0,12.1,32.0,0.0,2.8,0.824,0.0,1.3,10.2,72
2026-01-19T10:00,37,4.9,10.2,27.1,0.0,3.1,0.815,0.0,1.2,11.9,70
2026-01-19T11:00,37,4.8,9.6,26.0,0.0,3.1,0.661,0.0,1.1,12.5,63
2026-01-19T12:00,37,4.7,10.3,28.0,0.0,2.8,0.593,0.0,0.9,13.2,65
2026-01-19T13:00,37,4.6,10.0,27.1,0.0,2.9,0.594,0.0,1.0,14.5,65
2026-01-19T14:00,37,4.9,9.6,29.7,0.0,2.7,0.627,0.0,1.0,13.3,63
2026-01-19T15:00,37,5.0,12.9,28.7,0.0,3.0,0.7,0.0,1.1,13.5,60
2026-01-19T16:00,37,6.6,14.5,46.2,0.0,2.8,0.831,0.0,1.3,12.5,62
2026-01-19T17:00,37,7.6,17.9,51.6,0.0,2.9,0.997,0.0,1.5,12.3,66
2026-01-19T18:00,37,6.8,14.5,50.8,0.0,2.9,0.83,0.0,1.4,12.3,70
2026-01-19T19:00,37,5.6,12.0,39.0,0.0,2.4,0.751,0.0,1.2,10.5,73
2026-01-19T20:00,37,4.5,11.7,38.2,0.0,2.8,0.599,0.0,1.0,10.4,70
2026-01-19T21:00,37,4.3,10.8,29.1,0.0,2.7,0.507,0.0,0.9,9.0,70
2026-01-19T22:00,37,3.9,11.3,26.5,0.0,2.7,0.412,0.0,0.7,7.7,74
2026-01-19T23:00,37,3.6,9.8,25.7,0.0,2.5,0.416,0.0,0.7,8.0,78
2026-01-19T00:00,38,0.0,0.0,4.3,0.0,0.0,0.0,0.0,0.0,6.8,78
2026-01-19T01:00,38,0.0,0.0,4.1,1.0,0.3,0.0,0.0,0.0,6.1,80
2026-01-19T02:00,38,0.0,0.0,4.2,2.0,0.5,0.0,0.0,0.0,6.6,77
2026-01-19T03:00,38,0.0,0.0,4.4,3.1,0.8,0.0,0.0,0.0,6.5,77
2026-01-19T04:00,38,0.0,0.0,5.3,5.3,1.1,0.0,0.0,0.0,7.1,77
2026-01-19T05:00,38,0.0,0.0,8.1,8.5,1.3,0.0,0.0,0.0,8.3,76
2026-01-19T06:00,38,0.0,0.0,13.0,14.0,1.7,0.0,0.0,0.0,7.9,74
2026-01-19T07:00,38,0.0,0.0,17.3,20.6,2.3,0.0,0.0,0.0,9.4,73
2026-01-19T08:00,38,0.0,0.0,18.8,29.7,2.8,0.0,0.0,0.0,10.2,71
2026-01-19T09:00,38,0.0,0.0,17.0,38.5,3.0,0.0,0.0,0.0,10.8,67
2026-01-19T10:00,38,0.0,0.0,12.2,51.7,3.4,0.0,0.0,0.0,12.1,64
2026-01-19T11:00,38,0.0,0.0,11.3,60.7,3.6,0.0,0.0,0.0,11.9,66
2026-01-19T12:00,38,0.0,0.0,11.6,70.5,3.8,0.0,0.0,0.0,13.0,64
2026-01-19T13:00,38,0.0,0.0,11.8,71.1,3.9,0.0,0.0,0.0,13.5,63
2026-01-19T14:00,38,0.0,0.0,14.2,76.3,4.8,0.0,0.0,0.0,12.9,68
2026-01-19T15:00,38,0.0,0.0,16.8,66.7,4.9,0.0,0.0,0.0,13.3,60
2026-01-19T16:00,38,0.0,0.0,21.0,60.3,4.9,0.0,0.0,0.0,13.2,67
2026-01-19T17:00,38,0.0,0.0,25.3,50.2,4.7,0.0,0.0,0.0,12.5,67
2026-01-19T18:00,38,0.0,0.0,25.0,48.0,5.0,0.0,0.0,0.0,11.5,68
2026-01-19T19:00,38,0.0,0.0,20.6,45.8,5.3,0.0,0.0,0.0,10.6,67
2026-01-19T20:00,38,0.0,0.0,19.6,40.8,5.3,0.0,0.0,0.0,9.6,75
2026-01-19T21:00,38,0.0,0.0,14.0,32.7,5.2,0.0,0.0,0.0,8.9,70
2026-01-19T22:00,38,0.0,0.0,13.1,30.1,5.4,0.0,0.0,0.0,8.4,75
2026-01-19T23:00,38,0.0,0.0,13.5,26.2,5.5,0.0,0.0,0.0,7.6,77
2026-01-20T00:00,19,6.8,11.3,32.4,0.0,4.2,0.605,0.0,0.0,6.8,77
2026-01-20T01:00,19,5.4,9.5,29.8,0.0,4.7,0.541,0.0,0.0,6.2,78
2026-01-20T02:00,19,5.4,9.3,26.0,0.0,3.9,0.459,0.0,0.0,6.8,78
2026-01-20T03:00,19,5.2,8.5,25.6,0.0,4.3,0.463,0.0,0.0,6.7,82
2026-01-20T04:00,19,5.8,10.2,28.0,0.0,4.5,0.575,0.0,0.0,6.9,81
2026-01-20T05:00,19,6.9,12.0,38.0,0.0,4.5,0.759,0.0,0.0,7.8,78
2026-01-20T06:00,19,8.7,15.3,48.2,0.0,5.6,1.029,0.0,0.0,8.6,76
2026-01-20T07:00,19,11.0,21.8,67.4,0.0,5.2,1.289,0.0,0.0,8.9,72
2026-01-20T08:00,19,10.7,19.6,69.2,0.0,6.0,1.402,0.0,0.0,10.4,72
2026-01-20T09:00,19,9.2,16.0,49.8,0.0,6.1,1.029,0.0,0.0,10.0,74
2026-01-20T10:00,19,8.5,13.1,41.6,0.0,6.1,0.885,0.0,0.0,11.6,69
2026-01-20T11:00,19,6.7,12.7,32.7,0.0,5.3,0.772,0.0,0.0,13.1,64
2026-01-20T12:00,19,6.3,10.9,31.1,0.0,5.1,0.785,0.0,0.0,12.6,65
2026-01-20T13:00,19,5.7,11.2,28.8,0.0,5.9,0.709,0.0,0.0,13.6,63
2026-01-20T14:00,19,6.6,12.0,28.9,0.0,5.4,0.713,0.0,0.0,13.4,64
2026-01-20T15:00,19,6.6,14.1,27.9,0.0,5.4,0.842,0.0,0.0,12.7,65
2026-01-20T16:00,19,8.1,14.7,31.6,0.0,5.3,1.019,0.0,0.0,12.6,64
2026-01-20T17:00,19,8.8,16.7,38.1,0.0,5.1,1.173,0.0,0.0,12.5,65
2026-01-20T18:00,19,8.2,13.5,30.4,0.0,5.2,1.06,0.0,0.0,11.6,69
2026-01-20T19:00,19,5.7,11.6,25.3,0.0,4.8,0.945,0.0,0.0,10.9,69
2026-01-20T20:00,19,5.3,10.1,16.8,0.0,4.6,0.753,0.0,0.0,9.9,73
2026-01-20T21:00,19,5.0,9.7,13.0,0.0,4.9,0.52,0.0,0.0,8.2,74
2026-01-20T22:00,19,4.6,8.7,10.3,0.0,4.8,0.512,0.0,0.0,8.7,76
2026-01-20T23:00,19,3.6,7.5,8.9,0.0,4.1,0.498,0.0,0.0,7.6,77
2026-01-20T00:00,20,7.6,17.9,41.7,0.0,3.9,0.201,0.0,0.6,7.3,76
2026-01-20T01:00,20,6.5,15.6,35.3,0.0,3.4,0.168,0.0,0.5,6.9,81
2026-01-20T02:00,20,6.5,12.6,31.4,0.0,3.2,0.156,0.0,0.4,6.0,81
2026-01-20T03:00,20,6.0,14.3,32.0,0.0,3.2,0.168,0.0,0.4,6.8,79
2026-01-20T04:00,20,6.7,13.8,34.1,0.0,2.9,0.198,0.0,0.5,6.9,80
2026-01-20T05:00,20,8.4,16.1,43.2,0.0,3.3,0.299,0.0,0.6,7.3,78
2026-01-20T06:00,20,11.0,20.1,57.3,0.0,4.0,0.365,0.0,0.8,8.1,78
2026-01-20T07:00,20,12.3,27.4,85.4,0.0,3.7,0.493,0.0,1.3,9.4,72
2026-01-20T08:00,20,11.0,24.8,83.9,0.0,4.0,0.495,0.0,1.1,9.8,70
2026-01-20T09:00,20,9.9,20.1,59.4,0.0,3.6,0.396,0.0,0.9,11.2,68
2026-01-20T10:00,20,9.4,16.9,50.2,0.0,4.0,0.31,0.0,0.7,12.1,65
2026-01-20T11:00,20,7.3,16.1,44.0,0.0,3.5,0.313,0.0,0.6,12.5,67
2026-01-20T12:00,20,7.9,15.3,38.2,0.0,3.4,0.283,0.0,0.6,13.6,63
2026-01-20T13:00,20,7.3,15.5,35.8,0.0,3.1,0.291,0.0,0.5,13.0,65
2026-01-20T14:00,20,7.8,14.8,36.2,0.0,3.3,0.286,0.0,0.6,13.9,61
2026-01-20T15:00,20,8.8,15.4,38.7,0.0,2.9,0.321,0.0,0.7,12.8,63
2026-01-20T16:00,20,9.1,17.8,43.4,0.0,2.8,0.384,0.0,0.8,12.6,63
2026-01-20T17:00,20,10.5,19.3,51.1,0.0,2.4,0.453,0.0,1.0,11.9,67
2026-01-20T18:00,20,8.9,15.9,44.8,0.0,2.4,0.415,0.0,0.8,11.9,66
2026-01-20T19:00,20,7.0,14.5,35.5,0.0,2.2,0.361,0.0,0.7,11.6,70
2026-01-20T20:00,20,5.9,10.6,25.6,0.0,2.2,0.285,0.0,0.6,9.7,69
2026-01-20T21:00,20,5.2,9.5,18.9,0.0,1.9,0.23,0.0,0.5,9.1,76
2026-01-20T22:00,20,4.9,8.6,17.0,0.0,1.9,0.201,0.0,0.4,8.0,75
2026-01-20T23:00,20,4.4,8.0,14.1,0.0,2.0,0.215,0.0,0.4,7.5,81
2026-01-20T00:00,21,0.0,14.4,17.5,26.7,4.7,0.314,0.0,0.0,6.5,76
2026-01-20T01:00,21,0.0,11.4,13.9,21.6,4.4,0.281,0.0,0.0,6.5,80
2026-01-20T02:00,21,0.0,10.3,13.5,19.8,4.1,0.274,0.0,0.0,6.7,79
2026-01-20T03:00,21,0.0,10.7,12.9,20.5,4.1,0.257,0.0,0.0,6.3,79
2026-01-20T04:00,21,0.0,10.7,14.3,26.6,4.4,0.274,0.0,0.0,6.6,79
2026-01-20T05:00,21,0.0,13.7,19.9,37.4,4.7,0.411,0.0,0.0,7.1,76
2026-01-20T06:00,21,0.0,17.2,24.5,51.9,5.2,0.494,0.0,0.0,7.8,76
2026-01-20T07:00,21,0.0,23.7,34.2,65.0,5.8,0.704,0.0,0.0,9.0,76
2026-01-20T08:00,21,0.0,21.1,36.3,84.8,6.2,0.744,0.0,0.0,10.1,71
2026-01-20T09:00,21,0.0,17.2,22.7,95.4,5.7,0.511,0.0,0.0,10.5,69
2026-01-20T10:00,21,0.0,14.2,21.1,120.1,6.1,0.471,0.0,0.0,11.8,65
2026-01-20T11:00,21,0.0,12.5,19.9,120.1,5.8,0.396,0.0,0.0,12.5,66
2026-01-20T12:00,21,0.0,11.5,16.1,119.3,5.7,0.353,0.0,0.0,12.4,65
2026-01-20T13:00,21,0.0,12.4,16.6,127.8,5.8,0.327,0.0,0.0,13.6,62
2026-01-20T14:00,21,0.0,12.5,18.4,116.9,5.2,0.35,0.0,0.0,13.7,63
2026-01-20T15:00,21,0.0,12.7,17.2,103.7,5.2,0.394,0.0,0.0,13.3,65
2026-01-20T16:00,21,0.0,14.9,19.7,86.4,5.4,0.463,0.0,0.0,13.0,64
2026-01-20T17:00,21,0.0,16.1,27.1,69.7,5.1,0.569,0.0,0.0,11.9,66
2026-01-20T18:00,21,0.0,13.8,21.6,64.7,5.1,0.491,0.0,0.0,12.0,68
2026-01-20T19:00,21,0.0,10.4,18.8,51.8,4.5,0.405,0.0,0.0,11.1,69
2026-01-20T20:00,21,0.0,10.9,14.3,45.4,4.8,0.292,0.0,0.0,10.2,75
2026-01-20T21:00,21,0.0,7.9,10.5,37.4,4.9,0.265,0.0,0.0,9.0,74
2026-01-20T22:00,21,0.0,7.6,8.6,34.5,4.2,0.204,0.0,0.0,7.9,74
2026-01-20T23:00,21,0.0,6.2,7.9,33.8,4.4,0.206,0.0,0.0,7.7,79
2026-01-20T00:00,22,9.7,16.7,27.9,0.0,4.0,0.269,0.0,0.8,6.7,79
2026-01-20T01:00,22,8.0,12.5,26.2,0.0,4.0,0.232,0.0,0.7,6.6,78
2026-01-20T02:00,22,7.6,11.6,23.2,0.0,4.4,0.202,0.0,0.5,6.8,81
2026-01-20T03:00,22,6.9,12.6,25.0,0.0,4.0,0.195,0.0,0.6,7.1,82
2026-01-20T04:00,22,7.7,13.7,26.5,0.0,3.8,0.261,0.0,0.7,6.7,79
2026-01-20T05:00,22,9.5,16.5,36.9,0.0,4.4,0.374,0.0,1.0,7.0,77
2026-01-20T06:00,22,11.4,21.2,52.3,0.0,4.8,0.453,0.0,1.1,7.8,77
2026-01-20T07:00,22,16.4,28.2,74.4,0.0,4.8,0.722,0.0,1.5,9.5,75
2026-01-20T08:00,22,14.5,25.2,75.7,0.0,5.4,0.639,0.0,1.4,10.2,74
2026-01-20T09:00,22,11.3,22.8,53.6,0.0,4.9,0.489,0.0,1.0,10.6,68
2026-01-20T10:00,22,10.1,19.3,46.1,0.0,5.3,0.452,0.0,0.9,12.1,70
2026-01-20T11:00,22,8.5,15.2,42.0,0.0,5.0,0.377,0.0,0.8,12.3,68
2026-01-20T12:00,22,8.2,14.7,42.3,0.0,4.4,0.375,0.0,0.7,13.2,64
2026-01-20T13:00,22,7.7,16.1,39.5,0.0,4.3,0.386,0.0,0.7,13.6,61
2026-01-20T14:00,22,7.9,15.5,32.5,0.0,4.0,0.37,0.0,0.7,13.3,64
2026-01-20T15:00,22,9.9,17.1,38.0,0.0,4.2,0.417,0.0,0.7,13.7,68
2026-01-20T16:00,22,10.7,20.3,50.4,0.0,3.8,0.515,0.0,0.9,13.1,64
2026-01-20T17:00,22,12.4,20.5,61.3,0.0,3.4,0.619,0.0,1.1,13.0,68
2026-01-20T18:00,22,9.8,18.2,55.8,0.0,3.5,0.561,0.0,0.9,12.5,67
2026-01-20T19:00,22,7.6,13.8,46.9,0.0,3.2,0.525,0.0,0.7,10.9,67
2026-01-20T20:00,22,6.6,14.1,37.4,0.0,3.4,0.367,0.0,0.6,10.6,72
2026-01-20T21:00,22,6.3,11.7,29.5,0.0,2.9,0.317,0.0,0.5,8.8,77
2026-01-20T22:00,22,5.1,10.0,25.2,0.0,2.9,0.242,0.0,0.4,7.8,73
2026-01-20T23:00,22,5.0,8.6,24.4,0.0,2.9,0.253,0.0,0.4,6.7,72
2026-01-20T00:00,37,0.0,9.5,27.5,0.0,2.8,0.383,0.0,0.8,7.2,81
2026-01-20T01:00,37,0.1,8.5,22.0,0.0,2.7,0.341,0.0,0.6,6.3,81
2026-01-20T02:00,37,0.1,8.0,19.0,0.0,2.7,0.337,0.0,0.6,6.7,81
2026-01-20T03:00,37,0.2,7.5,19.3,0.0,2.7,0.335,0.0,0.5,6.4,78
2026-01-20T04:00,37,0.3,8.0,21.6,0.0,2.8,0.387,0.0,0.6,7.3,81
2026-01-20T05:00,37,0.6,8.9,27.6,0.0,2.7,0.563,0.0,0.9,7.0,79
2026-01-20T06:00,37,0.8,12.3,36.3,0.0,3.4,0.724,0.0,1.1,9.2,75
2026-01-20T07:00,37,1.4,16.6,58.0,0.0,3.4,1.021,0.0,1.6,8.6,71
2026-01-20T08:00,37,1.4,15.7,50.0,0.0,3.8,0.961,0.0,1.5,9.8,70
2026-01-20T09:00,37,1.3,11.9,40.8,0.0,4.0,0.695,0.0,1.0,11.5,69
2026-01-20T10:00,37,1.2,10.4,30.0,0.0,4.1,0.612,0.0,1.0,12.4,68
2026-01-20T11:00,37,1.4,9.9,26.7,0.0,4.0,0.606,0.0,0.8,12.2,64
2026-01-20T12:00,37,1.4,8.8,24.6,0.0,3.6,0.561,0.0,0.8,13.6,66
2026-01-20T13:00,37,1.7,8.5,22.8,0.0,4.2,0.599,0.0,0.7,13.2,60
2026-01-20T14:00,37,1.7,9.5,22.0,0.0,4.0,0.599,0.0,0.8,13.7,64
2026-01-20T15:00,37,2.1,9.5,23.5,0.0,3.8,0.613,0.0,0.8,13.0,64
2026-01-20T16:00,37,2.9,10.9,25.5,0.0,3.5,0.798,0.0,1.1,13.1,67
2026-01-20T17:00,37,3.2,11.5,30.9,0.0,3.9,0.951,0.0,1.2,12.1,65
2026-01-20T18:00,37,3.2,9.9,27.2,0.0,3.7,0.928,0.0,1.1,12.3,68
2026-01-20T19:00,37,2.5,7.6,22.0,0.0,3.4,0.782,0.0,1.0,11.3,71
2026-01-20T20:00,37,2.2,6.2,16.6,0.0,3.6,0.593,0.0,0.7,10.0,69
2026-01-20T21:00,37,2.4,6.3,13.5,0.0,3.6,0.508,0.0,0.6,8.7,72
2026-01-20T22:00,37,1.9,5.2,8.5,0.0,3.4,0.43,0.0,0.6,8.3,83
2026-01-20T23:00,37,2.0,4.5,8.6,0.0,3.4,0.422,0.0,0.5,7.4,76
2026-01-20T00:00,38,0.0,0.0,12.8,31.7,6.1,0.0,0.0,0.0,7.2,78
2026-01-20T01:00,38,0.1,0.1,11.5,26.9,5.8,0.0,0.0,0.0,6.9,82
2026-01-20T02:00,38,0.2,0.2,9.8,23.6,6.1,0.0,0.0,0.0,6.8,82
2026-01-20T03:00,38,0.3,0.3,9.8,24.2,6.3,0.0,0.0,0.0,6.8,79
2026-01-20T04:00,38,0.3,0.5,10.6,31.6,5.7,0.0,0.0,0.0,7.3,79
2026-01-20T05:00,38,0.6,0.7,14.2,43.0,6.6,0.0,0.0,0.0,7.5,82
2026-01-20T06:00,38,0.9,1.1,18.8,60.2,7.3,0.0,0.0,0.0,8.4,75
2026-01-20T07:00,38,1.3,1.7,26.3,76.9,7.9,0.0,0.0,0.0,8.9,72
2026-01-20T08:00,38,1.4,2.0,26.8,101.6,8.6,0.0,0.0,0.0,10.0,70
2026-01-20T09:00,38,1.3,1.8,21.3,118.2,8.9,0.0,0.0,0.0,11.0,72
2026-01-20T10:00,38,1.2,1.7,16.8,132.1,8.3,0.0,0.0,0.0,11.4,67
2026-01-20T11:00,38,1.2,1.8,13.6,150.7,9.0,0.0,0.0,0.0,12.3,64
2026-01-20T12:00,38,1.4,1.9,13.0,161.6,8.4,0.0,0.0,0.0,13.4,63
2026-01-20T13:00,38,1.4,2.1,11.6,151.8,8.5,0.0,0.0,0.0,13.4,65
2026-01-20T14:00,38,1.8,2.3,13.0,142.7,8.4,0.0,0.0,0.0,13.6,63
2026-01-20T15:00,38,2.0,3.0,12.1,117.8,7.9,0.0,0.0,0.0,13.7,63
2026-01-20T16:00,38,2.6,3.7,13.5,102.0,8.4,0.0,0.0,0.0,13.8,65
2026-01-20T17:00,38,3.0,3.9,15.8,79.2,7.8,0.0,0.0,0.0,12.8,71
2026-01-20T18:00,38,3.1,3.9,13.3,76.7,7.1,0.0,0.0,0.0,10.5,66
2026-01-20T19:00,38,2.3,3.5,11.7,68.0,7.8,0.0,0.0,0.0,11.0,71
2026-01-20T20:00,38,2.5,3.1,8.5,57.7,7.0,0.0,0.0,0.0,10.5,73
2026-01-20T21:00,38,2.3,3.0,7.2,50.4,7.0,0.0,0.0,0.0,9.4,72
2026-01-20T22:00,38,2.2,2.9,5.4,42.5,6.5,0.0,0.0,0.0,8.5,76
2026-01-20T23:00,38,2.3,3.0,4.6,36.9,6.5,0.0,0.0,0.0,7.8,78
2026-01-21T00:00,19,3.7,7.8,7.5,0.0,4.4,0.448,0.0,0.0,6.9,77
2026-01-21T01:00,19,3.4,7.1,6.5,0.0,4.3,0.402,0.0,0.0,6.6,79
2026-01-21T02:00,19,3.2,6.8,6.3,0.0,4.0,0.404,0.0,0.0,7.2,84
2026-01-21T03:00,19,3.3,7.0,7.1,0.0,3.8,0.406,0.0,0.0,6.8,79
2026-01-21T04:00,19,3.4,8.0,9.2,0.0,3.8,0.461,0.0,0.0,7.2,78
2026-01-21T05:00,19,4.7,10.0,14.0,0.0,4.4,0.583,0.0,0.0,8.1,75
2026-01-21T06:00,19,7.2,14.1,19.2,0.0,4.9,0.918,0.0,0.0,8.0,77
2026-01-21T07:00,19,8.9,19.2,34.3,0.0,5.4,1.196,0.0,0.0,9.4,75
2026-01-21T08:00,19,7.7,18.6,32.6,0.0,5.7,1.216,0.0,0.0,10.0,66
2026-01-21T09:00,19,7.2,15.7,28.2,0.0,5.3,0.921,0.0,0.0,10.3,72
2026-01-21T10:00,19,6.2,16.0,24.8,0.0,5.4,0.796,0.0,0.0,11.4,70
2026-01-21T11:00,19,5.5,12.6,24.1,0.0,5.3,0.689,0.0,0.0,12.6,68
2026-01-21T12:00,19,5.6,14.0,22.1,0.0,5.4,0.673,0.0,0.0,12.8,63
2026-01-21T13:00,19,6.0,14.7,24.6,0.0,5.1,0.599,0.0,0.0,13.4,67
2026-01-21T14:00,19,6.5,16.3,25.8,0.0,4.6,0.685,0.0,0.0,14.0,66
2026-01-21T15:00,19,7.1,18.1,28.5,0.0,4.4,0.821,0.0,0.0,12.7,62
2026-01-21T16:00,19,9.8,22.5,34.0,0.0,4.7,0.935,0.0,0.0,12.7,61
2026-01-21T17:00,19,11.6,23.7,44.7,0.0,4.7,1.249,0.0,0.0,12.1,66
2026-01-21T18:00,19,9.9,18.4,45.4,0.0,4.1,1.116,0.0,0.0,11.1,69
2026-01-21T19:00,19,8.1,17.7,43.3,0.0,3.8,0.919,0.0,0.0,11.3,70
2026-01-21T20:00,19,6.7,16.7,37.2,0.0,3.9,0.785,0.0,0.0,10.3,71
2026-01-21T21:00,19,6.8,16.2,28.7,0.0,3.7,0.677,0.0,0.0,9.2,72
2026-01-21T22:00,19,5.8,15.4,26.7,0.0,3.7,0.579,0.0,0.0,8.2,75
2026-01-21T23:00,19,5.8,13.6,23.9,0.0,3.5,0.549,0.0,0.0,7.9,76
2026-01-21T00:00,20,4.2,6.9,14.2,0.0,1.9,0.178,0.0,0.4,7.4,75
2026-01-21T01:00,20,4.1,6.6,12.0,0.0,1.7,0.166,0.0,0.3,7.6,77
2026-01-21T02:00,20,4.0,7.4,12.2,0.0,1.7,0.173,0.0,0.3,6.3,79
2026-01-21T03:00,20,3.9,7.2,13.2,0.0,1.7,0.182,0.0,0.3,6.1,80
2026-01-21T04:00,20,4.4,9.0,14.9,0.0,1.7,0.187,0.0,0.3,6.9,77
2026-01-21T05:00,20,6.1,10.8,22.4,0.0,1.9,0.279,0.0,0.5,7.3,75
2026-01-21T06:00,20,8.0,14.4,30.6,0.0,2.1,0.397,0.0,0.7,8.0,75
2026-01-21T07:00,20,10.3,20.5,49.6,0.0,2.4,0.535,0.0,1.0,8.6,73
2026-01-21T08:00,20,9.4,21.2,49.7,0.0,2.4,0.509,0.0,1.0,9.8,73
2026-01-21T09:00,20,8.4,18.1,43.1,0.0,2.4,0.421,0.0,0.7,11.0,70
2026-01-21T10:00,20,7.9,16.8,34.3,0.0,2.3,0.396,0.0,0.6,11.7,67
2026-01-21T11:00,20,7.2,15.4,31.7,0.0,2.4,0.345,0.0,0.6,12.7,65
2026-01-21T12:00,20,6.9,16.8,33.5,0.0,2.3,0.327,0.0,0.6,13.4,71
2026-01-21T13:00,20,7.0,15.8,32.8,0.0,2.1,0.325,0.0,0.6,13.7,66
2026-01-21T14:00,20,7.5,17.9,32.4,0.0,2.2,0.354,0.0,0.6,13.0,63
2026-01-21T15:00,20,9.2,19.8,39.0,0.0,2.0,0.395,0.0,0.6,13.2,60
2026-01-21T16:00,20,9.4,23.4,48.5,0.0,2.0,0.469,0.0,0.8,13.3,63
2026-01-21T17:00,20,12.0,30.5,58.0,0.0,2.1,0.544,0.0,1.2,12.8,64
2026-01-21T18:00,20,11.5,24.2,65.7,0.0,1.8,0.559,0.0,1.1,11.6,69
2026-01-21T19:00,20,8.7,21.8,49.9,0.0,1.9,0.484,0.0,0.9,11.3,72
2026-01-21T20:00,20,7.9,20.3,44.3,0.0,1.8,0.389,0.0,0.8,9.9,73
2026-01-21T21:00,20,6.9,18.4,38.2,0.0,1.8,0.305,0.0,0.6,8.9,72
2026-01-21T22:00,20,6.8,15.9,28.6,0.0,1.7,0.267,0.0,0.6,8.2,75
2026-01-21T23:00,20,6.6,15.4,31.3,0.0,1.8,0.28,0.0,0.5,7.4,82
2026-01-21T00:00,21,0.0,5.5,8.2,32.9,4.4,0.217,0.0,0.0,6.7,77
2026-01-21T01:00,21,0.0,5.8,7.2,25.0,4.3,0.167,0.0,0.0,7.2,79
2026-01-21T02:00,21,0.0,5.7,7.0,25.5,4.0,0.17,0.0,0.0,7.0,76
2026-01-21T03:00,21,0.0,5.8,7.6,24.7,4.1,0.183,0.0,0.0,5.7,75
2026-01-21T04:00,21,0.0,5.8,11.1,32.0,4.2,0.213,0.0,0.0,7.7,75
2026-01-21T05:00,21,0.0,8.9,14.3,41.3,4.1,0.286,0.0,0.0,7.8,74
2026-01-21T06:00,21,0.0,12.3,23.3,52.6,4.0,0.449,0.0,0.0,8.4,75
2026-01-21T07:00,21,0.0,15.3,35.2,69.7,4.5,0.591,0.0,0.0,9.2,76
2026-01-21T08:00,21,0.0,15.8,38.5,84.3,5.3,0.576,0.0,0.0,10.3,73
2026-01-21T09:00,21,0.0,14.8,33.0,108.3,5.0,0.481,0.0,0.0,10.9,72
2026-01-21T10:00,21,0.0,12.5,25.0,116.1,5.1,0.4,0.0,0.0,12.3,68
2026-01-21T11:00,21,0.0,11.9,25.3,128.9,4.6,0.371,0.0,0.0,12.4,70
2026-01-21T12:00,21,0.0,12.3,25.3,142.6,4.9,0.386,0.0,0.0,12.7,67
2026-01-21T13:00,21,0.0,12.8,26.3,140.1,4.2,0.4,0.0,0.0,14.3,66
2026-01-21T14:00,21,0.0,12.3,29.2,118.8,4.0,0.399,0.0,0.0,14.2,63
2026-01-21T15:00,21,0.0,14.5,30.3,93.4,3.8,0.442,0.0,0.0,13.0,66
2026-01-21T16:00,21,0.0,18.1,40.1,77.3,3.6,0.61,0.0,0.0,13.3,63
2026-01-21T17:00,21,0.0,21.5,52.9,64.8,3.7,0.602,0.0,0.0,12.4,68
2026-01-21T18:00,21,0.0,18.2,49.1,58.9,3.7,0.655,0.0,0.0,11.8,68
2026-01-21T19:00,21,0.0,16.9,44.8,52.6,3.4,0.556,0.0,0.0,11.2,72
2026-01-21T20:00,21,0.0,15.0,36.5,37.4,3.1,0.492,0.0,0.0,9.9,73
2026-01-21T21:00,21,0.0,14.4,29.3,36.8,3.1,0.363,0.0,0.0,9.7,72
2026-01-21T22:00,21,0.0,12.9,25.5,27.2,2.7,0.335,0.0,0.0,8.5,81
2026-01-21T23:00,21,0.0,11.7,26.7,26.9,2.6,0.331,0.0,0.0,7.2,78
2026-01-21T00:00,22,4.5,9.1,23.1,0.0,2.5,0.255,0.0,0.4,7.0,82
2026-01-21T01:00,22,3.9,8.2,21.6,0.0,2.7,0.211,0.0,0.3,5.9,80
2026-01-21T02:00,22,4.3,8.4,20.7,0.0,3.0,0.223,0.0,0.3,6.7,77
2026-01-21T03:00,22,4.1,8.4,21.2,0.0,3.3,0.248,0.0,0.3,6.2,79
2026-01-21T04:00,22,4.8,10.1,24.4,0.0,3.5,0.283,0.0,0.3,6.7,78
2026-01-21T05:00,22,6.3,12.5,34.9,0.0,3.8,0.392,0.0,0.4,7.7,79
2026-01-21T06:00,22,8.4,16.9,50.1,0.0,4.5,0.542,0.0,0.6,8.2,76
2026-01-21T07:00,22,10.6,21.8,75.1,0.0,4.9,0.749,0.0,0.8,9.1,72
2026-01-21T08:00,22,9.9,22.9,74.3,0.0,5.9,0.705,0.0,0.8,10.5,70
2026-01-21T09:00,22,8.9,22.0,60.5,0.0,6.3,0.553,0.0,0.6,10.5,68
2026-01-21T10:00,22,8.0,16.7,55.4,0.0,6.2,0.512,0.0,0.5,11.7,75
2026-01-21T11:00,22,7.1,17.2,45.5,0.0,6.1,0.45,0.0,0.5,12.7,67
2026-01-21T12:00,22,7.3,18.6,48.9,0.0,7.0,0.436,0.0,0.5,13.6,63
2026-01-21T13:00,22,7.1,16.9,52.8,0.0,7.7,0.506,0.0,0.5,13.1,66
2026-01-21T14:00,22,9.3,18.9,49.4,0.0,7.7,0.476,0.0,0.5,13.8,65
2026-01-21T15:00,22,9.5,21.7,54.9,0.0,7.3,0.561,0.0,0.5,13.0,64
2026-01-21T16:00,22,11.2,25.1,72.0,0.0,7.3,0.701,0.0,0.6,13.1,63
2026-01-21T17:00,22,13.1,31.5,92.5,0.0,7.3,0.835,0.0,0.7,12.4,66
2026-01-21T18:00,22,11.2,28.4,89.3,0.0,7.2,0.821,0.0,0.7,11.6,65
2026-01-21T19:00,22,9.9,22.3,68.9,0.0,7.4,0.674,0.0,0.6,11.0,70
2026-01-21T20:00,22,8.6,22.0,57.2,0.0,7.5,0.56,0.0,0.5,9.6,71
2026-01-21T21:00,22,7.9,18.5,47.2,0.0,7.4,0.478,0.0,0.4,8.7,73
2026-01-21T22:00,22,7.3,18.1,40.7,0.0,7.7,0.374,0.0,0.4,8.8,73
2026-01-21T23:00,22,7.0,16.8,43.8,0.0,7.5,0.41,0.0,0.4,8.5,76
2026-01-21T00:00,37,2.2,4.4,8.0,0.0,3.6,0.408,0.0,0.5,6.4,77
2026-01-21T01:00,37,2.0,4.5,6.9,0.0,3.6,0.345,0.0,0.4,6.0,78
2026-01-21T02:00,37,2.0,4.2,8.0,0.0,3.4,0.333,0.0,0.4,6.2,77
2026-01-21T03:00,37,2.1,4.4,8.7,0.0,3.7,0.32,0.0,0.4,6.5,81
2026-01-21T04:00,37,2.4,5.1,10.7,0.0,3.4,0.376,0.0,0.4,7.1,80
2026-01-21T05:00,37,3.5,6.6,17.0,0.0,4.0,0.501,0.0,0.7,7.1,74
2026-01-21T06:00,37,4.3,9.1,26.0,0.0,4.6,0.639,0.0,0.9,8.4,82
2026-01-21T07:00,37,6.1,13.2,35.1,0.0,4.9,1.02,0.0,1.2,8.7,71
2026-01-21T08:00,37,5.6,12.6,39.5,0.0,5.0,0.892,0.0,1.2,10.4,70
2026-01-21T09:00,37,4.8,11.0,33.0,0.0,5.1,0.701,0.0,0.9,10.5,69
2026-01-21T10:00,37,4.0,10.7,28.9,0.0,5.2,0.627,0.0,0.8,10.9,68
2026-01-21T11:00,37,4.1,9.2,26.3,0.0,5.2,0.611,0.0,0.7,11.8,65
2026-01-21T12:00,37,4.0,9.9,32.5,0.0,5.0,0.579,0.0,0.7,12.0,67
2026-01-21T13:00,37,3.9,9.7,27.5,0.0,4.9,0.514,0.0,0.7,13.4,63
2026-01-21T14:00,37,4.5,11.9,28.6,0.0,5.1,0.511,0.0,0.7,13.5,62
2026-01-21T15:00,37,5.2,12.6,34.6,0.0,5.0,0.618,0.0,0.8,13.4,60
2026-01-21T16:00,37,6.6,16.3,44.4,0.0,4.5,0.818,0.0,1.0,13.1,67
2026-01-21T17:00,37,8.3,19.1,65.5,0.0,4.9,0.865,0.0,1.1,12.9,65
2026-01-21T18:00,37,6.6,16.9,59.0,0.0,4.3,0.873,0.0,1.2,11.8,68
2026-01-21T19:00,37,5.6,14.3,49.9,0.0,4.7,0.774,0.0,1.0,10.8,71
2026-01-21T20:00,37,5.9,14.0,40.7,0.0,4.8,0.6,0.0,0.8,10.3,69
2026-01-21T21:00,37,4.7,12.3,33.7,0.0,4.7,0.494,0.0,0.6,9.6,76
2026-01-21T22:00,37,4.3,10.9,32.8,0.0,4.2,0.424,0.0,0.6,8.3,76
2026-01-21T23:00,37,4.3,11.4,28.6,0.0,4.6,0.425,0.0,0.6,7.8,77
2026-01-21T00:00,38,2.0,3.0,4.7,39.0,6.5,0.0,0.0,0.0,7.2,75
2026-01-21T01:00,38,2.1,2.7,5.3,30.5,6.6,0.0,0.0,0.0,6.8,80
2026-01-21T02:00,38,2.0,2.5,6.2,28.9,6.7,0.0,0.0,0.0,6.9,78
2026-01-21T03:00,38,1.8,2.7,7.0,26.5,7.5,0.0,0.0,0.0,7.1,83
2026-01-21T04:00,38,2.0,2.7,9.0,36.0,6.9,0.0,0.0,0.0,6.7,80
2026-01-21T05:00,38,2.8,3.0,14.5,49.2,7.8,0.0,0.0,0.0,7.4,74
2026-01-21T06:00,38,3.5,4.4,23.9,67.0,8.8,0.0,0.0,0.0,8.4,76
2026-01-21T07:00,38,4.5,5.4,40.2,90.5,8.2,0.0,0.0,0.0,8.6,73
2026-01-21T08:00,38,4.2,5.8,42.6,105.0,9.9,0.0,0.0,0.0,9.7,71
2026-01-21T09:00,38,3.5,5.1,34.6,141.9,9.8,0.0,0.0,0.0,10.6,72
2026-01-21T10:00,38,3.2,4.0,31.0,141.5,9.1,0.0,0.0,0.0,11.2,68
2026-01-21T11:00,38,2.8,4.1,29.5,172.5,9.0,0.0,0.0,0.0,12.8,68
2026-01-21T12:00,38,2.7,3.9,30.9,166.6,8.8,0.0,0.0,0.0,13.8,62
2026-01-21T13:00,38,2.6,3.7,33.4,150.2,9.2,0.0,0.0,0.0,12.7,62
2026-01-21T14:00,38,3.1,3.8,40.3,137.4,8.9,0.0,0.0,0.0,13.0,63
2026-01-21T15:00,38,3.4,4.2,40.7,128.5,8.8,0.0,0.0,0.0,13.2,65
2026-01-21T16:00,38,4.1,5.5,53.0,97.1,8.1,0.0,0.0,0.0,13.0,65
2026-01-21T17:00,38,4.7,5.5,73.6,82.6,8.2,0.0,0.0,0.0,13.0,71
2026-01-21T18:00,38,3.7,5.3,68.9,75.1,8.3,0.0,0.0,0.0,11.5,67
2026-01-21T19:00,38,3.0,4.6,58.7,62.5,7.8,0.0,0.0,0.0,11.3,70
2026-01-21T20:00,38,2.8,4.2,51.7,49.6,7.9,0.0,0.0,0.0,9.7,72
2026-01-21T21:00,38,2.6,3.4,40.0,42.3,7.6,0.0,0.0,0.0,8.7,72
2026-01-21T22:00,38,2.2,3.1,36.5,39.4,7.5,0.0,0.0,0.0,8.2,76
2026-01-21T23:00,38,2.2,3.2,37.4,35.4,6.9,0.0,0.0,0.0,7.7,76
2026-01-22T00:00,19,6.3,12.7,25.4,0.0,3.4,0.567,0.0,0.0,6.8,79
2026-01-22T01:00,19,5.6,12.3,22.6,0.0,3.3,0.445,0.0,0.0,6.6,75
2026-01-22T02:00,19,5.8,12.7,20.1,0.0,3.6,0.389,0.0,0.0,7.1,77
2026-01-22T03:00,19,5.6,11.7,19.0,0.0,3.6,0.413,0.0,0.0,6.5,75
2026-01-22T04:00,19,5.6,14.5,22.8,0.0,3.7,0.455,0.0,0.0,6.7,79
2026-01-22T05:00,19,7.6,18.1,32.7,0.0,3.6,0.744,0.0,0.0,8.2,76
2026-01-22T06:00,19,10.3,24.6,50.2,0.0,4.0,0.964,0.0,0.0,8.0,78
2026-01-22T07:00,19,13.1,32.4,57.1,0.0,4.7,1.268,0.0,0.0,8.8,77
2026-01-22T08:00,19,12.1,31.3,64.0,0.0,4.4,1.266,0.0,0.0,9.4,71
2026-01-22T09:00,19,11.4,26.9,48.4,0.0,5.0,1.047,0.0,0.0,11.0,68
2026-01-22T10:00,19,9.2,23.6,40.7,0.0,4.5,0.862,0.0,0.0,11.3,64
2026-01-22T11:00,19,9.3,21.4,39.0,0.0,4.5,0.842,0.0,0.0,12.5,63
2026-01-22T12:00,19,8.4,21.1,35.9,0.0,4.6,0.805,0.0,0.0,12.4,70
2026-01-22T13:00,19,8.3,19.1,31.9,0.0,4.3,0.785,0.0,0.0,13.0,63
2026-01-22T14:00,19,8.9,22.2,34.7,0.0,4.6,0.809,0.0,0.0,13.6,64
2026-01-22T15:00,19,9.4,23.1,39.7,0.0,4.1,0.846,0.0,0.0,13.8,64
2026-01-22T16:00,19,14.4,29.4,45.7,0.0,3.8,1.106,0.0,0.0,13.9,64
2026-01-22T17:00,19,14.6,31.3,57.5,0.0,4.2,1.5,0.0,0.0,12.6,68
2026-01-22T18:00,19,13.0,27.5,52.5,0.0,3.8,1.325,0.0,0.0,12.0,71
2026-01-22T19:00,19,11.2,23.8,41.0,0.0,3.9,1.079,0.0,0.0,10.5,71
2026-01-22T20:00,19,10.3,20.6,37.9,0.0,3.8,0.84,0.0,0.0,10.2,73
2026-01-22T21:00,19,9.0,19.6,28.8,0.0,3.5,0.692,0.0,0.0,8.6,77
2026-01-22T22:00,19,8.5,17.6,25.9,0.0,3.6,0.654,0.0,0.0,8.2,74
2026-01-22T23:00,19,8.3,16.4,24.8,0.0,3.6,0.584,0.0,0.0,7.4,77
2026-01-22T00:00,20,6.5,16.4,28.2,0.0,1.7,0.269,0.0,0.5,6.3,78
2026-01-22T01:00,20,6.1,14.6,26.8,0.0,1.9,0.242,0.0,0.5,6.4,78
2026-01-22T02:00,20,5.5,14.4,22.0,0.0,1.7,0.231,0.0,0.5,6.6,81
2026-01-22T03:00,20,5.9,13.7,22.7,0.0,1.8,0.224,0.0,0.4,6.5,77
2026-01-22T04:00,20,7.0,17.4,29.2,0.0,1.9,0.253,0.0,0.5,6.4,78
2026-01-22T05:00,20,9.4,20.5,41.9,0.0,1.9,0.325,0.0,0.7,7.1,78
2026-01-22T06:00,20,12.0,28.1,57.4,0.0,2.2,0.501,0.0,0.9,8.1,76
2026-01-22T07:00,20,15.5,41.1,79.8,0.0,2.5,0.717,0.0,1.4,8.9,74
2026-01-22T08:00,20,14.7,34.9,77.2,0.0,2.6,0.677,0.0,1.3,10.4,74
2026-01-22T09:00,20,13.7,29.6,60.8,0.0,2.7,0.519,0.0,1.0,11.0,68
2026-01-22T10:00,20,11.0,29.3,55.7,0.0,2.8,0.409,0.0,0.9,11.0,66
2026-01-22T11:00,20,10.6,26.0,47.8,0.0,2.8,0.407,0.0,0.7,12.8,67
2026-01-22T12:00,20,10.0,23.1,41.1,0.0,2.8,0.359,0.0,0.8,12.8,61
2026-01-22T13:00,20,11.1,26.1,44.3,0.0,2.6,0.381,0.0,0.8,13.1,63
2026-01-22T14:00,20,12.5,28.1,43.2,0.0,2.9,0.362,0.0,0.8,13.4,64
2026-01-22T15:00,20,12.2,30.7,49.3,0.0,2.7,0.417,0.0,1.0,13.4,64
2026-01-22T16:00,20,17.1,35.4,64.9,0.0,2.6,0.535,0.0,1.1,13.3,67
2026-01-22T17:00,20,18.6,38.6,70.7,0.0,3.1,0.617,0.0,1.3,12.4,69
2026-01-22T18:00,20,15.8,34.1,64.2,0.0,2.7,0.573,0.0,1.2,12.5,68
2026-01-22T19:00,20,14.0,30.1,56.7,0.0,2.7,0.473,0.0,1.1,10.1,71
2026-01-22T20:00,20,12.2,26.9,51.8,0.0,2.7,0.398,0.0,0.8,10.1,71
2026-01-22T21:00,20,11.5,25.5,34.2,0.0,2.7,0.291,0.0,0.7,9.2,76
2026-01-22T22:00,20,11.2,26.7,31.5,0.0,2.7,0.263,0.0,0.6,8.0,78
2026-01-22T23:00,20,9.8,22.6,30.1,0.0,2.5,0.287,0.0,0.7,7.7,79
2026-01-22T00:00,21,0.0,11.5,27.4,25.4,2.5,0.345,0.0,0.0,6.7,80
2026-01-22T01:00,21,0.0,10.9,23.0,19.7,2.7,0.299,0.0,0.0,6.4,79
2026-01-22T02:00,21,0.0,10.5,23.2,19.8,2.4,0.297,0.0,0.0,5.8,81
2026-01-22T03:00,21,0.0,11.7,23.2,20.7,2.5,0.27,0.0,0.0,6.5,81
2026-01-22T04:00,21,0.0,12.6,25.8,26.2,2.7,0.339,0.0,0.0,6.8,76
2026-01-22T05:00,21,0.0,16.6,39.0,32.6,2.7,0.47,0.0,0.0,8.3,77
2026-01-22T06:00,21,0.0,22.8,50.2,44.0,3.1,0.566,0.0,0.0,8.0,74
2026-01-22T07:00,21,0.0,32.0,77.8,57.5,3.5,0.859,0.0,0.0,9.3,76
2026-01-22T08:00,21,0.0,30.4,69.3,67.8,3.9,0.802,0.0,0.0,10.7,73
2026-01-22T09:00,21,0.0,28.5,58.4,81.6,3.6,0.63,0.0,0.0,11.1,69
2026-01-22T10:00,21,0.0,22.9,50.7,95.1,3.3,0.569,0.0,0.0,10.9,70
2026-01-22T11:00,21,0.0,19.7,43.1,98.6,3.4,0.551,0.0,0.0,13.0,67
2026-01-22T12:00,21,0.0,22.9,44.3,109.1,3.4,0.525,0.0,0.0,13.3,64
2026-01-22T13:00,21,0.0,21.0,40.4,99.8,3.3,0.494,0.0,0.0,13.2,63
2026-01-22T14:00,21,0.0,24.8,44.7,92.2,3.3,0.502,0.0,0.0,13.9,63
2026-01-22T15:00,21,0.0,25.5,44.1,85.6,3.1,0.582,0.0,0.0,13.6,64
2026-01-22T16:00,21,0.0,32.3,59.8,70.0,3.1,0.784,0.0,0.0,13.1,67
2026-01-22T17:00,21,0.0,37.2,68.9,50.7,3.1,0.965,0.0,0.0,12.8,62
2026-01-22T18:00,21,0.0,34.8,74.9,43.7,3.2,0.804,0.0,0.0,12.1,66
2026-01-22T19:00,21,0.0,30.3,62.3,40.5,3.0,0.68,0.0,0.0,11.0,67
2026-01-22T20:00,21,0.0,27.2,50.3,35.6,3.0,0.59,0.0,0.0,9.8,72
2026-01-22T21:00,21,0.0,23.4,40.4,29.0,2.7,0.451,0.0,0.0,8.5,75
2026-01-22T22:00,21,0.0,24.8,34.2,22.0,2.5,0.413,0.0,0.0,8.6,76
2026-01-22T23:00,21,0.0,21.2,31.0,19.8,2.6,0.386,0.0,0.0,7.9,79
2026-01-22T00:00,22,7.1,18.6,42.3,0.0,7.3,0.398,0.0,0.0,7.3,79
2026-01-22T01:00,22,6.6,14.6,36.5,0.0,8.0,0.337,0.0,0.0,6.6,81
2026-01-22T02:00,22,6.4,15.4,33.9,0.0,7.8,0.343,0.0,0.0,6.5,80
2026-01-22T03:00,22,6.5,16.4,36.0,0.0,7.8,0.348,0.0,0.0,6.0,79
2026-01-22T04:00,22,7.8,16.5,39.6,0.0,7.6,0.367,0.0,0.0,6.4,77
2026-01-22T05:00,22,11.3,22.5,52.3,0.0,8.0,0.511,0.0,0.0,7.9,75
2026-01-22T06:00,22,13.5,28.0,77.1,0.0,9.6,0.749,0.0,0.0,8.4,79
2026-01-22T07:00,22,18.3,35.2,120.8,0.0,10.4,0.936,0.0,0.0,9.4,68
2026-01-22T08:00,22,16.7,37.3,114.9,0.0,10.2,0.959,0.0,0.0,9.9,70
2026-01-22T09:00,22,14.2,30.3,86.9,0.0,10.5,0.738,0.0,0.0,11.0,71
2026-01-22T10:00,22,14.0,27.4,70.7,0.0,10.8,0.635,0.0,0.0,11.3,68
2026-01-22T11:00,22,11.6,27.5,69.9,0.0,9.7,0.56,0.0,0.0,12.7,66
2026-01-22T12:00,22,12.9,25.3,63.9,0.0,9.7,0.535,0.0,0.0,13.0,64
2026-01-22T13:00,22,13.2,24.8,62.8,0.0,10.3,0.501,0.0,0.0,13.4,64
2026-01-22T14:00,22,13.7,24.8,69.5,0.0,10.0,0.592,0.0,0.0,13.0,64
2026-01-22T15:00,22,16.8,33.0,78.5,0.0,9.4,0.636,0.0,0.0,13.6,63
2026-01-22T16:00,22,18.5,40.6,90.3,0.0,9.4,0.738,0.0,0.0,13.1,68
2026-01-22T17:00,22,21.6,46.5,111.7,0.0,9.0,0.814,0.0,0.0,13.1,66
2026-01-22T18:00,22,18.5,36.3,102.5,0.0,9.2,0.852,0.0,0.0,11.8,66
2026-01-22T19:00,22,16.1,29.4,84.7,0.0,8.2,0.749,0.0,0.0,10.9,68
2026-01-22T20:00,22,15.4,26.3,63.4,0.0,8.5,0.587,0.0,0.0,10.3,69
2026-01-22T21:00,22,15.0,27.3,53.7,0.0,8.5,0.509,0.0,0.0,8.8,73
2026-01-22T22:00,22,13.9,24.2,52.5,0.0,7.6,0.393,0.0,0.0,8.7,81
2026-01-22T23:00,22,12.0,23.7,45.5,0.0,7.6,0.408,0.0,0.0,7.5,81
2026-01-22T00:00,37,4.6,12.1,31.9,0.0,4.2,0.406,0.0,0.6,7.1,77
2026-01-22T01:00,37,4.2,10.2,24.7,0.0,4.4,0.353,0.0,0.5,6.6,79
2026-01-22T02:00,37,3.8,10.0,24.7,0.0,3.7,0.345,0.0,0.4,6.7,80
2026-01-22T03:00,37,4.1,10.6,22.8,0.0,4.0,0.328,0.0,0.4,7.2,79
2026-01-22T04:00,37,4.7,10.4,28.9,0.0,4.2,0.36,0.0,0.5,7.1,76
2026-01-22T05:00,37,5.8,12.2,36.9,0.0,4.5,0.536,0.0,0.7,7.6,77
2026-01-22T06:00,37,8.2,18.8,53.6,0.0,4.5,0.685,0.0,1.0,8.1,75
2026-01-22T07:00,37,9.5,24.8,74.3,0.0,5.3,1.038,0.0,1.4,8.8,73
2026-01-22T08:00,37,9.5,22.0,69.9,0.0,5.5,0.917,0.0,1.2,10.5,70
2026-01-22T09:00,37,8.2,19.7,58.5,0.0,5.7,0.755,0.0,1.2,11.1,67
2026-01-22T10:00,37,8.0,16.2,44.6,0.0,5.2,0.624,0.0,0.9,11.7,68
2026-01-22T11:00,37,6.6,15.0,40.0,0.0,4.8,0.554,0.0,0.8,13.2,67
2026-01-22T12:00,37,6.4,14.5,35.4,0.0,4.9,0.559,0.0,0.8,13.3,64
2026-01-22T13:00,37,6.8,15.6,36.9,0.0,5.1,0.518,0.0,0.8,13.3,65
2026-01-22T14:00,37,8.2,15.0,34.8,0.0,5.0,0.616,0.0,0.8,14.1,65
2026-01-22T15:00,37,9.3,18.5,37.8,0.0,4.6,0.645,0.0,0.9,14.1,66
2026-01-22T16:00,37,10.8,22.3,45.4,0.0,4.5,0.771,0.0,1.1,13.3,66
2026-01-22T17:00,37,12.9,24.6,52.7,0.0,4.5,0.924,0.0,1.4,12.4,65
2026-01-22T18:00,37,10.2,22.9,50.8,0.0,4.2,0.827,0.0,1.3,12.7,65
2026-01-22T19:00,37,9.2,17.5,44.4,0.0,3.8,0.747,0.0,1.1,10.6,69
2026-01-22T20:00,37,8.8,16.5,35.6,0.0,4.1,0.598,0.0,0.8,9.9,71
2026-01-22T21:00,37,6.9,15.3,27.5,0.0,4.0,0.503,0.0,0.7,8.5,72
2026-01-22T22:00,37,6.7,14.3,22.8,0.0,3.4,0.414,0.0,0.6,7.8,76
2026-01-22T23:00,37,5.9,11.0,20.9,0.0,3.4,0.378,0.0,0.6,7.7,79
2026-01-22T00:00,38,0.0,0.0,39.6,35.7,0.0,0.0,0.0,0.0,7.1,79
2026-01-22T01:00,38,0.6,0.8,33.8,27.5,0.1,0.0,0.0,0.0,6.7,78
2026-01-22T02:00,38,1.1,1.3,32.7,24.8,0.3,0.0,0.0,0.0,6.5,80
2026-01-22T03:00,38,1.7,2.2,33.2,25.9,0.4,0.0,0.0,0.0,6.3,80
2026-01-22T04:00,38,2.5,3.2,37.9,33.3,0.6,0.0,0.0,0.0,6.5,81
2026-01-22T05:00,38,3.7,4.7,54.8,44.5,0.8,0.0,0.0,0.0,7.2,76
2026-01-22T06:00,38,5.6,7.1,73.3,63.5,1.1,0.0,0.0,0.0,7.9,76
2026-01-22T07:00,38,9.0,12.2,101.6,74.8,1.4,0.0,0.0,0.0,8.2,74
2026-01-22T08:00,38,9.2,13.3,112.3,93.8,1.5,0.0,0.0,0.0,10.2,73
2026-01-22T09:00,38,9.8,13.3,75.7,113.3,1.8,0.0,0.0,0.0,11.4,69
2026-01-22T10:00,38,8.8,12.1,67.3,129.4,1.9,0.0,0.0,0.0,11.3,67
2026-01-22T11:00,38,9.5,12.7,66.1,130.2,2.0,0.0,0.0,0.0,12.6,69
2026-01-22T12:00,38,10.1,12.5,60.0,146.3,2.2,0.0,0.0,0.0,12.8,65
2026-01-22T13:00,38,11.2,13.4,60.5,145.0,2.3,0.0,0.0,0.0,13.6,64
2026-01-22T14:00,38,12.7,15.2,63.7,121.1,2.5,0.0,0.0,0.0,13.5,64
2026-01-22T15:00,38,14.4,20.3,64.5,104.6,2.5,0.0,0.0,0.0,12.6,62
2026-01-22T16:00,38,17.4,23.8,85.1,92.8,2.4,0.0,0.0,0.0,13.6,62
2026-01-22T17:00,38,23.1,29.3,96.6,74.7,2.9,0.0,0.0,0.0,12.0,65
2026-01-22T18:00,38,22.1,26.2,98.3,64.8,2.7,0.0,0.0,0.0,12.2,66
2026-01-22T19:00,38,19.3,24.6,81.6,61.4,3.0,0.0,0.0,0.0,11.1,72
2026-01-22T20:00,38,17.2,23.0,71.1,46.1,3.0,0.0,0.0,0.0,9.8,76
2026-01-22T21:00,38,16.2,18.1,55.5,38.6,3.4,0.0,0.0,0.0,10.0,74
2026-01-22T22:00,38,14.9,18.1,46.8,34.6,3.4,0.0,0.0,0.0,8.0,73
2026-01-22T23:00,38,14.5,18.8,40.6,35.5,3.3,0.0,0.0,0.0,8.0,74
2026-01-23T00:00,19,8.0,18.1,23.9,0.0,3.6,0.66,0.0,0.0,6.8,74
2026-01-23T01:00,19,7.7,14.1,18.3,0.0,3.5,0.556,0.0,0.0,6.5,84
2026-01-23T02:00,19,7.1,14.9,18.2,0.0,3.4,0.446,0.0,0.0,6.8,81
2026-01-23T03:00,19,7.3,15.7,18.9,0.0,3.2,0.46,0.0,0.0,6.6,78
2026-01-23T04:00,19,7.4,17.3,21.7,0.0,3.1,0.617,0.0,0.0,6.5,81
2026-01-23T05:00,19,10.5,18.0,29.3,0.0,3.7,0.781,0.0,0.0,7.2,76
2026-01-23T06:00,19,13.5,26.1,41.7,0.0,3.9,1.021,0.0,0.0,7.9,75
2026-01-23T07:00,19,17.5,33.8,57.8,0.0,4.3,1.436,0.0,0.0,8.2,73
2026-01-23T08:00,19,15.4,34.1,53.5,0.0,4.2,1.48,0.0,0.0,10.4,72
2026-01-23T09:00,19,15.4,27.9,42.5,0.0,4.1,1.174,0.0,0.0,10.8,69
2026-01-23T10:00,19,11.7,22.9,36.0,0.0,4.4,0.927,0.0,0.0,11.3,66
2026-01-23T11:00,19,11.5,21.2,29.7,0.0,3.9,0.875,0.0,0.0,12.6,72
2026-01-23T12:00,19,11.2,21.3,32.2,0.0,4.1,0.823,0.0,0.0,12.5,63
2026-01-23T13:00,19,11.4,22.5,29.2,0.0,3.9,0.823,0.0,0.0,13.5,64
2026-01-23T14:00,19,11.2,23.5,33.4,0.0,3.6,0.904,0.0,0.0,13.2,64
2026-01-23T15:00,19,13.4,24.3,33.5,0.0,3.4,0.938,0.0,0.0,13.7,64
2026-01-23T16:00,19,15.7,30.3,42.1,0.0,3.1,1.079,0.0,0.0,12.7,67
2026-01-23T17:00,19,18.1,30.8,48.6,0.0,3.6,1.251,0.0,0.0,12.4,65
2026-01-23T18:00,19,17.2,29.1,42.5,0.0,3.4,1.367,0.0,0.0,10.7,68
2026-01-23T19:00,19,13.2,26.3,38.1,0.0,3.1,1.089,0.0,0.0,11.3,72
2026-01-23T20:00,19,11.0,23.4,31.1,0.0,2.9,0.83,0.0,0.0,10.2,73
2026-01-23T21:00,19,11.2,19.7,22.5,0.0,2.9,0.775,0.0,0.0,8.7,70
2026-01-23T22:00,19,9.8,20.1,18.6,0.0,2.8,0.593,0.0,0.0,7.6,72
2026-01-23T23:00,19,8.8,15.3,20.2,0.0,2.6,0.609,0.0,0.0,7.4,78
2026-01-23T00:00,20,10.0,22.2,30.2,0.0,2.5,0.256,0.0,0.7,7.5,79
2026-01-23T01:00,20,9.4,18.9,23.8,0.0,2.9,0.241,0.0,0.6,6.4,80
2026-01-23T02:00,20,8.7,18.9,23.4,0.0,3.0,0.213,0.0,0.5,5.8,77
2026-01-23T03:00,20,8.9,20.1,23.7,0.0,3.3,0.232,0.0,0.5,6.9,82
2026-01-23T04:00,20,9.5,23.0,24.0,0.0,3.3,0.264,0.0,0.5,7.7,81
2026-01-23T05:00,20,12.9,26.7,38.6,0.0,4.1,0.341,0.0,0.8,7.2,78
2026-01-23T06:00,20,15.9,34.2,52.2,0.0,5.0,0.497,0.0,1.0,8.1,70
2026-01-23T07:00,20,18.7,49.3,67.0,0.0,5.7,0.755,0.0,1.3,9.0,71
2026-01-23T08:00,20,18.6,44.7,72.7,0.0,5.7,0.703,0.0,1.4,10.1,72
2026-01-23T09:00,20,16.3,39.9,51.8,0.0,6.7,0.528,0.0,1.0,11.2,67
2026-01-23T10:00,20,15.4,36.0,46.0,0.0,6.8,0.448,0.0,0.9,11.7,69
2026-01-23T11:00,20,12.9,32.9,40.5,0.0,6.7,0.415,0.0,0.9,12.8,69
2026-01-23T12:00,20,12.6,31.4,36.1,0.0,6.9,0.396,0.0,0.8,12.9,63
2026-01-23T13:00,20,11.7,31.0,34.2,0.0,6.6,0.44,0.0,0.8,12.6,60
2026-01-23T14:00,20,12.1,33.5,39.8,0.0,7.3,0.414,0.0,0.8,13.4,66
2026-01-23T15:00,20,16.1,37.7,38.9,0.0,7.8,0.445,0.0,0.9,14.0,66
2026-01-23T16:00,20,18.3,47.6,48.4,0.0,7.6,0.636,0.0,1.0,12.9,63
2026-01-23T17:00,20,19.9,55.3,57.8,0.0,7.4,0.752,0.0,1.4,12.9,64
2026-01-23T18:00,20,17.5,45.9,49.8,0.0,7.2,0.661,0.0,1.2,11.5,69
2026-01-23T19:00,20,13.8,38.1,39.0,0.0,7.8,0.587,0.0,0.9,11.9,69
2026-01-23T20:00,20,13.1,39.0,31.8,0.0,7.3,0.466,0.0,0.8,10.0,71
2026-01-23T21:00,20,11.8,33.9,27.8,0.0,7.6,0.417,0.0,0.7,9.1,73
2026-01-23T22:00,20,11.3,31.2,22.3,0.0,7.7,0.367,0.0,0.6,7.6,74
2026-01-23T23:00,20,9.7,26.1,20.2,0.0,7.7,0.314,0.0,0.6,7.8,79
2026-01-23T00:00,21,0.0,21.7,33.9,20.4,2.4,0.396,0.0,0.0,7.1,79
2026-01-23T01:00,21,0.0,18.9,27.7,14.3,2.5,0.345,0.0,0.0,6.5,78
2026-01-23T02:00,21,0.0,18.8,27.3,13.4,2.4,0.333,0.0,0.0,6.6,80
2026-01-23T03:00,21,0.0,18.0,24.2,16.2,2.4,0.344,0.0,0.0,6.8,77
2026-01-23T04:00,21,0.0,19.7,29.2,24.2,2.7,0.36,0.0,0.0,6.6,75
2026-01-23T05:00,21,0.0,28.9,34.4,31.1,2.9,0.51,0.0,0.0,8.1,81
2026-01-23T06:00,21,0.0,34.2,54.8,41.2,2.8,0.726,0.0,0.0,8.6,78
2026-01-23T07:00,21,0.0,50.5,75.9,56.7,3.2,0.963,0.0,0.0,9.1,73
2026-01-23T08:00,21,0.0,44.7,76.3,61.6,3.6,0.956,0.0,0.0,10.0,69
2026-01-23T09:00,21,0.0,37.7,53.6,69.9,3.5,0.678,0.0,0.0,11.6,69
2026-01-23T10:00,21,0.0,33.4,43.1,96.5,3.5,0.641,0.0,0.0,11.3,71
2026-01-23T11:00,21,0.0,36.2,39.0,103.1,3.7,0.601,0.0,0.0,12.6,67
2026-01-23T12:00,21,0.0,33.9,36.2,102.3,3.5,0.56,0.0,0.0,12.8,63
2026-01-23T13:00,21,0.0,30.1,36.0,98.5,3.4,0.616,0.0,0.0,13.7,62
2026-01-23T14:00,21,0.0,35.6,36.2,100.7,3.1,0.628,0.0,0.0,13.2,60
2026-01-23T15:00,21,0.0,35.9,37.1,88.7,3.2,0.62,0.0,0.0,14.2,64
2026-01-23T16:00,21,0.0,45.0,41.9,66.6,2.9,0.801,0.0,0.0,12.5,64
2026-01-23T17:00,21,0.0,53.9,56.2,55.3,3.1,0.947,0.0,0.0,12.6,68
2026-01-23T18:00,21,0.0,51.6,46.8,54.2,3.0,0.826,0.0,0.0,11.7,70
2026-01-23T19:00,21,0.0,39.1,42.0,49.3,2.9,0.737,0.0,0.0,10.7,67
2026-01-23T20:00,21,0.0,36.8,29.8,38.2,2.8,0.613,0.0,0.0,9.5,72
2026-01-23T21:00,21,0.0,30.9,23.9,33.2,2.9,0.492,0.0,0.0,8.7,74
2026-01-23T22:00,21,0.0,29.7,20.4,30.5,2.5,0.368,0.0,0.0,8.5,75
2026-01-23T23:00,21,0.0,31.2,19.4,26.6,2.6,0.371,0.0,0.0,7.7,72
2026-01-23T00:00,22,13.1,25.1,46.1,0.0,7.4,0.414,0.0,0.0,7.5,81
2026-01-23T01:00,22,11.1,21.3,42.4,0.0,7.4,0.345,0.0,0.0,6.8,78
2026-01-23T02:00,22,10.5,20.5,39.0,0.0,7.5,0.326,0.0,0.1,6.1,77
2026-01-23T03:00,22,10.4,20.7,35.9,0.0,7.1,0.348,0.0,0.1,7.0,82
2026-01-23T04:00,22,12.2,21.2,36.4,0.0,8.1,0.387,0.0,0.2,6.8,79
2026-01-23T05:00,22,12.8,28.2,59.2,0.0,8.7,0.547,0.0,0.3,7.9,79
2026-01-23T06:00,22,18.9,38.4,84.5,0.0,9.3,0.765,0.0,0.5,8.2,76
2026-01-23T07:00,22,20.7,48.5,107.6,0.0,10.2,0.999,0.0,0.7,9.0,74
2026-01-23T08:00,22,21.3,52.6,103.0,0.0,10.2,0.82,0.0,0.8,9.4,74
2026-01-23T09:00,22,17.9,49.1,76.4,0.0,10.8,0.764,0.0,0.7,11.5,72
2026-01-23T10:00,22,16.1,39.3,69.4,0.0,10.1,0.657,0.0,0.7,11.6,66
2026-01-23T11:00,22,14.3,36.2,58.6,0.0,10.5,0.575,0.0,0.7,12.6,68
2026-01-23T12:00,22,14.9,35.4,51.1,0.0,9.5,0.541,0.0,0.7,13.3,63
2026-01-23T13:00,22,13.9,34.9,53.2,0.0,9.9,0.561,0.0,0.7,13.1,64
2026-01-23T14:00,22,13.9,38.6,52.4,0.0,8.7,0.603,0.0,0.8,13.3,61
2026-01-23T15:00,22,15.7,47.2,49.3,0.0,8.9,0.562,0.0,1.0,13.0,62
2026-01-23T16:00,22,18.5,55.5,62.2,0.0,8.7,0.764,0.0,1.2,13.2,67
2026-01-23T17:00,22,20.5,62.3,74.3,0.0,9.2,0.969,0.0,1.8,13.3,64
2026-01-23T18:00,22,19.1,53.9,71.5,0.0,8.2,0.829,0.0,1.6,12.0,67
2026-01-23T19:00,22,15.4,42.3,54.4,0.0,7.8,0.739,0.0,1.5,10.4,67
2026-01-23T20:00,22,13.2,42.1,46.5,0.0,7.7,0.583,0.0,1.3,9.9,71
2026-01-23T21:00,22,12.3,34.9,36.3,0.0,7.5,0.457,0.0,1.1,9.6,74
2026-01-23T22:00,22,10.4,37.7,30.6,0.0,7.1,0.416,0.0,1.0,8.7,72
2026-01-23T23:00,22,9.9,32.9,27.8,0.0,6.8,0.404,0.0,1.0,7.9,77
2026-01-23T00:00,37,6.9,13.6,21.1,0.0,3.5,0.427,0.0,0.7,7.1,79
2026-01-23T01:00,37,5.9,11.4,17.0,0.0,3.8,0.329,0.0,0.6,7.1,78
2026-01-23T02:00,37,5.3,11.9,17.2,0.0,3.2,0.311,0.0,0.5,7.2,78
2026-01-23T03:00,37,5.9,11.6,15.6,0.0,3.6,0.322,0.0,0.5,6.8,79
2026-01-23T04:00,37,6.1,12.8,18.0,0.0,3.4,0.41,0.0,0.6,7.7,78
2026-01-23T05:00,37,8.3,17.6,26.4,0.0,3.8,0.54,0.0,0.8,7.3,76
2026-01-23T06:00,37,11.3,22.4,39.1,0.0,4.0,0.702,0.0,0.9,8.1,76
2026-01-23T07:00,37,13.5,32.3,51.9,0.0,4.7,0.952,0.0,1.5,9.2,68
2026-01-23T08:00,37,13.6,27.6,53.2,0.0,5.0,0.918,0.0,1.4,10.3,72
2026-01-23T09:00,37,10.3,27.2,41.3,0.0,4.5,0.679,0.0,1.1,10.5,71
2026-01-23T10:00,37,9.2,24.2,32.1,0.0,4.3,0.625,0.0,0.9,11.7,68
2026-01-23T11:00,37,8.7,22.5,30.4,0.0,4.3,0.54,0.0,0.8,11.7,65
2026-01-23T12:00,37,8.5,21.3,31.5,0.0,4.7,0.575,0.0,0.8,13.2,65
2026-01-23T13:00,37,9.0,22.6,30.0,0.0,4.5,0.538,0.0,0.8,12.7,63
2026-01-23T14:00,37,9.8,23.9,32.2,0.0,4.4,0.603,0.0,0.9,13.6,66
2026-01-23T15:00,37,11.2,28.8,33.4,0.0,4.3,0.568,0.0,0.9,12.5,63
2026-01-23T16:00,37,13.4,37.4,40.1,0.0,4.3,0.756,0.0,1.0,13.3,67
2026-01-23T17:00,37,14.8,40.1,51.1,0.0,4.1,0.843,0.0,1.3,12.2,62
2026-01-23T18:00,37,11.5,35.0,49.6,0.0,3.7,0.877,0.0,1.1,12.6,68
2026-01-23T19:00,37,10.2,29.2,40.4,0.0,3.7,0.773,0.0,1.0,10.5,71
2026-01-23T20:00,37,9.8,30.2,30.1,0.0,3.7,0.587,0.0,0.8,10.0,75
2026-01-23T21:00,37,8.7,24.8,25.1,0.0,3.8,0.506,0.0,0.6,9.1,75
2026-01-23T22:00,37,7.7,22.5,22.2,0.0,3.6,0.403,0.0,0.6,8.5,78
2026-01-23T23:00,37,7.0,23.6,21.5,0.0,3.1,0.417,0.0,0.6,7.8,76
2026-01-23T00:00,38,16.0,19.4,45.9,30.8,3.5,0.0,0.0,0.0,6.7,77
2026-01-23T01:00,38,14.4,17.6,34.7,25.8,3.5,0.0,0.0,0.0,6.6,82
2026-01-23T02:00,38,12.8,17.9,37.8,20.0,3.6,0.0,0.0,0.0,6.4,81
2026-01-23T03:00,38,14.5,20.1,34.1,24.2,3.6,0.0,0.0,0.0,6.8,73
2026-01-23T04:00,38,15.0,18.8,37.5,30.1,4.0,0.0,0.0,0.0,7.4,78
2026-01-23T05:00,38,16.5,25.6,46.8,39.9,3.8,0.0,0.0,0.0,7.4,73
2026-01-23T06:00,38,22.9,32.6,60.8,56.2,4.2,0.0,0.0,0.0,8.8,72
2026-01-23T07:00,38,31.5,47.0,91.2,74.5,4.5,0.0,0.0,0.0,8.8,74
2026-01-23T08:00,38,28.7,44.8,84.9,96.2,4.8,0.0,0.0,0.0,9.7,72
2026-01-23T09:00,38,25.8,39.4,66.6,120.5,4.7,0.0,0.0,0.0,10.5,66
2026-01-23T10:00,38,22.9,32.6,49.6,139.2,4.5,0.0,0.0,0.0,11.7,68
2026-01-23T11:00,38,20.5,31.3,48.7,131.9,4.6,0.0,0.0,0.0,12.4,64
2026-01-23T12:00,38,19.8,32.6,40.9,161.9,4.9,0.0,0.0,0.0,12.3,66
2026-01-23T13:00,38,16.9,32.2,40.1,133.1,4.5,0.0,0.0,0.0,13.4,60
2026-01-23T14:00,38,21.5,33.2,40.5,130.9,4.1,0.0,0.0,0.0,13.3,60
2026-01-23T15:00,38,24.1,38.3,39.3,120.6,4.3,0.0,0.0,0.0,13.3,62
2026-01-23T16:00,38,29.6,46.2,47.9,97.3,4.1,0.0,0.0,0.0,12.9,64
2026-01-23T17:00,38,29.0,59.3,49.9,76.4,4.0,0.0,0.0,0.0,12.8,68
2026-01-23T18:00,38,27.9,49.6,50.4,63.4,3.9,0.0,0.0,0.0,12.4,67
2026-01-23T19:00,38,22.4,44.6,38.5,63.0,3.9,0.0,0.0,0.0,11.0,68
2026-01-23T20:00,38,20.9,37.8,29.1,53.5,3.9,0.0,0.0,0.0,9.5,72
2026-01-23T21:00,38,17.0,35.3,21.4,47.2,4.1,0.0,0.0,0.0,9.4,73
2026-01-23T22:00,38,16.6,31.5,16.3,36.7,3.6,0.0,0.0,0.0,8.1,71
2026-01-23T23:00,38,16.1,29.0,16.2,34.9,3.4,0.0,0.0,0.0,7.0,77
2026-01-24T00:00,19,10.1,0.0,20.4,0.0,2.5,0.636,0.0,0.0,7.6,78
2026-01-24T01:00,19,8.1,0.0,15.0,0.0,2.4,0.541,0.0,0.0,5.7,81
2026-01-24T02:00,19,8.5,0.0,15.5,0.0,2.6,0.457,0.0,0.0,5.2,82
2026-01-24T03:00,19,8.2,0.0,15.3,0.0,2.4,0.476,0.0,0.0,7.7,77
2026-01-24T04:00,19,8.9,0.0,17.6,0.0,2.8,0.583,0.0,0.0,7.4,77
2026-01-24T05:00,19,11.4,0.0,23.7,0.0,2.7,0.751,0.0,0.0,7.3,84
2026-01-24T06:00,19,15.5,0.0,32.9,0.0,3.1,0.97,0.0,0.0,8.2,73
2026-01-24T07:00,19,20.1,0.0,44.3,0.0,3.4,1.557,0.0,0.0,8.9,73
2026-01-24T08:00,19,18.8,0.0,40.2,0.0,3.5,1.399,0.0,0.0,10.1,72
2026-01-24T09:00,19,15.2,0.0,36.6,0.0,3.9,1.142,0.0,0.0,10.6,69
2026-01-24T10:00,19,14.3,0.0,25.6,0.0,3.1,1.026,0.0,0.0,11.5,69
2026-01-24T11:00,19,12.4,0.0,23.9,0.0,3.2,0.889,0.0,0.0,11.9,65
2026-01-24T12:00,19,12.7,0.0,23.3,0.0,3.5,0.822,0.0,0.0,13.3,66
2026-01-24T13:00,19,11.9,0.0,22.8,0.0,3.2,0.835,0.0,0.0,12.5,65
2026-01-24T14:00,19,12.3,0.0,21.2,0.0,3.5,0.855,0.0,0.0,13.6,62
2026-01-24T15:00,19,16.0,0.0,24.5,0.0,3.0,0.856,0.0,0.0,13.7,64
2026-01-24T16:00,19,17.1,0.0,29.7,0.0,3.0,0.939,0.0,0.0,13.2,65
2026-01-24T17:00,19,21.4,0.0,33.0,0.0,3.2,1.409,0.0,0.0,12.3,62
2026-01-24T18:00,19,17.1,0.0,32.6,0.0,2.9,1.154,0.0,0.0,11.6,67
2026-01-24T19:00,19,13.1,0.0,27.7,0.0,3.2,1.081,0.0,0.0,10.6,69
2026-01-24T20:00,19,12.9,0.0,19.2,0.0,2.8,0.816,0.0,0.0,10.2,71
2026-01-24T21:00,19,11.1,0.0,16.7,0.0,2.8,0.659,0.0,0.0,9.1,75
2026-01-24T22:00,19,10.5,0.0,14.3,0.0,2.6,0.552,0.0,0.0,8.4,75
2026-01-24T23:00,19,9.5,0.0,13.0,0.0,2.7,0.516,0.0,0.0,6.9,76
2026-01-24T00:00,20,9.9,27.4,21.0,0.0,7.4,0.345,0.0,0.5,7.0,76
2026-01-24T01:00,20,8.5,26.8,16.9,0.0,7.3,0.288,0.0,0.5,7.0,76
2026-01-24T02:00,20,8.6,25.1,16.3,0.0,6.7,0.244,0.0,0.4,6.6,80
2026-01-24T03:00,20,8.3,26.4,16.0,0.0,7.1,0.266,0.0,0.4,6.9,79
2026-01-24T04:00,20,9.3,29.0,18.6,0.0,5.9,0.294,0.0,0.5,7.0,78
2026-01-24T05:00,20,12.6,37.1,26.6,0.0,6.5,0.359,0.0,0.7,6.8,77
2026-01-24T06:00,20,15.7,49.6,32.0,0.0,6.8,0.488,0.0,0.7,7.7,75
2026-01-24T07:00,20,20.3,66.7,44.4,0.0,7.2,0.663,0.0,1.0,8.7,75
2026-01-24T08:00,20,19.2,71.1,46.6,0.0,7.6,0.591,0.0,0.9,9.3,71
2026-01-24T09:00,20,15.3,56.8,35.9,0.0,7.1,0.505,0.0,0.8,11.8,68
2026-01-24T10:00,20,15.5,45.7,28.9,0.0,6.7,0.415,0.0,0.6,11.7,68
2026-01-24T11:00,20,12.9,47.6,25.1,0.0,6.0,0.321,0.0,0.5,12.6,67
2026-01-24T12:00,20,12.6,41.2,24.2,0.0,5.2,0.355,0.0,0.5,12.0,62
2026-01-24T13:00,20,12.2,45.5,22.9,0.0,5.0,0.312,0.0,0.5,13.1,63
2026-01-24T14:00,20,13.3,52.9,24.3,0.0,4.6,0.31,0.0,0.5,12.1,63
2026-01-24T15:00,20,15.6,51.9,27.0,0.0,4.3,0.34,0.0,0.5,13.1,66
2026-01-24T16:00,20,19.4,71.3,29.5,0.0,4.0,0.378,0.0,0.6,13.1,67
2026-01-24T17:00,20,21.7,81.8,35.9,0.0,3.6,0.474,0.0,0.7,11.9,68
2026-01-24T18:00,20,20.0,68.5,32.3,0.0,2.8,0.368,0.0,0.6,10.7,67
2026-01-24T19:00,20,14.9,60.6,27.0,0.0,2.6,0.315,0.0,0.5,11.3,68
2026-01-24T20:00,20,15.3,49.2,22.4,0.0,2.4,0.249,0.0,0.4,9.7,70
2026-01-24T21:00,20,11.3,50.6,17.1,0.0,1.6,0.191,0.0,0.3,8.7,71
2026-01-24T22:00,20,10.8,45.5,13.6,0.0,1.5,0.154,0.0,0.2,8.8,74
2026-01-24T23:00,20,11.0,41.7,13.0,0.0,1.1,0.156,0.0,0.2,7.0,79
2026-01-24T00:00,21,0.0,30.9,16.8,28.8,2.4,0.367,0.0,0.0,6.7,77
2026-01-24T01:00,21,0.0,26.0,13.6,22.3,2.5,0.309,0.0,0.0,6.8,80
2026-01-24T02:00,21,0.0,26.8,13.3,19.3,2.3,0.314,0.0,0.0,6.9,80
2026-01-24T03:00,21,0.0,28.1,13.9,20.8,2.4,0.307,0.0,0.0,7.4,78
2026-01-24T04:00,21,0.0,27.7,15.0,27.8,2.1,0.322,0.0,0.0,6.0,81
2026-01-24T05:00,21,0.0,38.8,19.0,41.0,2.2,0.494,0.0,0.0,7.7,78
2026-01-24T06:00,21,0.0,53.0,25.1,52.4,2.4,0.667,0.0,0.0,8.3,72
2026-01-24T07:00,21,0.0,64.3,34.2,65.0,2.9,0.771,0.0,0.0,9.5,73
2026-01-24T08:00,21,0.0,63.7,37.3,88.7,2.7,0.795,0.0,0.0,9.4,66
2026-01-24T09:00,21,0.0,56.5,28.3,106.0,2.7,0.632,0.0,0.0,10.8,67
2026-01-24T10:00,21,0.0,50.1,19.9,114.1,2.4,0.515,0.0,0.0,11.4,68
2026-01-24T11:00,21,0.0,52.9,18.1,138.0,2.4,0.447,0.0,0.0,12.3,67
2026-01-24T12:00,21,0.0,47.7,16.5,141.1,2.0,0.395,0.0,0.0,12.9,74
2026-01-24T13:00,21,0.0,44.1,16.4,122.9,2.0,0.385,0.0,0.0,12.5,63
2026-01-24T14:00,21,0.0,49.1,16.3,127.0,2.0,0.398,0.0,0.0,13.9,66
2026-01-24T15:00,21,0.0,61.2,16.5,112.5,1.9,0.375,0.0,0.0,14.0,63
2026-01-24T16:00,21,0.0,68.6,20.4,91.5,1.7,0.493,0.0,0.0,13.4,64
2026-01-24T17:00,21,0.0,92.3,26.1,74.6,1.6,0.654,0.0,0.0,12.3,68
2026-01-24T18:00,21,0.0,66.2,21.4,65.6,1.5,0.564,0.0,0.0,11.5,64
2026-01-24T19:00,21,0.0,57.5,15.5,57.3,1.4,0.44,0.0,0.0,11.4,67
2026-01-24T20:00,21,0.0,60.0,12.1,49.4,1.1,0.34,0.0,0.0,10.2,69
2026-01-24T21:00,21,0.0,53.2,9.2,40.4,1.1,0.273,0.0,0.0,8.9,69
2026-01-24T22:00,21,0.0,50.7,8.0,36.3,1.0,0.204,0.0,0.0,8.5,77
2026-01-24T23:00,21,0.0,46.4,7.1,33.7,0.8,0.206,0.0,0.0,6.8,76
2026-01-24T00:00,22,10.3,30.0,28.6,0.0,6.7,0.409,0.0,1.2,6.7,77
2026-01-24T01:00,22,8.1,31.0,23.2,0.0,6.6,0.353,0.0,1.1,6.6,80
2026-01-24T02:00,22,8.2,32.6,21.3,0.0,6.2,0.298,0.0,1.0,6.8,80
2026-01-24T03:00,22,8.0,29.8,19.8,0.0,6.0,0.317,0.0,1.3,6.6,81
2026-01-24T04:00,22,9.1,35.6,22.7,0.0,5.9,0.347,0.0,1.5,8.0,78
2026-01-24T05:00,22,10.7,40.5,31.0,0.0,6.5,0.434,0.0,2.4,7.3,78
2026-01-24T06:00,22,15.1,58.7,46.7,0.0,6.8,0.574,0.0,3.4,8.6,74
2026-01-24T07:00,22,19.4,73.6,64.2,0.0,7.5,0.86,0.0,5.2,8.5,75
2026-01-24T08:00,22,15.7,74.6,58.4,0.0,7.4,0.782,0.0,5.3,10.1,73
2026-01-24T09:00,22,14.9,66.3,49.1,0.0,6.6,0.594,0.0,4.3,10.6,69
2026-01-24T10:00,22,12.6,57.6,35.9,0.0,5.6,0.538,0.0,4.1,12.0,68
2026-01-24T11:00,22,12.2,53.9,30.9,0.0,5.9,0.431,0.0,3.8,12.2,66
2026-01-24T12:00,22,11.7,53.4,34.1,0.0,5.2,0.44,0.0,4.1,13.1,62
2026-01-24T13:00,22,11.8,50.8,27.5,0.0,5.5,0.448,0.0,4.2,13.7,62
2026-01-24T14:00,22,11.7,59.0,29.7,0.0,4.9,0.432,0.0,5.0,13.2,63
2026-01-24T15:00,22,12.9,73.8,33.6,0.0,4.7,0.448,0.0,5.3,13.0,63
2026-01-24T16:00,22,16.8,79.7,39.2,0.0,4.1,0.49,0.0,6.6,13.0,61
2026-01-24T17:00,22,16.8,89.5,44.3,0.0,3.9,0.59,0.0,9.1,12.1,65
2026-01-24T18:00,22,15.4,85.8,42.0,0.0,3.7,0.526,0.0,8.8,11.6,68
2026-01-24T19:00,22,14.5,64.4,35.6,0.0,3.1,0.463,0.0,7.1,10.8,66
2026-01-24T20:00,22,10.9,62.0,28.2,0.0,3.0,0.351,0.0,5.9,10.5,69
2026-01-24T21:00,22,10.4,54.2,21.6,0.0,2.4,0.286,0.0,5.4,8.8,76
2026-01-24T22:00,22,9.3,51.1,16.0,0.0,2.2,0.204,0.0,4.9,8.9,77
2026-01-24T23:00,22,8.9,52.6,17.4,0.0,2.1,0.235,0.0,4.9,7.8,80
2026-01-24T00:00,37,8.2,21.9,21.2,0.0,3.5,0.377,0.0,0.6,7.2,79
2026-01-24T01:00,37,6.5,21.8,16.5,0.0,3.3,0.345,0.0,0.4,6.1,79
2026-01-24T02:00,37,6.5,19.3,16.9,0.0,3.4,0.35,0.0,0.4,6.8,78
2026-01-24T03:00,37,6.8,20.8,17.3,0.0,3.4,0.311,0.0,0.4,6.6,79
2026-01-24T04:00,37,7.4,20.5,19.3,0.0,3.5,0.38,0.0,0.5,7.0,77
2026-01-24T05:00,37,10.1,31.7,24.4,0.0,3.8,0.506,0.0,0.7,7.9,77
2026-01-24T06:00,37,12.7,40.6,34.4,0.0,4.5,0.652,0.0,0.8,8.3,74
2026-01-24T07:00,37,15.5,50.5,51.5,0.0,4.5,0.979,0.0,1.0,9.0,68
2026-01-24T08:00,37,14.7,51.5,43.6,0.0,5.1,0.864,0.0,1.0,9.6,69
2026-01-24T09:00,37,13.3,44.1,36.2,0.0,5.5,0.706,0.0,0.8,10.7,68
2026-01-24T10:00,37,11.7,40.0,29.1,0.0,5.0,0.593,0.0,0.7,12.4,69
2026-01-24T11:00,37,10.6,34.6,25.4,0.0,5.3,0.564,0.0,0.6,12.3,64
2026-01-24T12:00,37,10.7,35.0,25.3,0.0,5.3,0.507,0.0,0.5,12.5,63
2026-01-24T13:00,37,10.9,37.3,23.0,0.0,5.1,0.523,0.0,0.6,13.5,66
2026-01-24T14:00,37,11.7,37.9,23.2,0.0,4.9,0.5,0.0,0.5,13.0,60
2026-01-24T15:00,37,13.6,40.4,24.7,0.0,5.0,0.489,0.0,0.6,13.3,63
2026-01-24T16:00,37,15.2,52.9,31.0,0.0,4.8,0.672,0.0,0.6,12.8,64
2026-01-24T17:00,37,15.9,64.7,35.2,0.0,5.2,0.871,0.0,0.8,12.8,65
2026-01-24T18:00,37,15.6,54.9,31.5,0.0,4.5,0.779,0.0,0.7,12.0,69
2026-01-24T19:00,37,12.3,41.9,25.7,0.0,4.6,0.611,0.0,0.6,10.4,66
2026-01-24T20:00,37,11.6,37.3,21.4,0.0,4.4,0.466,0.0,0.5,9.3,71
2026-01-24T21:00,37,11.3,36.9,15.6,0.0,4.3,0.385,0.0,0.4,8.8,73
2026-01-24T22:00,37,9.8,33.0,13.1,0.0,4.0,0.356,0.0,0.3,8.7,78
2026-01-24T23:00,37,9.5,30.8,11.1,0.0,4.1,0.346,0.0,0.3,7.7,76
2026-01-24T00:00,38,14.2,29.4,14.2,34.3,3.5,0.0,0.0,0.0,7.2,80
2026-01-24T01:00,38,13.3,25.9,11.9,29.9,3.4,0.0,0.0,0.0,6.7,79
2026-01-24T02:00,38,13.4,26.4,10.3,24.3,3.5,0.0,0.0,0.0,6.5,81
2026-01-24T03:00,38,11.9,23.7,10.1,24.8,3.4,0.0,0.0,0.0,6.5,79
2026-01-24T04:00,38,14.3,26.2,12.1,32.8,3.5,0.0,0.0,0.0,6.9,80
2026-01-24T05:00,38,17.5,36.7,15.9,45.9,3.4,0.0,0.0,0.0,7.3,78
2026-01-24T06:00,38,23.5,46.2,18.1,64.2,4.2,0.0,0.0,0.0,7.5,73
2026-01-24T07:00,38,30.1,58.2,29.9,77.9,4.5,0.0,0.0,0.0,9.1,72
2026-01-24T08:00,38,28.4,51.3,29.3,102.6,4.7,0.0,0.0,0.0,9.8,70
2026-01-24T09:00,38,25.3,51.1,18.8,115.9,5.0,0.0,0.0,0.0,10.6,74
2026-01-24T10:00,38,22.7,43.4,15.2,135.1,4.9,0.0,0.0,0.0,12.0,70
2026-01-24T11:00,38,20.7,39.0,13.5,162.4,4.7,0.0,0.0,0.0,12.2,66
2026-01-24T12:00,38,18.8,40.0,12.2,154.9,4.4,0.0,0.0,0.0,12.5,64
2026-01-24T13:00,38,19.5,35.7,11.3,147.8,4.3,0.0,0.0,0.0,13.3,63
2026-01-24T14:00,38,20.2,40.1,12.2,141.8,4.4,0.0,0.0,0.0,13.0,64
2026-01-24T15:00,38,22.9,46.7,11.1,119.2,4.0,0.0,0.0,0.0,12.9,64
2026-01-24T16:00,38,28.7,53.0,14.2,111.3,4.0,0.0,0.0,0.0,13.1,69
2026-01-24T17:00,38,30.6,57.1,14.9,81.4,3.9,0.0,0.0,0.0,12.3,67
2026-01-24T18:00,38,26.0,52.5,13.9,74.8,3.9,0.0,0.0,0.0,12.0,68
2026-01-24T19:00,38,23.9,42.9,11.1,67.8,3.8,0.0,0.0,0.0,11.7,70
2026-01-24T20:00,38,20.6,38.7,7.6,61.4,3.6,0.0,0.0,0.0,10.1,69
2026-01-24T21:00,38,18.6,37.3,5.4,50.1,4.1,0.0,0.0,0.0,9.1,75
2026-01-24T22:00,38,16.1,29.6,4.0,37.8,3.6,0.0,0.0,0.0,8.5,79
2026-01-24T23:00,38,15.3,31.2,3.8,38.1,3.2,0.0,0.0,0.0,6.8,77
2026-01-25T00:00,19,9.8,0.0,12.8,0.0,2.7,0.552,0.0,0.0,6.9,77
2026-01-25T01:00,19,8.2,0.0,11.1,0.0,2.7,0.501,0.0,0.0,6.8,80
2026-01-25T02:00,19,7.9,0.0,10.7,0.0,2.7,0.441,0.0,0.0,6.8,79
2026-01-25T03:00,19,7.7,0.0,11.3,0.0,2.6,0.442,0.0,0.0,6.8,76
2026-01-25T04:00,19,8.1,0.0,14.2,0.0,3.0,0.489,0.0,0.0,7.3,82
2026-01-25T05:00,19,10.7,0.0,19.6,0.0,3.5,0.64,0.0,0.0,7.4,77
2026-01-25T06:00,19,13.0,0.0,30.1,0.0,3.4,0.949,0.0,0.0,8.4,73
2026-01-25T07:00,19,16.5,0.0,40.7,0.0,4.1,1.276,0.0,0.0,9.3,75
2026-01-25T08:00,19,15.5,0.0,39.8,0.0,4.5,1.159,0.0,0.0,10.1,66
2026-01-25T09:00,19,12.5,0.0,36.2,0.0,4.4,1.036,0.0,0.0,10.0,67
2026-01-25T10:00,19,10.3,0.0,27.7,0.0,4.5,0.839,0.0,0.0,11.8,67
2026-01-25T11:00,19,9.8,0.0,27.3,0.0,4.6,0.78,0.0,0.0,13.4,68
2026-01-25T12:00,19,8.6,0.0,28.4,0.0,4.6,0.745,0.0,0.0,13.0,66
2026-01-25T13:00,19,8.2,0.0,25.6,0.0,4.3,0.759,0.0,0.0,13.7,60
2026-01-25T14:00,19,8.7,0.0,28.5,0.0,4.3,0.726,0.0,0.0,13.8,61
2026-01-25T15:00,19,10.1,0.0,33.4,0.0,4.6,0.868,0.0,0.0,13.7,60
2026-01-25T16:00,19,11.4,0.0,37.2,0.0,4.0,1.046,0.0,0.0,13.5,67
2026-01-25T17:00,19,10.8,0.0,52.7,0.0,4.6,1.156,0.0,0.0,11.8,65
2026-01-25T18:00,19,9.8,0.0,48.5,0.0,4.6,1.089,0.0,0.0,11.9,64
2026-01-25T19:00,19,8.2,0.0,39.2,0.0,4.6,1.05,0.0,0.0,11.3,73
2026-01-25T20:00,19,6.7,0.0,30.6,0.0,4.4,0.705,0.0,0.0,9.8,72
2026-01-25T21:00,19,5.4,0.0,24.0,0.0,4.2,0.617,0.0,0.0,8.9,74
2026-01-25T22:00,19,4.7,0.0,23.4,0.0,3.9,0.542,0.0,0.0,8.8,79
2026-01-25T23:00,19,5.0,0.0,23.3,0.0,4.3,0.541,0.0,0.0,7.4,78
2026-01-25T00:00,20,11.8,41.0,13.9,0.0,0.8,0.141,0.0,0.2,6.6,77
2026-01-25T01:00,20,9.4,38.5,10.6,0.0,1.0,0.119,0.0,0.2,6.5,78
2026-01-25T02:00,20,9.1,31.8,11.9,0.0,0.9,0.117,0.0,0.2,6.8,81
2026-01-25T03:00,20,8.6,32.3,12.3,0.0,1.1,0.123,0.0,0.2,6.9,81
2026-01-25T04:00,20,9.8,36.5,14.4,0.0,1.3,0.134,0.0,0.2,7.3,76
2026-01-25T05:00,20,12.6,42.9,22.5,0.0,1.2,0.189,0.0,0.3,7.5,78
2026-01-25T06:00,20,14.7,48.2,32.1,0.0,1.6,0.28,0.0,0.5,7.2,73
2026-01-25T07:00,20,18.6,69.3,49.1,0.0,1.7,0.38,0.0,0.5,10.2,74
2026-01-25T08:00,20,18.4,54.5,50.7,0.0,1.9,0.349,0.0,0.6,9.5,73
2026-01-25T09:00,20,15.0,51.3,41.2,0.0,1.9,0.284,0.0,0.5,10.4,69
2026-01-25T10:00,20,12.0,45.4,34.1,0.0,2.1,0.279,0.0,0.5,11.3,70
2026-01-25T11:00,20,10.9,33.3,35.2,0.0,2.0,0.238,0.0,0.5,12.6,68
2026-01-25T12:00,20,10.6,33.0,34.5,0.0,2.5,0.246,0.0,0.4,12.9,64
2026-01-25T13:00,20,10.0,33.5,28.4,0.0,2.3,0.227,0.0,0.4,13.3,64
2026-01-25T14:00,20,10.5,32.8,33.6,0.0,2.4,0.225,0.0,0.5,13.7,63
2026-01-25T15:00,20,10.6,35.8,42.2,0.0,2.3,0.287,0.0,0.5,13.3,66
2026-01-25T16:00,20,12.8,36.3,44.2,0.0,2.5,0.307,0.0,0.6,13.7,66
2026-01-25T17:00,20,15.2,40.0,65.8,0.0,2.4,0.421,0.0,0.8,12.3,66
2026-01-25T18:00,20,11.8,31.3,61.7,0.0,2.3,0.383,0.0,0.8,12.0,71
2026-01-25T19:00,20,9.9,24.9,53.2,0.0,2.5,0.342,0.0,0.7,10.7,70
2026-01-25T20:00,20,8.8,21.1,40.6,0.0,2.2,0.278,0.0,0.5,9.8,74
2026-01-25T21:00,20,6.9,17.5,38.9,0.0,2.3,0.232,0.0,0.4,8.9,69
2026-01-25T22:00,20,6.2,14.1,30.0,0.0,2.5,0.19,0.0,0.4,8.2,76
2026-01-25T23:00,20,5.8,11.1,33.8,0.0,2.7,0.205,0.0,0.4,7.1,78
2026-01-25T00:00,21,0.0,44.1,6.8,32.2,0.8,0.206,0.0,0.0,6.9,81
2026-01-25T01:00,21,0.0,35.5,6.7,28.4,0.9,0.163,0.0,0.0,6.3,78
2026-01-25T02:00,21,0.0,34.1,7.1,25.3,1.0,0.161,0.0,0.0,6.2,80
2026-01-25T03:00,21,0.0,36.9,7.5,24.6,1.1,0.151,0.0,0.0,7.1,79
2026-01-25T04:00,21,0.0,38.1,9.0,34.0,1.1,0.187,0.0,0.0,6.4,80
2026-01-25T05:00,21,0.0,45.1,14.4,40.3,1.3,0.27,0.0,0.0,7.4,79
2026-01-25T06:00,21,0.0,57.8,20.7,59.1,1.7,0.341,0.0,0.0,7.9,73
2026-01-25T07:00,21,0.0,69.7,30.6,76.5,1.8,0.5,0.0,0.0,8.8,72
2026-01-25T08:00,21,0.0,66.2,36.8,98.0,2.0,0.429,0.0,0.0,10.3,70
2026-01-25T09:00,21,0.0,53.2,27.7,119.7,2.0,0.382,0.0,0.0,10.2,67
2026-01-25T10:00,21,0.0,45.4,22.9,130.0,2.2,0.328,0.0,0.0,11.6,65
2026-01-25T11:00,21,0.0,36.8,23.5,140.8,2.3,0.274,0.0,0.0,12.8,62
2026-01-25T12:00,21,0.0,34.2,22.8,146.8,2.4,0.272,0.0,0.0,12.4,68
2026-01-25T13:00,21,0.0,34.0,23.8,133.8,2.4,0.263,0.0,0.0,14.1,59
2026-01-25T14:00,21,0.0,35.4,26.2,124.7,2.4,0.312,0.0,0.0,13.3,65
2026-01-25T15:00,21,0.0,34.5,29.0,100.0,2.5,0.322,0.0,0.0,13.4,61
2026-01-25T16:00,21,0.0,38.4,37.1,88.9,2.3,0.392,0.0,0.0,13.2,65
2026-01-25T17:00,21,0.0,40.2,54.3,73.9,2.7,0.448,0.0,0.0,12.1,66
2026-01-25T18:00,21,0.0,34.4,48.3,63.1,2.2,0.438,0.0,0.0,12.3,67
2026-01-25T19:00,21,0.0,23.9,42.7,53.3,2.7,0.377,0.0,0.0,11.0,71
2026-01-25T20:00,21,0.0,20.7,36.4,51.4,2.4,0.277,0.0,0.0,9.6,70
2026-01-25T21:00,21,0.0,17.2,29.5,32.2,2.6,0.241,0.0,0.0,8.5,73
2026-01-25T22:00,21,0.0,15.5,27.1,36.0,2.4,0.207,0.0,0.0,7.2,76
2026-01-25T23:00,21,0.0,11.4,27.5,30.1,2.5,0.199,0.0,0.0,7.5,77
2026-01-25T00:00,22,9.2,48.1,16.7,0.0,1.8,0.202,0.0,5.3,7.1,82
2026-01-25T01:00,22,7.7,42.3,14.3,0.0,2.0,0.168,0.0,4.3,6.8,79
2026-01-25T02:00,22,6.9,38.0,14.6,0.0,1.8,0.179,0.0,3.8,6.6,78
2026-01-25T03:00,22,6.7,36.0,15.8,0.0,1.8,0.195,0.0,3.1,6.8,78
2026-01-25T04:00,22,7.8,38.8,18.7,0.0,2.3,0.219,0.0,3.7,6.9,77
2026-01-25T05:00,22,9.5,48.9,30.2,0.0,2.5,0.323,0.0,5.1,7.2,76
2026-01-25T06:00,22,12.9,59.9,44.0,0.0,2.8,0.395,0.0,6.4,8.8,76
2026-01-25T07:00,22,14.7,76.1,67.2,0.0,3.2,0.547,0.0,9.1,9.4,75
2026-01-25T08:00,22,14.1,71.8,63.7,0.0,3.4,0.545,0.0,8.0,10.6,73
2026-01-25T09:00,22,12.4,55.7,53.1,0.0,3.4,0.483,0.0,6.0,10.9,73
2026-01-25T10:00,22,10.7,45.2,44.9,0.0,3.5,0.418,0.0,4.7,11.5,64
2026-01-25T11:00,22,8.9,41.9,44.7,0.0,4.0,0.394,0.0,3.8,12.7,65
2026-01-25T12:00,22,8.5,39.0,44.3,0.0,4.1,0.361,0.0,3.8,12.9,66
2026-01-25T13:00,22,8.4,34.8,42.9,0.0,3.5,0.358,0.0,3.6,13.2,66
2026-01-25T14:00,22,9.2,36.4,49.0,0.0,3.7,0.408,0.0,3.4,13.6,64
2026-01-25T15:00,22,9.7,41.1,53.2,0.0,4.3,0.398,0.0,3.3,13.6,63
2026-01-25T16:00,22,11.0,40.3,65.9,0.0,4.3,0.586,0.0,3.6,13.0,62
2026-01-25T17:00,22,12.1,43.6,85.8,0.0,4.4,0.749,0.0,4.1,12.7,64
2026-01-25T18:00,22,10.8,37.1,76.6,0.0,4.2,0.665,0.0,3.3,11.7,67
2026-01-25T19:00,22,8.2,25.3,72.8,0.0,4.1,0.604,0.0,2.8,11.9,68
2026-01-25T20:00,22,7.9,22.0,61.0,0.0,4.1,0.484,0.0,1.8,10.0,72
2026-01-25T21:00,22,6.5,18.3,47.0,0.0,4.5,0.349,0.0,1.3,8.9,71
2026-01-25T22:00,22,5.7,14.8,46.5,0.0,4.0,0.307,0.0,1.0,7.9,74
2026-01-25T23:00,22,5.8,11.4,41.9,0.0,4.2,0.344,0.0,0.8,7.7,76
2026-01-25T00:00,37,9.0,30.8,10.8,0.0,4.2,0.35,0.0,0.3,6.6,80
2026-01-25T01:00,37,7.9,29.0,10.4,0.0,4.0,0.285,0.0,0.3,6.6,78
2026-01-25T02:00,37,7.6,27.8,10.2,0.0,4.3,0.234,0.0,0.2,6.8,80
2026-01-25T03:00,37,7.7,24.9,10.9,0.0,4.1,0.275,0.0,0.2,6.6,78
2026-01-25T04:00,37,8.3,28.7,13.4,0.0,4.2,0.311,0.0,0.3,7.4,75
2026-01-25T05:00,37,10.7,29.3,17.7,0.0,4.3,0.424,0.0,0.4,7.7,77
2026-01-25T06:00,37,13.3,38.9,26.9,0.0,4.8,0.667,0.0,0.5,8.1,76
2026-01-25T07:00,37,15.5,51.4,38.0,0.0,5.4,0.896,0.0,0.9,9.0,77
2026-01-25T08:00,37,13.9,48.7,43.0,0.0,5.6,0.843,0.0,0.7,9.9,71
2026-01-25T09:00,37,11.7,39.1,33.7,0.0,5.9,0.673,0.0,0.7,11.6,70
2026-01-25T10:00,37,10.0,30.0,29.7,0.0,5.7,0.59,0.0,0.5,12.0,69
2026-01-25T11:00,37,9.2,28.6,26.0,0.0,5.6,0.488,0.0,0.5,13.3,70
2026-01-25T12:00,37,8.8,26.8,27.8,0.0,6.1,0.506,0.0,0.5,12.9,61
2026-01-25T13:00,37,8.1,24.7,26.4,0.0,5.8,0.535,0.0,0.5,13.9,64
2026-01-25T14:00,37,8.6,23.0,27.6,0.0,5.4,0.564,0.0,0.6,13.4,63
2026-01-25T15:00,37,8.6,25.9,31.0,0.0,5.2,0.605,0.0,0.6,13.1,66
2026-01-25T16:00,37,10.4,27.8,39.8,0.0,5.2,0.652,0.0,0.8,12.4,66
2026-01-25T17:00,37,12.1,31.7,52.9,0.0,5.2,0.947,0.0,0.9,12.4,64
2026-01-25T18:00,37,9.1,24.2,47.1,0.0,4.4,0.844,0.0,0.9,12.0,67
2026-01-25T19:00,37,7.1,18.1,41.1,0.0,5.1,0.776,0.0,0.8,10.9,68
2026-01-25T20:00,37,6.0,16.9,35.3,0.0,4.4,0.647,0.0,0.6,10.2,70
2026-01-25T21:00,37,5.4,12.6,27.2,0.0,4.8,0.475,0.0,0.5,9.4,75
2026-01-25T22:00,37,4.1,11.1,24.3,0.0,4.3,0.386,0.0,0.5,8.8,77
2026-01-25T23:00,37,4.1,8.8,24.5,0.0,4.3,0.395,0.0,0.5,7.8,81
2026-01-25T00:00,38,0.0,0.0,3.5,41.3,3.4,0.0,0.0,0.0,7.3,79
2026-01-25T01:00,38,0.0,0.0,4.4,30.6,3.6,0.0,0.0,0.0,6.9,77
2026-01-25T02:00,38,0.0,0.0,5.9,28.6,3.4,0.0,0.0,0.0,6.2,83
2026-01-25T03:00,38,0.0,0.0,7.6,28.6,3.3,0.0,0.0,0.0,6.6,79
2026-01-25T04:00,38,0.0,0.0,10.0,36.2,3.5,0.0,0.0,0.0,7.2,78
2026-01-25T05:00,38,0.0,0.0,17.2,44.9,3.9,0.0,0.0,0.0,7.4,80
2026-01-25T06:00,38,0.0,0.0,26.9,60.0,4.5,0.0,0.0,0.0,8.4,75
2026-01-25T07:00,38,0.0,0.0,49.1,81.1,5.2,0.0,0.0,0.0,8.7,71
2026-01-25T08:00,38,0.0,0.0,51.9,106.3,4.8,0.0,0.0,0.0,10.4,72
2026-01-25T09:00,38,0.0,0.0,43.8,125.3,5.5,0.0,0.0,0.0,11.3,67
2026-01-25T10:00,38,0.0,0.0,36.7,137.3,4.8,0.0,0.0,0.0,12.1,65
2026-01-25T11:00,38,0.0,0.0,36.4,142.2,5.1,0.0,0.0,0.0,12.6,64
2026-01-25T12:00,38,0.0,0.0,37.8,164.4,5.1,0.0,0.0,0.0,13.2,67
2026-01-25T13:00,38,0.0,0.0,42.3,142.4,4.9,0.0,0.0,0.0,13.8,65
2026-01-25T14:00,38,0.0,0.0,50.2,126.8,4.7,0.0,0.0,0.0,13.3,66
2026-01-25T15:00,38,0.0,0.0,52.4,111.0,4.7,0.0,0.0,0.0,13.4,67
2026-01-25T16:00,38,0.0,0.0,67.4,98.5,5.0,0.0,0.0,0.0,13.2,64
2026-01-25T17:00,38,0.0,0.0,82.8,84.2,5.0,0.0,0.0,0.0,12.0,66
2026-01-25T18:00,38,0.0,0.0,88.1,65.7,4.6,0.0,0.0,0.0,11.4,66
2026-01-25T19:00,38,0.0,0.0,78.1,57.6,4.1,0.0,0.0,0.0,11.1,72
2026-01-25T20:00,38,0.0,0.0,66.1,49.3,5.1,0.0,0.0,0.0,10.5,74
2026-01-25T21:00,38,0.0,0.0,50.5,42.6,4.4,0.0,0.0,0.0,9.6,74
2026-01-25T22:00,38,0.0,0.0,46.1,36.2,4.6,0.0,0.0,0.0,7.3,76
2026-01-25T23:00,38,0.0,0.0,53.3,28.1,4.4,0.0,0.0,0.0,7.2,78
2026-01-26T00:00,19,4.7,0.0,23.8,0.0,4.4,0.542,0.0,0.0,7.7,79
2026-01-26T01:00,19,4.0,0.0,19.3,0.0,4.1,0.451,0.0,0.0,6.8,79
2026-01-26T02:00,19,4.3,0.0,18.2,0.0,4.4,0.433,0.0,0.0,6.6,77
2026-01-26T03:00,19,4.1,0.0,18.8,0.0,4.2,0.44,0.0,0.0,6.6,78
2026-01-26T04:00,19,4.2,0.0,19.9,0.0,4.3,0.544,0.0,0.0,6.7,79
2026-01-26T05:00,19,5.7,0.0,29.6,0.0,4.5,0.759,0.0,0.0,7.4,78
2026-01-26T06:00,19,8.1,0.0,42.1,0.0,4.9,1.017,0.0,0.0,7.4,78
2026-01-26T07:00,19,9.7,0.0,62.8,0.0,6.1,1.272,0.0,0.0,8.4,73
2026-01-26T08:00,19,9.6,0.0,62.6,0.0,5.5,1.386,0.0,0.0,9.9,69
2026-01-26T09:00,19,8.7,0.0,49.6,0.0,5.2,0.991,0.0,0.0,11.0,69
2026-01-26T10:00,19,7.8,0.0,38.8,0.0,5.2,0.875,0.0,0.0,12.8,65
2026-01-26T11:00,19,7.5,0.0,35.1,0.0,5.5,0.911,0.0,0.0,12.6,68
2026-01-26T12:00,19,7.3,0.0,35.5,0.0,5.4,0.797,0.0,0.0,13.6,63
2026-01-26T13:00,19,7.0,0.0,34.4,0.0,4.6,0.811,0.0,0.0,13.7,63
2026-01-26T14:00,19,7.6,0.0,38.3,0.0,4.9,0.876,0.0,0.0,13.3,64
2026-01-26T15:00,19,8.6,0.0,41.3,0.0,5.3,0.951,0.0,0.0,13.7,65
2026-01-26T16:00,19,11.3,0.0,45.9,0.0,4.4,1.126,0.0,0.0,13.2,64
2026-01-26T17:00,19,12.0,0.0,59.0,0.0,4.5,1.51,0.0,0.0,12.7,63
2026-01-26T18:00,19,10.8,0.0,54.4,0.0,3.9,1.307,0.0,0.0,11.5,65
2026-01-26T19:00,19,8.4,0.0,47.7,0.0,4.3,0.978,0.0,0.0,11.2,67
2026-01-26T20:00,19,8.5,0.0,36.3,0.0,4.4,0.852,0.0,0.0,10.7,74
2026-01-26T21:00,19,7.9,0.0,31.8,0.0,3.7,0.668,0.0,0.0,9.0,77
2026-01-26T22:00,19,6.3,0.0,25.4,0.0,3.5,0.627,0.0,0.0,7.9,79
2026-01-26T23:00,19,6.7,0.0,27.2,0.0,3.8,0.607,0.0,0.0,7.1,78
2026-01-26T00:00,20,5.4,10.4,32.0,0.0,2.4,0.192,0.0,0.4,7.3,79
2026-01-26T01:00,20,4.6,9.5,26.4,0.0,2.5,0.165,0.0,0.3,6.2,80
2026-01-26T02:00,20,4.6,9.4,25.9,0.0,2.6,0.165,0.0,0.3,6.8,78
2026-01-26T03:00,20,4.6,8.8,25.5,0.0,2.2,0.171,0.0,0.3,6.6,80
2026-01-26T04:00,20,4.7,9.2,29.0,0.0,2.7,0.204,0.0,0.4,7.0,77
2026-01-26T05:00,20,6.7,13.3,38.9,0.0,2.9,0.253,0.0,0.5,7.9,81
2026-01-26T06:00,20,8.4,15.8,57.8,0.0,3.0,0.371,0.0,0.7,7.6,75
2026-01-26T07:00,20,11.7,22.2,81.0,0.0,3.4,0.502,0.0,1.0,8.8,71
2026-01-26T08:00,20,9.2,20.7,86.4,0.0,3.3,0.476,0.0,0.9,9.9,70
2026-01-26T09:00,20,9.2,16.3,63.9,0.0,3.5,0.39,0.0,0.7,10.9,72
2026-01-26T10:00,20,7.6,16.3,49.6,0.0,3.5,0.34,0.0,0.7,11.7,66
2026-01-26T11:00,20,7.7,15.5,45.8,0.0,3.3,0.301,0.0,0.5,12.8,66
2026-01-26T12:00,20,6.9,12.8,39.5,0.0,3.3,0.257,0.0,0.6,13.1,65
2026-01-26T13:00,20,7.1,13.4,44.0,0.0,3.2,0.27,0.0,0.6,12.7,65
2026-01-26T14:00,20,7.3,14.3,41.9,0.0,3.3,0.308,0.0,0.6,14.0,63
2026-01-26T15:00,20,8.4,16.8,45.8,0.0,3.3,0.323,0.0,0.6,13.9,63
2026-01-26T16:00,20,11.3,21.6,62.2,0.0,3.0,0.384,0.0,0.7,13.2,65
2026-01-26T17:00,20,12.1,20.1,76.3,0.0,2.9,0.459,0.0,0.9,13.0,68
2026-01-26T18:00,20,10.0,19.5,68.0,0.0,2.9,0.435,0.0,0.8,11.6,68
2026-01-26T19:00,20,7.9,16.7,53.3,0.0,2.8,0.372,0.0,0.7,11.2,66
2026-01-26T20:00,20,7.8,15.8,41.4,0.0,2.8,0.305,0.0,0.6,9.9,72
2026-01-26T21:00,20,7.1,13.4,34.3,0.0,3.0,0.245,0.0,0.5,8.2,72
2026-01-26T22:00,20,5.8,12.4,28.4,0.0,2.6,0.217,0.0,0.4,8.4,76
2026-01-26T23:00,20,5.9,11.2,29.0,0.0,2.8,0.203,0.0,0.4,6.8,78
2026-01-26T00:00,21,0.0,10.3,24.7,30.4,2.5,0.202,0.0,0.0,7.1,78
2026-01-26T01:00,21,0.0,9.7,22.9,21.8,2.4,0.171,0.0,0.0,7.2,83
2026-01-26T02:00,21,0.0,9.1,20.9,21.1,2.7,0.17,0.0,0.0,6.1,80
2026-01-26T03:00,21,0.0,8.9,22.0,23.8,2.6,0.159,0.0,0.0,6.8,83
2026-01-26T04:00,21,0.0,10.0,21.4,31.2,2.8,0.217,0.0,0.0,6.8,78
2026-01-26T05:00,21,0.0,12.2,32.1,40.0,2.9,0.286,0.0,0.0,7.3,80
2026-01-26T06:00,21,0.0,15.8,44.1,53.3,3.6,0.382,0.0,0.0,7.9,76
2026-01-26T07:00,21,0.0,21.1,63.6,71.7,4.0,0.524,0.0,0.0,8.9,74
2026-01-26T08:00,21,0.0,17.7,58.4,88.6,3.7,0.492,0.0,0.0,9.5,74
2026-01-26T09:00,21,0.0,18.3,46.4,102.3,3.8,0.411,0.0,0.0,10.9,68
2026-01-26T10:00,21,0.0,16.1,34.7,127.6,3.9,0.376,0.0,0.0,11.9,68
2026-01-26T11:00,21,0.0,15.3,33.1,115.1,3.8,0.344,0.0,0.0,12.9,65
2026-01-26T12:00,21,0.0,14.1,32.5,128.5,4.0,0.329,0.0,0.0,13.0,65
2026-01-26T13:00,21,0.0,12.6,34.8,123.8,4.0,0.342,0.0,0.0,12.7,63
2026-01-26T14:00,21,0.0,14.6,33.2,115.2,3.8,0.328,0.0,0.0,13.6,65
2026-01-26T15:00,21,0.0,16.4,34.8,101.0,3.9,0.372,0.0,0.0,12.9,64
2026-01-26T16:00,21,0.0,19.2,43.0,82.1,3.6,0.487,0.0,0.0,13.3,66
2026-01-26T17:00,21,0.0,22.4,52.1,75.3,3.8,0.585,0.0,0.0,12.6,68
2026-01-26T18:00,21,0.0,19.1,45.4,57.3,3.7,0.55,0.0,0.0,11.5,67
2026-01-26T19:00,21,0.0,16.6,35.5,50.1,3.3,0.462,0.0,0.0,11.3,66
2026-01-26T20:00,21,0.0,15.4,31.1,41.3,3.7,0.377,0.0,0.0,10.3,69
2026-01-26T21:00,21,0.0,12.8,23.2,36.2,3.7,0.304,0.0,0.0,9.3,73
2026-01-26T22:00,21,0.0,12.3,20.8,32.2,3.6,0.256,0.0,0.0,8.2,78
2026-01-26T23:00,21,0.0,10.5,19.4,25.8,3.4,0.299,0.0,0.0,8.0,78
2026-01-26T00:00,22,5.7,10.5,45.5,0.0,4.0,0.336,0.0,0.6,6.5,76
2026-01-26T01:00,22,4.6,9.6,36.6,0.0,4.9,0.29,0.0,0.6,6.8,75
2026-01-26T02:00,22,4.7,9.1,35.0,0.0,4.6,0.264,0.0,0.5,6.3,80
2026-01-26T03:00,22,4.6,8.6,33.9,0.0,4.8,0.3,0.0,0.6,7.0,80
2026-01-26T04:00,22,5.7,10.8,40.4,0.0,5.1,0.325,0.0,0.6,7.3,79
2026-01-26T05:00,22,7.0,14.3,57.1,0.0,5.5,0.499,0.0,0.8,7.5,80
2026-01-26T06:00,22,10.1,18.6,80.0,0.0,7.3,0.613,0.0,1.1,9.1,75
2026-01-26T07:00,22,12.2,22.8,109.0,0.0,7.9,0.835,0.0,1.7,9.2,75
2026-01-26T08:00,22,12.2,23.5,112.8,0.0,8.4,0.804,0.0,1.8,10.1,71
2026-01-26T09:00,22,9.4,21.9,91.2,0.0,7.8,0.634,0.0,1.3,11.5,67
2026-01-26T10:00,22,8.9,17.8,72.8,0.0,9.0,0.594,0.0,1.1,11.9,66
2026-01-26T11:00,22,8.6,17.5,68.1,0.0,8.8,0.504,0.0,1.1,12.4,66
2026-01-26T12:00,22,8.0,17.8,59.6,0.0,8.8,0.48,0.0,1.0,13.6,65
2026-01-26T13:00,22,8.9,17.5,56.1,0.0,9.1,0.508,0.0,1.0,13.0,61
2026-01-26T14:00,22,9.7,18.6,61.8,0.0,9.6,0.528,0.0,1.1,12.9,69
2026-01-26T15:00,22,10.1,19.6,74.3,0.0,9.9,0.626,0.0,1.3,13.3,64
2026-01-26T16:00,22,13.6,26.2,75.0,0.0,9.0,0.714,0.0,1.6,12.6,63
2026-01-26T17:00,22,15.0,28.1,99.7,0.0,10.0,0.906,0.0,1.7,12.3,69
2026-01-26T18:00,22,15.1,24.7,89.4,0.0,9.7,0.832,0.0,1.8,11.8,68
2026-01-26T19:00,22,10.9,20.9,77.8,0.0,9.1,0.637,0.0,1.4,11.3,66
2026-01-26T20:00,22,10.0,19.9,58.3,0.0,9.0,0.618,0.0,1.2,10.4,71
2026-01-26T21:00,22,9.0,18.4,53.9,0.0,9.5,0.458,0.0,1.0,9.1,72
2026-01-26T22:00,22,8.2,17.2,43.7,0.0,9.0,0.384,0.0,0.8,7.7,73
2026-01-26T23:00,22,7.8,14.5,45.5,0.0,9.4,0.395,0.0,1.0,6.2,80
2026-01-26T00:00,37,4.0,8.1,26.8,0.0,4.7,0.442,0.0,0.5,6.9,80
2026-01-26T01:00,37,3.1,7.0,20.2,0.0,4.4,0.355,0.0,0.4,6.4,83
2026-01-26T02:00,37,3.2,7.6,20.0,0.0,3.7,0.331,0.0,0.4,6.3,81
2026-01-26T03:00,37,3.0,6.7,19.7,0.0,4.5,0.323,0.0,0.4,6.8,78
2026-01-26T04:00,37,3.7,8.1,25.3,0.0,4.2,0.377,0.0,0.4,6.8,82
2026-01-26T05:00,37,5.2,9.5,33.6,0.0,4.4,0.526,0.0,0.7,8.1,80
2026-01-26T06:00,37,5.7,12.7,43.6,0.0,4.8,0.779,0.0,1.0,8.2,74
2026-01-26T07:00,37,8.5,17.4,70.4,0.0,5.3,1.057,0.0,1.2,9.1,75
2026-01-26T08:00,37,8.3,15.8,70.4,0.0,5.6,1.006,0.0,1.1,10.4,71
2026-01-26T09:00,37,6.8,13.7,54.4,0.0,5.0,0.775,0.0,0.9,11.1,72
2026-01-26T10:00,37,6.1,12.9,43.6,0.0,5.0,0.627,0.0,0.8,11.7,64
2026-01-26T11:00,37,5.3,11.9,40.6,0.0,5.2,0.648,0.0,0.7,13.1,70
2026-01-26T12:00,37,5.1,11.8,36.6,0.0,5.5,0.574,0.0,0.7,13.8,64
2026-01-26T13:00,37,5.8,10.9,38.9,0.0,5.0,0.629,0.0,0.7,12.9,61
2026-01-26T14:00,37,6.0,12.2,40.6,0.0,4.8,0.61,0.0,0.7,13.5,60
2026-01-26T15:00,37,7.3,13.9,43.8,0.0,4.5,0.632,0.0,0.8,13.3,66
2026-01-26T16:00,37,8.9,15.9,55.1,0.0,4.4,0.87,0.0,0.9,13.0,64
2026-01-26T17:00,37,8.8,19.0,69.4,0.0,4.3,0.995,0.0,1.1,13.0,64
2026-01-26T18:00,37,8.8,17.5,62.7,0.0,4.2,0.914,0.0,1.1,12.2,69
2026-01-26T19:00,37,6.9,13.1,55.8,0.0,4.1,0.78,0.0,1.0,11.1,73
2026-01-26T20:00,37,6.6,13.0,44.6,0.0,3.9,0.657,0.0,0.8,10.0,72
2026-01-26T21:00,37,5.3,11.2,34.7,0.0,3.8,0.507,0.0,0.6,9.3,72
2026-01-26T22:00,37,5.8,10.4,30.0,0.0,3.7,0.476,0.0,0.6,8.1,75
2026-01-26T23:00,37,4.8,9.7,29.7,0.0,3.7,0.475,0.0,0.6,8.1,79
2026-01-26T00:00,38,0.0,0.0,49.8,30.1,4.4,0.0,0.0,0.0,6.8,79
2026-01-26T01:00,38,0.4,0.4,41.2,25.2,4.2,0.0,0.0,0.0,6.8,79
2026-01-26T02:00,38,0.8,0.9,41.1,22.5,4.2,0.0,0.0,0.0,6.6,80
2026-01-26T03:00,38,1.1,1.4,39.2,21.7,4.4,0.0,0.0,0.0,7.3,76
2026-01-26T04:00,38,1.5,1.8,46.2,29.4,4.1,0.0,0.0,0.0,6.7,79
2026-01-26T05:00,38,2.5,2.7,58.3,42.2,4.6,0.0,0.0,0.0,7.3,78
2026-01-26T06:00,38,4.1,4.7,73.5,59.7,5.8,0.0,0.0,0.0,8.4,73
2026-01-26T07:00,38,6.1,6.4,102.3,71.4,5.4,0.0,0.0,0.0,9.1,76
2026-01-26T08:00,38,6.5,8.1,109.5,91.8,6.1,0.0,0.0,0.0,10.5,68
2026-01-26T09:00,38,6.2,7.6,81.7,122.0,5.8,0.0,0.0,0.0,11.5,68
2026-01-26T10:00,38,6.2,6.8,64.4,142.9,5.5,0.0,0.0,0.0,11.5,68
2026-01-26T11:00,38,6.2,7.1,54.1,139.1,6.0,0.0,0.0,0.0,11.6,70
2026-01-26T12:00,38,6.1,8.0,55.6,140.0,5.9,0.0,0.0,0.0,13.5,63
2026-01-26T13:00,38,6.6,8.6,53.1,142.0,5.7,0.0,0.0,0.0,13.4,61
2026-01-26T14:00,38,8.1,8.9,48.2,140.1,4.9,0.0,0.0,0.0,13.8,63
2026-01-26T15:00,38,9.5,11.3,56.0,112.7,5.1,0.0,0.0,0.0,13.8,60
2026-01-26T16:00,38,12.6,14.9,61.6,95.2,5.3,0.0,0.0,0.0,12.6,65
2026-01-26T17:00,38,15.3,16.3,73.4,84.7,5.3,0.0,0.0,0.0,11.7,62
2026-01-26T18:00,38,14.5,16.9,66.6,71.3,4.8,0.0,0.0,0.0,12.3,70
2026-01-26T19:00,38,12.3,14.6,57.9,59.7,4.6,0.0,0.0,0.0,10.8,70
2026-01-26T20:00,38,11.2,13.2,43.1,55.4,4.6,0.0,0.0,0.0,10.3,72
2026-01-26T21:00,38,11.0,11.9,34.6,47.3,5.0,0.0,0.0,0.0,8.9,76
2026-01-26T22:00,38,9.6,12.0,27.1,37.2,4.3,0.0,0.0,0.0,8.1,77
2026-01-26T23:00,38,10.4,11.3,25.8,33.3,4.1,0.0,0.0,0.0,8.5,74
2026-01-27T00:00,19,7.1,0.0,26.3,0.0,3.7,0.616,0.0,0.0,7.0,80
2026-01-27T01:00,19,6.2,0.0,21.6,0.0,3.4,0.483,0.0,0.0,6.8,78
2026-01-27T02:00,19,5.8,0.0,21.8,0.0,3.5,0.508,0.0,0.0,5.9,79
2026-01-27T03:00,19,5.6,0.0,20.1,0.0,3.2,0.431,0.0,0.0,5.9,81
2026-01-27T04:00,19,6.1,0.0,23.8,0.0,3.5,0.561,0.0,0.0,6.3,80
2026-01-27T05:00,19,8.4,0.0,32.5,0.0,3.7,0.665,0.0,0.0,7.4,81
2026-01-27T06:00,19,10.3,0.0,45.3,0.0,4.1,0.881,0.0,0.0,8.2,72
2026-01-27T07:00,19,11.6,0.0,60.1,0.0,4.5,1.22,0.0,0.0,9.4,77
2026-01-27T08:00,19,10.5,0.0,60.6,0.0,4.9,1.175,0.0,0.0,9.8,69
2026-01-27T09:00,19,8.9,0.0,47.9,0.0,4.4,0.867,0.0,0.0,11.3,70
2026-01-27T10:00,19,8.3,0.0,39.2,0.0,4.8,0.759,0.0,0.0,11.6,71
2026-01-27T11:00,19,7.1,0.0,30.7,0.0,4.5,0.654,0.0,0.0,11.6,65
2026-01-27T12:00,19,6.9,0.0,28.5,0.0,4.4,0.628,0.0,0.0,12.6,64
2026-01-27T13:00,19,7.2,0.0,31.6,0.0,4.3,0.63,0.0,0.0,13.4,61
2026-01-27T14:00,19,7.4,0.0,30.5,0.0,4.4,0.564,0.0,0.0,13.0,64
2026-01-27T15:00,19,7.8,0.0,30.7,0.0,4.2,0.638,0.0,0.0,13.6,63
2026-01-27T16:00,19,9.3,0.0,37.4,0.0,4.3,0.697,0.0,0.0,12.5,66
2026-01-27T17:00,19,9.8,0.0,47.6,0.0,4.0,1.074,0.0,0.0,12.1,68
2026-01-27T18:00,19,8.7,0.0,42.5,0.0,4.1,0.831,0.0,0.0,11.5,68
2026-01-27T19:00,19,7.3,0.0,37.3,0.0,3.9,0.657,0.0,0.0,11.2,73
2026-01-27T20:00,19,6.3,0.0,27.7,0.0,4.0,0.514,0.0,0.0,9.9,68
2026-01-27T21:00,19,5.4,0.0,21.5,0.0,3.8,0.411,0.0,0.0,9.3,70
2026-01-27T22:00,19,4.4,0.0,19.5,0.0,3.4,0.359,0.0,0.0,8.1,76
2026-01-27T23:00,19,4.2,0.0,17.9,0.0,3.2,0.37,0.0,0.0,8.0,80
2026-01-27T00:00,20,6.2,11.9,28.7,0.0,2.4,0.196,0.0,0.5,6.9,75
2026-01-27T01:00,20,5.2,10.1,25.7,0.0,2.5,0.178,0.0,0.4,6.8,79
2026-01-27T02:00,20,5.4,10.6,21.8,0.0,2.6,0.179,0.0,0.3,6.3,79
2026-01-27T03:00,20,5.2,10.7,22.7,0.0,2.6,0.171,0.0,0.3,6.6,80
2026-01-27T04:00,20,5.3,10.6,28.1,0.0,2.4,0.198,0.0,0.4,6.3,80
2026-01-27T05:00,20,7.2,14.3,36.7,0.0,2.8,0.291,0.0,0.5,7.7,79
2026-01-27T06:00,20,9.0,18.3,49.8,0.0,3.1,0.39,0.0,0.7,8.6,77
2026-01-27T07:00,20,11.8,23.2,71.4,0.0,3.6,0.526,0.0,0.9,9.6,74
2026-01-27T08:00,20,11.5,22.8,66.9,0.0,3.6,0.553,0.0,0.9,10.6,75
2026-01-27T09:00,20,8.4,20.2,56.9,0.0,3.1,0.417,0.0,0.7,10.9,68
2026-01-27T10:00,20,7.8,16.0,47.9,0.0,3.4,0.36,0.0,0.6,11.8,67
2026-01-27T11:00,20,7.6,16.5,40.2,0.0,3.4,0.311,0.0,0.5,13.2,65
2026-01-27T12:00,20,7.7,15.8,40.2,0.0,3.2,0.322,0.0,0.5,13.4,62
2026-01-27T13:00,20,6.9,16.3,38.2,0.0,3.3,0.313,0.0,0.5,14.5,66
2026-01-27T14:00,20,7.2,16.6,39.9,0.0,3.3,0.357,0.0,0.5,13.5,63
2026-01-27T15:00,20,8.1,18.8,44.7,0.0,3.4,0.395,0.0,0.6,13.4,63
2026-01-27T16:00,20,9.6,22.5,55.1,0.0,3.1,0.471,0.0,0.7,12.3,65
2026-01-27T17:00,20,10.9,25.2,72.1,0.0,3.1,0.611,0.0,0.8,12.8,68
2026-01-27T18:00,20,9.7,20.4,62.7,0.0,3.2,0.504,0.0,0.7,12.4,68
2026-01-27T19:00,20,7.2,17.5,53.4,0.0,2.7,0.519,0.0,0.6,11.2,71
2026-01-27T20:00,20,6.7,16.5,40.7,0.0,2.6,0.379,0.0,0.5,10.1,74
2026-01-27T21:00,20,6.4,14.0,31.5,0.0,2.8,0.273,0.0,0.4,8.8,76
2026-01-27T22:00,20,5.2,13.9,28.1,0.0,2.7,0.263,0.0,0.3,8.4,72
2026-01-27T23:00,20,5.0,12.9,28.7,0.0,2.7,0.243,0.0,0.4,7.9,75
2026-01-27T00:00,21,0.0,12.6,17.9,30.9,3.5,0.29,0.0,0.0,6.7,80
2026-01-27T01:00,21,0.0,9.5,13.9,23.2,3.1,0.217,0.0,0.0,6.1,78
2026-01-27T02:00,21,0.0,9.7,13.9,20.9,3.1,0.217,0.0,0.0,7.0,80
2026-01-27T03:00,21,0.0,9.3,14.6,20.4,3.5,0.234,0.0,0.0,6.2,78
2026-01-27T04:00,21,0.0,10.2,17.7,29.0,3.1,0.248,0.0,0.0,7.5,82
2026-01-27T05:00,21,0.0,14.1,24.4,39.0,3.5,0.355,0.0,0.0,7.6,77
2026-01-27T06:00,21,0.0,18.6,31.8,48.1,3.6,0.486,0.0,0.0,8.3,77
2026-01-27T07:00,21,0.0,25.1,46.4,66.8,4.2,0.701,0.0,0.0,8.9,74
2026-01-27T08:00,21,0.0,23.6,46.4,86.0,4.3,0.657,0.0,0.0,10.3,70
2026-01-27T09:00,21,0.0,19.3,35.0,107.1,4.0,0.475,0.0,0.0,11.0,69
2026-01-27T10:00,21,0.0,17.9,31.2,128.9,4.0,0.452,0.0,0.0,11.3,66
2026-01-27T11:00,21,0.0,17.0,28.5,128.3,4.0,0.387,0.0,0.0,12.3,64
2026-01-27T12:00,21,0.0,16.1,28.0,149.3,3.8,0.357,0.0,0.0,13.8,67
2026-01-27T13:00,21,0.0,15.8,26.1,139.7,3.8,0.361,0.0,0.0,13.8,66
2026-01-27T14:00,21,0.0,18.8,27.1,140.6,3.7,0.354,0.0,0.0,13.8,64
2026-01-27T15:00,21,0.0,19.7,29.2,126.9,3.7,0.428,0.0,0.0,13.5,62
2026-01-27T16:00,21,0.0,22.4,37.8,94.2,3.5,0.495,0.0,0.0,12.3,64
2026-01-27T17:00,21,0.0,26.7,48.6,80.9,3.5,0.603,0.0,0.0,12.5,65
2026-01-27T18:00,21,0.0,24.6,40.2,69.1,3.1,0.53,0.0,0.0,11.7,67
2026-01-27T19:00,21,0.0,18.1,36.2,65.9,3.0,0.492,0.0,0.0,10.8,69
2026-01-27T20:00,21,0.0,19.0,32.8,47.2,2.9,0.375,0.0,0.0,9.9,71
2026-01-27T21:00,21,0.0,17.8,24.8,47.8,2.7,0.333,0.0,0.0,8.8,72
2026-01-27T22:00,21,0.0,15.4,20.9,41.8,2.8,0.261,0.0,0.0,8.3,76
2026-01-27T23:00,21,0.0,13.3,21.1,38.6,2.6,0.278,0.0,0.0,6.7,76
2026-01-27T00:00,22,9.2,16.2,39.2,0.0,9.3,0.403,0.0,1.0,6.4,77
2026-01-27T01:00,22,6.8,13.1,36.1,0.0,9.0,0.298,0.0,0.8,6.7,80
2026-01-27T02:00,22,6.9,13.9,35.5,0.0,9.0,0.35,0.0,0.8,6.9,80
2026-01-27T03:00,22,6.1,12.1,35.1,0.0,8.3,0.3,0.0,0.7,6.6,79
2026-01-27T04:00,22,6.3,15.0,38.7,0.0,8.6,0.383,0.0,0.8,7.6,76
2026-01-27T05:00,22,9.3,17.0,53.3,0.0,8.1,0.604,0.0,1.2,7.8,74
2026-01-27T06:00,22,10.3,23.4,78.9,0.0,8.8,0.654,0.0,1.5,8.7,75
2026-01-27T07:00,22,14.5,29.8,121.9,0.0,9.7,1.008,0.0,2.3,9.3,72
2026-01-27T08:00,22,13.1,30.2,116.9,0.0,9.6,0.858,0.0,1.9,10.0,73
2026-01-27T09:00,22,11.7,24.5,83.8,0.0,8.9,0.742,0.0,1.7,10.5,69
2026-01-27T10:00,22,10.2,22.5,69.2,0.0,8.1,0.598,0.0,1.3,11.3,65
2026-01-27T11:00,22,9.1,20.4,59.8,0.0,7.8,0.544,0.0,1.4,12.6,63
2026-01-27T12:00,22,9.1,18.3,54.9,0.0,7.0,0.513,0.0,1.4,12.9,66
2026-01-27T13:00,22,8.2,18.6,62.6,0.0,6.6,0.548,0.0,1.2,13.3,63
2026-01-27T14:00,22,8.6,20.5,61.1,0.0,5.8,0.508,0.0,1.3,14.1,62
2026-01-27T15:00,22,9.5,23.3,68.1,0.0,5.5,0.627,0.0,1.4,13.3,64
2026-01-27T16:00,22,11.4,24.9,74.0,0.0,5.2,0.742,0.0,1.7,13.1,68
2026-01-27T17:00,22,12.9,27.8,93.9,0.0,5.4,0.889,0.0,2.0,11.8,64
2026-01-27T18:00,22,9.9,25.7,91.2,0.0,4.1,0.825,0.0,2.0,11.5,67
2026-01-27T19:00,22,8.6,22.2,77.8,0.0,3.9,0.704,0.0,1.8,10.8,68
2026-01-27T20:00,22,7.6,18.7,64.1,0.0,3.4,0.622,0.0,1.4,10.4,71
2026-01-27T21:00,22,6.9,17.8,52.4,0.0,3.0,0.448,0.0,1.1,9.1,71
2026-01-27T22:00,22,5.9,15.2,47.3,0.0,2.6,0.423,0.0,1.0,8.2,74
2026-01-27T23:00,22,5.2,13.1,41.6,0.0,2.2,0.377,0.0,1.0,7.2,79
2026-01-27T00:00,37,5.6,10.8,27.9,0.0,3.5,0.504,0.0,0.6,6.5,78
2026-01-27T01:00,37,4.7,8.9,24.5,0.0,3.3,0.373,0.0,0.5,7.0,78
2026-01-27T02:00,37,4.4,8.0,23.9,0.0,3.4,0.381,0.0,0.4,6.9,78
2026-01-27T03:00,37,4.5,8.0,21.4,0.0,3.6,0.365,0.0,0.4,6.4,77
2026-01-27T04:00,37,4.3,8.2,23.9,0.0,3.8,0.419,0.0,0.5,6.9,78
2026-01-27T05:00,37,5.7,10.6,34.4,0.0,4.0,0.648,0.0,0.7,7.3,81
2026-01-27T06:00,37,8.0,14.7,52.1,0.0,4.4,0.839,0.0,0.9,8.6,74
2026-01-27T07:00,37,10.3,20.6,63.2,0.0,4.8,1.153,0.0,1.4,10.3,76
2026-01-27T08:00,37,9.8,19.9,68.2,0.0,5.2,0.982,0.0,1.2,9.8,72
2026-01-27T09:00,37,7.3,16.6,50.4,0.0,5.7,0.911,0.0,0.9,10.9,70
2026-01-27T10:00,37,7.1,14.4,39.2,0.0,5.7,0.747,0.0,0.8,12.0,71
2026-01-27T11:00,37,6.8,13.6,37.3,0.0,5.6,0.64,0.0,0.7,13.1,63
2026-01-27T12:00,37,6.1,12.0,33.9,0.0,5.9,0.664,0.0,0.7,12.6,65
2026-01-27T13:00,37,6.2,12.2,34.7,0.0,5.5,0.659,0.0,0.7,12.4,61
2026-01-27T14:00,37,7.0,14.3,34.2,0.0,5.5,0.683,0.0,0.8,13.1,64
2026-01-27T15:00,37,7.3,16.6,37.2,0.0,5.4,0.758,0.0,0.8,13.0,61
2026-01-27T16:00,37,8.4,18.8,44.1,0.0,5.9,0.832,0.0,0.9,13.1,64
2026-01-27T17:00,37,10.6,19.3,55.2,0.0,5.6,1.108,0.0,1.2,11.6,68
2026-01-27T18:00,37,7.8,17.8,51.3,0.0,5.8,1.078,0.0,1.0,11.3,66
2026-01-27T19:00,37,6.9,14.0,40.2,0.0,5.3,0.832,0.0,0.8,10.8,72
2026-01-27T20:00,37,6.2,12.9,31.7,0.0,5.7,0.694,0.0,0.6,9.7,75
2026-01-27T21:00,37,5.1,11.3,25.1,0.0,5.5,0.554,0.0,0.5,9.5,72
2026-01-27T22:00,37,4.6,11.7,21.2,0.0,4.9,0.451,0.0,0.5,9.1,73
2026-01-27T23:00,37,4.3,10.9,20.2,0.0,5.1,0.471,0.0,0.5,7.3,75
2026-01-27T00:00,38,10.6,12.2,22.9,34.4,4.3,0.0,0.0,0.0,7.5,79
2026-01-27T01:00,38,8.9,10.7,20.5,29.2,4.3,0.0,0.0,0.0,6.8,82
2026-01-27T02:00,38,8.3,9.7,18.9,26.2,4.2,0.0,0.0,0.0,6.9,79
2026-01-27T03:00,38,7.9,9.5,18.8,26.2,4.6,0.0,0.0,0.0,6.8,80
2026-01-27T04:00,38,9.3,11.2,21.2,37.2,4.7,0.0,0.0,0.0,6.8,79
2026-01-27T05:00,38,10.0,13.3,29.0,52.2,4.9,0.0,0.0,0.0,7.5,79
2026-01-27T06:00,38,13.5,18.6,41.1,64.3,5.0,0.0,0.0,0.0,8.5,78
2026-01-27T07:00,38,17.1,25.6,56.9,81.4,6.6,0.0,0.0,0.0,9.0,73
2026-01-27T08:00,38,14.5,23.2,54.1,108.1,6.5,0.0,0.0,0.0,9.9,69
2026-01-27T09:00,38,13.2,18.2,45.4,129.8,6.2,0.0,0.0,0.0,11.0,70
2026-01-27T10:00,38,12.2,18.5,32.2,148.3,6.3,0.0,0.0,0.0,11.1,69
2026-01-27T11:00,38,10.0,14.9,27.2,167.5,6.3,0.0,0.0,0.0,11.9,65
2026-01-27T12:00,38,8.5,13.6,27.3,187.4,6.5,0.0,0.0,0.0,13.9,63
2026-01-27T13:00,38,9.0,15.7,27.6,161.5,6.7,0.0,0.0,0.0,13.9,66
2026-01-27T14:00,38,9.6,16.4,27.1,156.4,6.2,0.0,0.0,0.0,13.5,63
2026-01-27T15:00,38,9.9,17.9,29.4,140.6,6.1,0.0,0.0,0.0,13.4,66
2026-01-27T16:00,38,12.9,21.5,36.2,113.5,5.8,0.0,0.0,0.0,13.7,64
2026-01-27T17:00,38,12.7,23.9,38.6,94.8,6.1,0.0,0.0,0.0,12.1,64
2026-01-27T18:00,38,9.6,21.3,34.3,81.4,5.4,0.0,0.0,0.0,12.3,67
2026-01-27T19:00,38,7.9,19.5,30.4,67.1,5.6,0.0,0.0,0.0,11.0,72
2026-01-27T20:00,38,7.1,15.6,24.4,62.5,5.2,0.0,0.0,0.0,9.9,71
2026-01-27T21:00,38,5.6,14.0,18.3,52.8,5.5,0.0,0.0,0.0,9.8,72
2026-01-27T22:00,38,5.4,13.3,14.8,46.5,5.1,0.0,0.0,0.0,8.1,78
2026-01-27T23:00,38,4.4,12.6,14.2,42.1,4.9,0.0,0.0,0.0,7.1,80
2026-01-28T00:00,19,4.5,0.0,17.6,0.0,3.6,0.342,0.0,0.0,7.0,76
2026-01-28T01:00,19,3.9,0.4,14.6,0.0,3.4,0.272,0.0,0.0,7.3,83
2026-01-28T02:00,19,3.6,0.7,15.8,0.0,3.5,0.28,0.0,0.0,6.8,81
2026-01-28T03:00,19,3.6,1.1,13.8,0.0,3.2,0.274,0.0,0.0,6.5,78
2026-01-28T04:00,19,4.1,1.5,16.5,0.0,3.7,0.333,0.0,0.0,7.2,79
2026-01-28T05:00,19,5.7,2.8,26.2,0.0,3.7,0.477,0.0,0.0,7.6,79
2026-01-28T06:00,19,7.0,3.8,37.5,0.0,4.4,0.605,0.0,0.0,8.9,77
2026-01-28T07:00,19,9.1,6.8,52.4,0.0,4.6,0.906,0.0,0.0,10.0,80
2026-01-28T08:00,19,7.9,7.1,51.5,0.0,4.7,0.824,0.0,0.0,10.3,72
2026-01-28T09:00,19,6.0,6.2,43.2,0.0,4.6,0.617,0.0,0.0,11.3,73
2026-01-28T10:00,19,5.6,6.4,31.4,0.0,4.7,0.565,0.0,0.0,10.8,64
2026-01-28T11:00,19,5.4,6.1,31.0,0.0,4.8,0.529,0.0,0.0,12.4,64
2026-01-28T12:00,19,5.4,6.2,29.2,0.0,4.4,0.519,0.0,0.0,12.4,64
2026-01-28T13:00,19,5.6,7.5,30.3,0.0,4.8,0.52,0.0,0.0,13.2,67
2026-01-28T14:00,19,5.6,7.8,34.8,0.0,4.4,0.555,0.0,0.0,13.2,65
2026-01-28T15:00,19,6.1,9.8,35.4,0.0,4.3,0.616,0.0,0.0,12.8,65
2026-01-28T16:00,19,7.1,11.2,42.4,0.0,4.1,0.74,0.0,0.0,13.3,63
2026-01-28T17:00,19,8.3,14.7,55.3,0.0,4.0,0.872,0.0,0.0,12.8,65
2026-01-28T18:00,19,6.5,13.0,51.9,0.0,3.9,0.779,0.0,0.0,12.0,70
2026-01-28T19:00,19,5.4,10.9,46.2,0.0,3.7,0.71,0.0,0.0,11.3,72
2026-01-28T20:00,19,4.8,10.8,37.7,0.0,3.9,0.521,0.0,0.0,10.3,72
2026-01-28T21:00,19,4.5,11.2,32.3,0.0,3.6,0.465,0.0,0.0,9.6,74
2026-01-28T22:00,19,3.7,9.4,26.6,0.0,3.7,0.406,0.0,0.0,8.8,81
2026-01-28T23:00,19,3.9,9.2,26.4,0.0,3.5,0.394,0.0,0.0,7.4,77
2026-01-28T00:00,20,5.0,12.3,30.4,0.0,2.3,0.274,0.0,0.4,7.4,76
2026-01-28T01:00,20,4.8,11.2,25.1,0.0,2.5,0.223,0.0,0.3,6.8,82
2026-01-28T02:00,20,4.5,11.0,20.3,0.0,2.5,0.209,0.0,0.3,6.5,82
2026-01-28T03:00,20,4.7,11.3,21.9,0.0,2.5,0.207,0.0,0.3,7.2,80
2026-01-28T04:00,20,4.8,12.1,23.5,0.0,2.6,0.245,0.0,0.3,6.9,80
2026-01-28T05:00,20,6.4,14.8,36.6,0.0,3.1,0.311,0.0,0.4,7.8,81
2026-01-28T06:00,20,8.1,19.4,48.3,0.0,3.1,0.468,0.0,0.6,8.6,72
2026-01-28T07:00,20,10.1,23.5,71.0,0.0,3.5,0.607,0.0,0.8,8.6,76
2026-01-28T08:00,20,10.4,26.2,75.6,0.0,3.5,0.573,0.0,0.7,10.2,72
2026-01-28T09:00,20,7.5,21.1,53.8,0.0,3.3,0.451,0.0,0.6,11.1,74
2026-01-28T10:00,20,7.9,17.9,45.4,0.0,3.3,0.386,0.0,0.5,11.9,69
2026-01-28T11:00,20,6.6,15.1,40.4,0.0,3.3,0.355,0.0,0.5,13.0,67
2026-01-28T12:00,20,7.2,14.9,41.0,0.0,3.5,0.323,0.0,0.5,12.8,66
2026-01-28T13:00,20,6.1,15.4,40.3,0.0,3.4,0.328,0.0,0.4,13.5,63
2026-01-28T14:00,20,6.6,17.1,41.3,0.0,3.2,0.338,0.0,0.5,13.3,66
2026-01-28T15:00,20,7.1,17.4,50.1,0.0,3.0,0.387,0.0,0.5,14.1,62
2026-01-28T16:00,20,9.3,21.6,61.0,0.0,3.2,0.375,0.0,0.7,13.3,63
2026-01-28T17:00,20,10.2,25.3,71.7,0.0,3.1,0.467,0.0,0.8,12.5,64
2026-01-28T18:00,20,9.5,23.0,64.7,0.0,3.1,0.465,0.0,0.8,11.3,65
2026-01-28T19:00,20,7.2,18.6,51.6,0.0,3.3,0.368,0.0,0.6,10.9,71
2026-01-28T20:00,20,6.6,16.6,46.3,0.0,2.9,0.328,0.0,0.5,10.3,69
2026-01-28T21:00,20,6.0,14.3,31.9,0.0,2.6,0.254,0.0,0.4,9.2,73
2026-01-28T22:00,20,5.4,13.1,31.8,0.0,2.9,0.222,0.0,0.4,8.4,76
2026-01-28T23:00,20,5.2,12.7,32.3,0.0,2.7,0.213,0.0,0.4,8.4,78
2026-01-28T00:00,21,0.0,15.4,18.3,36.2,2.5,0.269,0.0,0.0,7.9,83
2026-01-28T01:00,21,0.0,12.9,16.3,27.9,2.4,0.219,0.0,0.0,6.4,77
2026-01-28T02:00,21,0.0,12.7,15.5,26.7,2.5,0.219,0.0,0.0,6.5,78
2026-01-28T03:00,21,0.0,12.9,14.6,27.0,2.5,0.214,0.0,0.0,7.2,77
2026-01-28T04:00,21,0.0,13.6,16.4,36.8,2.4,0.25,0.0,0.0,6.6,77
2026-01-28T05:00,21,0.0,15.1,25.2,43.9,2.6,0.288,0.0,0.0,6.6,79
2026-01-28T06:00,21,0.0,21.0,35.1,62.5,2.8,0.384,0.0,0.0,8.5,74
2026-01-28T07:00,21,0.0,27.5,49.1,87.3,3.0,0.533,0.0,0.0,8.8,74
2026-01-28T08:00,21,0.0,25.0,51.8,106.4,3.1,0.531,0.0,0.0,9.7,72
2026-01-28T09:00,21,0.0,21.1,35.1,126.2,3.1,0.388,0.0,0.0,10.4,72
2026-01-28T10:00,21,0.0,18.5,30.5,150.5,3.1,0.33,0.0,0.0,11.6,65
2026-01-28T11:00,21,0.0,17.3,26.6,162.0,2.9,0.274,0.0,0.0,12.8,67
2026-01-28T12:00,21,0.0,15.6,26.9,158.8,2.7,0.26,0.0,0.0,12.6,67
2026-01-28T13:00,21,0.0,13.6,25.4,159.7,2.7,0.269,0.0,0.0,13.2,63
2026-01-28T14:00,21,0.0,17.0,25.7,148.1,2.5,0.24,0.0,0.0,13.6,64
2026-01-28T15:00,21,0.0,17.2,31.1,125.9,2.6,0.298,0.0,0.0,14.0,64
2026-01-28T16:00,21,0.0,22.1,34.4,98.5,2.5,0.344,0.0,0.0,13.6,65
2026-01-28T17:00,21,0.0,23.5,41.7,86.4,2.5,0.416,0.0,0.0,12.8,66
2026-01-28T18:00,21,0.0,20.6,39.3,74.5,2.2,0.356,0.0,0.0,11.5,69
2026-01-28T19:00,21,0.0,16.1,29.0,65.2,2.1,0.296,0.0,0.0,11.2,67
2026-01-28T20:00,21,0.0,13.7,25.1,51.7,2.1,0.244,0.0,0.0,9.9,69
2026-01-28T21:00,21,0.0,11.8,19.6,45.3,2.0,0.175,0.0,0.0,8.7,75
2026-01-28T22:00,21,0.0,12.2,16.4,37.5,1.9,0.148,0.0,0.0,8.9,75
2026-01-28T23:00,21,0.0,10.9,17.5,36.7,1.8,0.138,0.0,0.0,7.1,74
2026-01-28T00:00,22,5.5,14.3,0.0,0.0,1.8,0.378,0.0,0.9,7.8,80
2026-01-28T01:00,22,4.2,12.1,0.0,0.0,1.8,0.344,0.0,0.8,6.6,77
2026-01-28T02:00,22,4.4,11.9,0.0,0.0,1.9,0.31,0.0,0.7,6.7,79
2026-01-28T03:00,22,4.5,11.6,0.0,0.0,1.9,0.317,0.0,0.7,7.2,82
2026-01-28T04:00,22,4.7,13.3,0.0,0.0,2.2,0.389,0.0,0.8,6.5,76
2026-01-28T05:00,22,6.1,16.6,0.0,0.0,2.5,0.447,0.0,1.1,7.0,81
2026-01-28T06:00,22,8.0,20.8,0.0,0.0,2.9,0.688,0.0,1.5,8.2,72
2026-01-28T07:00,22,10.2,28.7,0.0,0.0,3.5,0.942,0.0,2.0,9.2,74
2026-01-28T08:00,22,9.0,26.4,0.0,0.0,3.8,0.751,0.0,1.9,9.5,72
2026-01-28T09:00,22,7.8,22.8,0.0,0.0,3.7,0.611,0.0,1.4,10.6,66
2026-01-28T10:00,22,7.1,18.3,0.0,0.0,3.8,0.556,0.0,1.3,11.4,68
2026-01-28T11:00,22,6.1,16.9,0.0,0.0,4.0,0.46,0.0,1.1,12.5,66
2026-01-28T12:00,22,6.4,15.5,0.0,0.0,4.2,0.454,0.0,1.1,13.6,66
2026-01-28T13:00,22,6.0,16.4,0.0,0.0,3.8,0.49,0.0,1.0,13.5,63
2026-01-28T14:00,22,6.5,17.3,0.0,0.0,4.2,0.473,0.0,1.0,12.7,64
2026-01-28T15:00,22,6.6,19.2,0.0,0.0,4.0,0.482,0.0,1.1,13.5,63
2026-01-28T16:00,22,9.0,22.8,0.0,0.0,4.1,0.54,0.0,1.3,11.7,66
2026-01-28T17:00,22,9.3,26.2,0.0,0.0,4.5,0.689,0.0,1.6,11.7,68
2026-01-28T18:00,22,8.2,20.7,0.0,0.0,4.1,0.65,0.0,1.3,12.2,67
2026-01-28T19:00,22,6.7,19.4,0.0,0.0,4.0,0.58,0.0,1.3,10.4,72
2026-01-28T20:00,22,5.7,16.2,0.0,0.0,4.2,0.439,0.0,1.0,10.3,68
2026-01-28T21:00,22,5.4,14.0,0.0,0.0,4.2,0.326,0.0,0.8,8.9,72
2026-01-28T22:00,22,4.6,12.4,0.0,0.0,3.9,0.274,0.0,0.7,8.7,74
2026-01-28T23:00,22,4.4,12.5,0.0,0.0,4.7,0.284,0.0,0.7,6.3,76
2026-01-28T00:00,37,4.8,10.6,18.7,0.0,5.1,0.457,0.0,0.5,6.9,77
2026-01-28T01:00,37,3.9,8.6,16.5,0.0,4.9,0.437,0.0,0.4,7.1,78
2026-01-28T02:00,37,3.6,8.6,15.1,0.0,4.8,0.356,0.0,0.4,7.2,81
2026-01-28T03:00,37,3.8,9.2,14.9,0.0,5.1,0.394,0.0,0.4,6.9,77
2026-01-28T04:00,37,3.8,9.7,17.7,0.0,5.2,0.409,0.0,0.4,6.7,76
2026-01-28T05:00,37,5.7,11.5,21.5,0.0,5.9,0.59,0.0,0.6,7.3,79
2026-01-28T06:00,37,6.7,15.2,31.2,0.0,6.0,0.758,0.0,0.8,8.4,75
2026-01-28T07:00,37,8.3,19.0,44.4,0.0,6.8,1.177,0.0,1.1,8.9,75
2026-01-28T08:00,37,7.3,18.7,40.9,0.0,7.3,0.959,0.0,1.0,9.7,67
2026-01-28T09:00,37,6.5,14.8,29.4,0.0,6.7,0.772,0.0,0.9,10.5,68
2026-01-28T10:00,37,5.3,13.6,25.1,0.0,6.4,0.758,0.0,0.6,11.6,68
2026-01-28T11:00,37,4.9,11.7,22.1,0.0,6.3,0.66,0.0,0.7,12.6,65
2026-01-28T12:00,37,4.7,11.1,20.5,0.0,6.5,0.631,0.0,0.6,13.0,66
2026-01-28T13:00,37,5.0,11.2,21.3,0.0,6.2,0.588,0.0,0.6,13.2,62
2026-01-28T14:00,37,5.3,11.1,20.9,0.0,5.7,0.592,0.0,0.6,12.8,66
2026-01-28T15:00,37,5.2,12.7,19.8,0.0,5.7,0.704,0.0,0.6,13.3,61
2026-01-28T16:00,37,6.9,15.3,27.1,0.0,5.6,0.776,0.0,0.8,13.3,66
2026-01-28T17:00,37,7.0,19.0,29.6,0.0,5.9,0.954,0.0,1.0,11.8,66
2026-01-28T18:00,37,5.6,16.3,26.6,0.0,4.7,0.878,0.0,0.9,11.7,68
2026-01-28T19:00,37,4.7,12.1,23.1,0.0,5.3,0.839,0.0,0.8,11.0,75
2026-01-28T20:00,37,4.6,11.3,17.3,0.0,5.1,0.608,0.0,0.6,9.5,72
2026-01-28T21:00,37,3.9,9.8,12.4,0.0,4.9,0.503,0.0,0.5,8.5,74
2026-01-28T22:00,37,3.3,9.0,11.0,0.0,4.7,0.422,0.0,0.4,8.1,77
2026-01-28T23:00,37,2.9,8.3,10.0,0.0,4.4,0.42,0.0,0.4,6.9,74
2026-01-28T00:00,38,4.5,11.9,12.3,38.3,4.8,0.0,0.0,0.0,7.0,83
2026-01-28T01:00,38,4.0,11.1,11.4,30.1,4.5,0.0,0.0,0.0,6.6,78
2026-01-28T02:00,38,3.8,10.6,11.2,28.2,5.6,0.0,0.0,0.0,6.6,79
2026-01-28T03:00,38,3.5,10.3,11.1,31.6,4.8,0.0,0.0,0.0,6.5,82
2026-01-28T04:00,38,4.1,11.6,13.5,37.9,5.3,0.0,0.0,0.0,7.1,77
2026-01-28T05:00,38,5.0,12.9,18.4,55.0,5.2,0.0,0.0,0.0,7.4,73
2026-01-28T06:00,38,6.4,17.6,26.3,73.9,5.7,0.0,0.0,0.0,7.9,77
2026-01-28T07:00,38,8.5,23.8,36.4,101.5,6.7,0.0,0.0,0.0,8.8,73
2026-01-28T08:00,38,7.4,23.4,38.5,109.9,6.8,0.0,0.0,0.0,9.2,71
2026-01-28T09:00,38,6.2,18.2,28.9,148.1,6.6,0.0,0.0,0.0,10.1,71
2026-01-28T10:00,38,5.3,16.5,24.9,148.1,7.5,0.0,0.0,0.0,11.6,67
2026-01-28T11:00,38,4.8,14.7,22.0,190.6,7.1,0.0,0.0,0.0,12.8,68
2026-01-28T12:00,38,4.6,12.3,20.8,179.7,6.6,0.0,0.0,0.0,13.2,65
2026-01-28T13:00,38,4.4,13.3,22.7,171.7,6.9,0.0,0.0,0.0,13.2,62
2026-01-28T14:00,38,5.0,15.3,21.9,168.6,6.2,0.0,0.0,0.0,13.4,64
2026-01-28T15:00,38,5.1,14.9,25.4,124.2,6.4,0.0,0.0,0.0,13.2,60
2026-01-28T16:00,38,6.2,18.2,28.7,114.4,6.5,0.0,0.0,0.0,13.7,62
2026-01-28T17:00,38,7.2,19.6,34.2,88.6,5.8,0.0,0.0,0.0,12.4,66
2026-01-28T18:00,38,6.0,17.7,36.5,76.3,5.8,0.0,0.0,0.0,11.9,68
2026-01-28T19:00,38,4.8,14.7,28.3,73.3,6.1,0.0,0.0,0.0,11.3,65
2026-01-28T20:00,38,4.0,13.2,22.6,65.2,5.3,0.0,0.0,0.0,9.6,76
2026-01-28T21:00,38,3.4,11.9,18.1,50.4,5.6,0.0,0.0,0.0,9.0,74
2026-01-28T22:00,38,3.2,10.0,17.7,45.3,5.7,0.0,0.0,0.0,8.6,77
2026-01-28T23:00,38,2.6,9.5,16.9,39.7,5.1,0.0,0.0,0.0,6.9,77
2026-01-29T00:00,19,3.7,10.3,27.1,0.0,3.3,0.402,0.0,0.0,7.8,80
2026-01-29T01:00,19,3.5,10.0,23.1,0.0,3.4,0.331,0.0,0.0,6.8,79
2026-01-29T02:00,19,3.4,9.4,20.1,0.0,3.7,0.323,0.0,0.0,6.0,78
2026-01-29T03:00,19,3.1,9.3,22.8,0.0,3.1,0.339,0.0,0.0,6.8,80
2026-01-29T04:00,19,4.0,10.5,25.9,0.0,3.6,0.39,0.0,0.0,7.2,77
2026-01-29T05:00,19,5.0,11.9,35.0,0.0,3.6,0.495,0.0,0.0,7.6,75
2026-01-29T06:00,19,6.5,16.7,51.2,0.0,3.9,0.701,0.0,0.0,7.8,79
2026-01-29T07:00,19,8.3,21.4,72.7,0.0,4.9,0.854,0.0,0.0,8.4,77
2026-01-29T08:00,19,8.1,20.1,71.6,0.0,4.7,0.875,0.0,0.0,10.1,71
2026-01-29T09:00,19,7.0,19.4,51.8,0.0,4.9,0.739,0.0,0.0,10.3,71
2026-01-29T10:00,19,6.8,16.4,47.6,0.0,4.7,0.647,0.0,0.0,11.0,64
2026-01-29T11:00,19,6.7,14.5,46.3,0.0,4.5,0.61,0.0,0.0,13.2,67
2026-01-29T12:00,19,6.3,15.1,44.1,0.0,4.7,0.571,0.0,0.0,13.3,63
2026-01-29T13:00,19,5.8,15.3,42.1,0.0,4.5,0.576,0.0,0.0,13.0,64
2026-01-29T14:00,19,7.0,16.6,44.7,0.0,4.2,0.606,0.0,0.0,13.4,64
2026-01-29T15:00,19,7.6,17.3,44.9,0.0,4.1,0.651,0.0,0.0,13.0,66
2026-01-29T16:00,19,9.3,21.5,58.7,0.0,4.1,0.8,0.0,0.0,13.4,63
2026-01-29T17:00,19,10.6,25.5,76.9,0.0,4.4,0.93,0.0,0.0,13.3,64
2026-01-29T18:00,19,9.4,22.7,71.7,0.0,3.8,0.896,0.0,0.0,11.7,69
2026-01-29T19:00,19,7.5,18.3,63.1,0.0,4.1,0.725,0.0,0.0,11.4,68
2026-01-29T20:00,19,7.6,18.1,48.1,0.0,4.3,0.562,0.0,0.0,10.5,72
2026-01-29T21:00,19,6.7,16.1,37.9,0.0,3.4,0.494,0.0,0.0,8.7,74
2026-01-29T22:00,19,6.4,14.2,33.8,0.0,3.7,0.45,0.0,0.0,7.4,76
2026-01-29T23:00,19,6.2,12.8,32.1,0.0,3.5,0.418,0.0,0.0,7.3,79
2026-01-29T00:00,20,5.3,11.5,32.9,0.0,2.6,0.212,0.0,0.4,6.4,78
2026-01-29T01:00,20,4.3,12.0,26.2,0.0,2.8,0.171,0.0,0.3,6.9,79
2026-01-29T02:00,20,4.3,10.9,26.2,0.0,2.6,0.171,0.0,0.3,6.2,78
2026-01-29T03:00,20,4.4,11.8,23.2,0.0,2.8,0.183,0.0,0.3,7.5,79
2026-01-29T04:00,20,5.1,11.0,29.9,0.0,2.9,0.214,0.0,0.3,6.6,80
2026-01-29T05:00,20,6.6,14.5,40.4,0.0,3.1,0.29,0.0,0.5,7.4,77
2026-01-29T06:00,20,8.4,20.4,58.6,0.0,3.9,0.396,0.0,0.7,7.5,76
2026-01-29T07:00,20,10.6,26.3,73.0,0.0,4.0,0.612,0.0,0.9,8.9,76
2026-01-29T08:00,20,9.9,26.4,79.7,0.0,4.3,0.57,0.0,0.9,9.4,74
2026-01-29T09:00,20,8.8,23.5,65.9,0.0,4.6,0.435,0.0,0.7,10.5,69
2026-01-29T10:00,20,7.6,20.2,53.1,0.0,4.4,0.399,0.0,0.7,11.8,67
2026-01-29T11:00,20,7.8,19.8,46.1,0.0,4.6,0.354,0.0,0.6,12.8,65
2026-01-29T12:00,20,7.0,18.8,47.4,0.0,4.5,0.413,0.0,0.7,12.8,66
2026-01-29T13:00,20,6.9,17.5,49.0,0.0,4.8,0.399,0.0,0.7,12.9,65
2026-01-29T14:00,20,6.7,20.7,48.2,0.0,4.3,0.405,0.0,0.7,14.0,64
2026-01-29T15:00,20,8.5,22.4,56.2,0.0,4.4,0.427,0.0,0.8,13.4,67
2026-01-29T16:00,20,10.6,27.2,63.2,0.0,4.4,0.538,0.0,1.0,12.7,63
2026-01-29T17:00,20,12.1,31.9,77.0,0.0,4.3,0.653,0.0,1.2,12.5,65
2026-01-29T18:00,20,9.6,27.4,77.0,0.0,4.2,0.599,0.0,1.2,12.4,66
2026-01-29T19:00,20,8.1,23.5,71.8,0.0,4.6,0.52,0.0,1.0,11.8,70
2026-01-29T20:00,20,7.2,20.6,51.3,0.0,4.4,0.484,0.0,0.8,9.6,71
2026-01-29T21:00,20,7.2,18.5,38.2,0.0,4.3,0.373,0.0,0.6,8.9,72
2026-01-29T22:00,20,6.1,17.6,34.9,0.0,4.0,0.319,0.0,0.6,9.3,78
2026-01-29T23:00,20,6.1,15.5,34.0,0.0,4.1,0.335,0.0,0.6,7.8,76
2026-01-29T00:00,21,0.0,10.3,14.9,33.1,1.8,0.137,0.0,0.0,7.2,79
2026-01-29T01:00,21,0.0,9.6,14.7,27.9,1.7,0.129,0.0,0.0,6.8,79
2026-01-29T02:00,21,0.0,8.5,13.4,25.8,1.8,0.113,0.0,0.0,7.5,79
2026-01-29T03:00,21,0.0,9.4,14.2,27.9,1.7,0.116,0.0,0.0,6.5,77
2026-01-29T04:00,21,0.0,9.6,16.0,35.1,1.8,0.134,0.0,0.0,6.7,81
2026-01-29T05:00,21,0.0,11.5,24.4,40.5,2.0,0.192,0.0,0.0,7.9,74
2026-01-29T06:00,21,0.0,16.9,32.5,60.5,2.3,0.27,0.0,0.0,8.3,74
2026-01-29T07:00,21,0.0,20.6,51.3,78.2,2.5,0.388,0.0,0.0,8.6,72
2026-01-29T08:00,21,0.0,21.5,50.0,98.6,3.0,0.383,0.0,0.0,10.3,70
2026-01-29T09:00,21,0.0,17.5,36.0,113.1,2.9,0.303,0.0,0.0,10.7,72
2026-01-29T10:00,21,0.0,16.2,32.3,113.6,2.7,0.245,0.0,0.0,11.6,64
2026-01-29T11:00,21,0.0,15.3,28.6,141.8,2.7,0.243,0.0,0.0,13.0,67
2026-01-29T12:00,21,0.0,14.0,30.2,134.5,2.8,0.221,0.0,0.0,13.2,63
2026-01-29T13:00,21,0.0,12.4,28.9,126.0,2.8,0.228,0.0,0.0,13.5,65
2026-01-29T14:00,21,0.0,14.4,34.1,108.6,2.7,0.258,0.0,0.0,13.3,65
2026-01-29T15:00,21,0.0,16.6,38.4,107.1,2.6,0.277,0.0,0.0,13.6,64
2026-01-29T16:00,21,0.0,17.8,46.8,87.3,3.0,0.332,0.0,0.0,12.9,64
2026-01-29T17:00,21,0.0,20.4,50.1,67.9,2.7,0.424,0.0,0.0,11.8,66
2026-01-29T18:00,21,0.0,18.2,45.4,58.6,2.7,0.389,0.0,0.0,11.1,67
2026-01-29T19:00,21,0.0,15.7,41.8,52.4,2.8,0.365,0.0,0.0,11.7,67
2026-01-29T20:00,21,0.0,13.9,33.3,45.4,2.8,0.277,0.0,0.0,10.2,73
2026-01-29T21:00,21,0.0,12.9,29.6,37.5,2.6,0.22,0.0,0.0,8.8,74
2026-01-29T22:00,21,0.0,11.6,27.5,27.0,2.6,0.208,0.0,0.0,7.7,77
2026-01-29T23:00,21,0.0,11.3,26.1,25.7,2.4,0.196,0.0,0.0,7.7,76
2026-01-29T00:00,22,4.5,11.9,0.0,0.0,4.6,0.28,0.0,0.6,6.7,79
2026-01-29T01:00,22,4.1,10.8,1.5,0.0,4.5,0.228,0.0,0.5,7.3,79
2026-01-29T02:00,22,3.9,10.1,2.9,0.0,4.4,0.229,0.0,0.5,5.9,79
2026-01-29T03:00,22,3.8,10.7,4.4,0.0,4.9,0.237,0.0,0.5,7.2,79
2026-01-29T04:00,22,4.0,10.8,6.1,0.0,5.0,0.253,0.0,0.6,7.0,77
2026-01-29T05:00,22,5.6,14.4,10.8,0.0,5.8,0.383,0.0,0.8,7.9,79
2026-01-29T06:00,22,6.2,16.8,20.7,0.0,6.4,0.476,0.0,1.1,8.3,76
2026-01-29T07:00,22,9.4,24.1,34.2,0.0,7.0,0.703,0.0,1.5,8.9,74
2026-01-29T08:00,22,9.0,23.6,39.2,0.0,8.0,0.731,0.0,1.3,9.1,71
2026-01-29T09:00,22,6.4,19.3,33.2,0.0,8.3,0.534,0.0,1.1,10.3,72
2026-01-29T10:00,22,6.2,17.0,30.7,0.0,8.8,0.458,0.0,1.0,11.3,69
2026-01-29T11:00,22,5.7,14.9,30.8,0.0,9.0,0.424,0.0,0.8,11.9,65
2026-01-29T12:00,22,5.2,14.5,31.0,0.0,8.9,0.402,0.0,0.8,13.6,63
2026-01-29T13:00,22,5.0,14.8,33.2,0.0,8.8,0.405,0.0,0.8,12.9,62
2026-01-29T14:00,22,5.7,16.2,37.3,0.0,9.6,0.431,0.0,0.9,13.3,63
2026-01-29T15:00,22,6.0,17.8,42.7,0.0,8.3,0.448,0.0,0.9,13.2,60
2026-01-29T16:00,22,7.7,22.4,54.3,0.0,9.7,0.544,0.0,1.0,12.7,65
2026-01-29T17:00,22,8.5,23.4,73.0,0.0,9.8,0.752,0.0,1.4,11.8,67
2026-01-29T18:00,22,7.7,20.3,69.3,0.0,8.8,0.669,0.0,1.3,11.9,70
2026-01-29T19:00,22,5.9,19.2,61.9,0.0,8.8,0.605,0.0,1.1,11.4,69
2026-01-29T20:00,22,6.4,16.9,52.7,0.0,9.3,0.442,0.0,0.9,10.7,69
2026-01-29T21:00,22,5.8,14.3,47.4,0.0,9.3,0.375,0.0,0.7,9.1,70
2026-01-29T22:00,22,4.2,13.3,41.1,0.0,9.0,0.366,0.0,0.6,8.8,76
2026-01-29T23:00,22,4.3,12.8,41.0,0.0,10.0,0.347,0.0,0.6,6.9,79
2026-01-29T00:00,37,3.2,7.7,10.2,0.0,4.5,0.432,0.0,0.4,7.1,77
2026-01-29T01:00,37,2.7,6.7,7.8,0.0,4.1,0.317,0.0,0.3,6.4,77
2026-01-29T02:00,37,2.4,7.4,8.7,0.0,3.9,0.329,0.0,0.3,6.9,75
2026-01-29T03:00,37,2.8,6.9,9.3,0.0,4.2,0.335,0.0,0.4,6.7,78
2026-01-29T04:00,37,3.1,8.0,10.5,0.0,4.3,0.414,0.0,0.4,6.7,78
2026-01-29T05:00,37,3.4,9.8,15.4,0.0,4.8,0.547,0.0,0.5,7.7,76
2026-01-29T06:00,37,5.3,11.5,24.4,0.0,5.0,0.735,0.0,0.8,8.7,76
2026-01-29T07:00,37,7.0,16.9,37.9,0.0,5.7,1.059,0.0,1.2,8.6,75
2026-01-29T08:00,37,6.7,15.8,34.6,0.0,5.3,0.985,0.0,1.0,10.3,71
2026-01-29T09:00,37,5.5,14.8,30.1,0.0,5.8,0.793,0.0,0.8,10.8,71
2026-01-29T10:00,37,4.9,13.3,27.5,0.0,5.6,0.707,0.0,0.7,12.1,70
2026-01-29T11:00,37,4.7,11.4,21.2,0.0,5.5,0.618,0.0,0.7,12.3,63
2026-01-29T12:00,37,4.7,11.1,21.5,0.0,5.9,0.574,0.0,0.7,13.2,65
2026-01-29T13:00,37,4.8,11.5,24.9,0.0,5.4,0.577,0.0,0.7,13.1,63
2026-01-29T14:00,37,5.5,11.3,25.1,0.0,5.4,0.663,0.0,0.7,13.4,63
2026-01-29T15:00,37,5.4,13.6,26.8,0.0,5.4,0.636,0.0,0.7,12.9,62
2026-01-29T16:00,37,7.1,16.8,34.0,0.0,5.2,0.873,0.0,1.0,12.4,67
2026-01-29T17:00,37,8.1,18.5,42.7,0.0,4.8,1.079,0.0,1.1,12.4,66
2026-01-29T18:00,37,6.5,16.2,44.7,0.0,4.9,0.938,0.0,1.1,11.2,68
2026-01-29T19:00,37,6.2,13.9,38.5,0.0,4.3,0.834,0.0,0.9,11.3,67
2026-01-29T20:00,37,5.3,12.7,31.0,0.0,5.1,0.656,0.0,0.7,10.6,75
2026-01-29T21:00,37,4.8,11.2,25.6,0.0,4.7,0.527,0.0,0.6,9.1,75
2026-01-29T22:00,37,4.5,11.0,23.1,0.0,4.5,0.455,0.0,0.6,8.2,74
2026-01-29T23:00,37,4.4,9.1,20.9,0.0,4.5,0.426,0.0,0.6,7.5,80
2026-01-29T00:00,38,2.9,8.7,16.7,40.2,4.8,0.0,0.0,0.0,6.4,79
2026-01-29T01:00,38,2.6,8.1,15.7,30.8,5.2,0.0,0.0,0.0,6.2,82
2026-01-29T02:00,38,2.7,7.8,15.2,29.7,5.3,0.0,0.0,0.0,6.4,80
2026-01-29T03:00,38,3.0,7.9,14.9,28.7,4.9,0.0,0.0,0.0,5.7,78
2026-01-29T04:00,38,3.4,8.4,17.4,35.9,5.4,0.0,0.0,0.0,6.6,78
2026-01-29T05:00,38,3.8,11.2,22.6,48.3,5.6,0.0,0.0,0.0,7.7,80
2026-01-29T06:00,38,6.2,14.3,36.6,65.7,6.4,0.0,0.0,0.0,8.4,75
2026-01-29T07:00,38,8.2,18.1,49.1,93.6,7.7,0.0,0.0,0.0,8.5,70
2026-01-29T08:00,38,7.8,16.8,55.2,104.5,6.9,0.0,0.0,0.0,9.9,71
2026-01-29T09:00,38,6.7,16.1,44.9,121.1,7.3,0.0,0.0,0.0,10.8,68
2026-01-29T10:00,38,6.8,14.5,35.2,163.1,6.9,0.0,0.0,0.0,12.0,68
2026-01-29T11:00,38,5.7,13.4,31.7,153.9,6.9,0.0,0.0,0.0,12.4,64
2026-01-29T12:00,38,6.2,11.4,31.9,177.6,6.8,0.0,0.0,0.0,12.2,65
2026-01-29T13:00,38,6.4,12.1,32.4,161.3,7.0,0.0,0.0,0.0,12.7,63
2026-01-29T14:00,38,6.6,14.0,35.7,129.3,6.1,0.0,0.0,0.0,13.7,65
2026-01-29T15:00,38,7.4,15.6,40.3,118.6,6.2,0.0,0.0,0.0,13.5,60
2026-01-29T16:00,38,9.8,18.4,45.2,101.7,5.5,0.0,0.0,0.0,12.9,67
2026-01-29T17:00,38,10.7,20.7,60.2,91.0,6.2,0.0,0.0,0.0,12.6,65
2026-01-29T18:00,38,10.7,19.5,53.5,79.3,5.4,0.0,0.0,0.0,11.6,70
2026-01-29T19:00,38,8.6,15.2,45.2,61.3,5.7,0.0,0.0,0.0,10.4,68
2026-01-29T20:00,38,8.2,14.4,39.4,55.7,6.0,0.0,0.0,0.0,10.0,72
2026-01-29T21:00,38,6.9,13.9,33.5,43.6,5.3,0.0,0.0,0.0,9.1,72
2026-01-29T22:00,38,6.7,12.1,28.3,37.9,5.1,0.0,0.0,0.0,8.0,73
2026-01-29T23:00,38,6.5,11.4,26.5,36.7,5.1,0.0,0.0,0.0,6.8,80
2026-01-30T00:00,19,5.7,13.7,33.9,0.0,3.4,0.378,0.0,0.0,6.9,74
2026-01-30T01:00,19,5.8,11.9,26.5,0.0,3.3,0.341,0.0,0.0,6.5,77
2026-01-30T02:00,19,5.1,11.0,25.2,0.0,3.2,0.325,0.0,0.0,6.4,83
2026-01-30T03:00,19,5.6,10.9,24.3,0.0,3.2,0.323,0.0,0.0,6.2,80
2026-01-30T04:00,19,4.9,12.3,28.6,0.0,3.3,0.418,0.0,0.0,6.6,76
2026-01-30T05:00,19,6.7,13.3,40.1,0.0,3.6,0.576,0.0,0.0,7.9,76
2026-01-30T06:00,19,9.4,17.2,54.2,0.0,3.6,0.689,0.0,0.0,8.1,76
2026-01-30T07:00,19,11.7,22.6,70.1,0.0,4.4,1.078,0.0,0.0,9.5,72
2026-01-30T08:00,19,11.2,23.8,71.8,0.0,4.0,0.993,0.0,0.0,9.4,72
2026-01-30T09:00,19,8.7,19.2,60.7,0.0,4.5,0.821,0.0,0.0,11.1,69
2026-01-30T10:00,19,8.1,16.1,48.1,0.0,4.2,0.66,0.0,0.0,11.9,69
2026-01-30T11:00,19,6.8,14.0,43.4,0.0,4.2,0.623,0.0,0.0,12.4,64
2026-01-30T12:00,19,6.9,14.0,39.1,0.0,3.9,0.559,0.0,0.0,12.9,63
2026-01-30T13:00,19,7.2,14.0,40.0,0.0,3.7,0.624,0.0,0.0,12.8,65
2026-01-30T14:00,19,7.3,15.9,37.4,0.0,3.6,0.637,0.0,0.0,13.3,63
2026-01-30T15:00,19,7.9,15.4,37.5,0.0,3.5,0.692,0.0,0.0,13.3,65
2026-01-30T16:00,19,9.6,18.3,50.2,0.0,3.3,0.822,0.0,0.0,12.9,64
2026-01-30T17:00,19,10.5,22.6,54.3,0.0,3.3,1.017,0.0,0.0,12.7,67
2026-01-30T18:00,19,9.3,18.3,54.9,0.0,3.2,1.041,0.0,0.0,12.0,64
2026-01-30T19:00,19,7.5,13.7,42.7,0.0,2.9,0.952,0.0,0.0,10.6,68
2026-01-30T20:00,19,6.9,13.0,37.8,0.0,2.9,0.642,0.0,0.0,9.4,71
2026-01-30T21:00,19,6.4,10.7,24.5,0.0,2.9,0.516,0.0,0.0,9.4,75
2026-01-30T22:00,19,5.1,9.9,22.6,0.0,2.7,0.492,0.0,0.0,8.9,72
2026-01-30T23:00,19,5.1,9.0,22.2,0.0,2.5,0.452,0.0,0.0,7.0,78
2026-01-30T00:00,20,6.5,17.8,37.3,0.0,4.2,0.35,0.0,0.7,7.1,80
2026-01-30T01:00,20,5.0,15.6,31.9,0.0,3.8,0.254,0.0,0.6,6.0,75
2026-01-30T02:00,20,5.1,14.5,26.6,0.0,4.3,0.297,0.0,0.5,6.9,83
2026-01-30T03:00,20,5.3,14.7,27.8,0.0,4.3,0.285,0.0,0.5,6.9,75
2026-01-30T04:00,20,5.5,14.6,32.0,0.0,3.8,0.307,0.0,0.5,7.6,79
2026-01-30T05:00,20,7.3,18.8,41.0,0.0,4.4,0.417,0.0,0.7,7.4,73
2026-01-30T06:00,20,8.0,24.6,63.9,0.0,4.5,0.547,0.0,1.0,8.3,76
2026-01-30T07:00,20,13.2,29.3,84.2,0.0,5.6,0.751,0.0,1.4,8.6,77
2026-01-30T08:00,20,11.7,32.4,85.4,0.0,5.7,0.684,0.0,1.3,10.1,69
2026-01-30T09:00,20,10.0,25.9,58.4,0.0,5.6,0.559,0.0,1.0,10.4,66
2026-01-30T10:00,20,8.7,23.9,47.2,0.0,5.3,0.47,0.0,0.9,12.2,67
2026-01-30T11:00,20,7.6,18.0,44.7,0.0,5.2,0.406,0.0,0.8,13.0,70
2026-01-30T12:00,20,7.2,20.4,47.2,0.0,4.8,0.416,0.0,0.7,12.7,65
2026-01-30T13:00,20,7.3,18.6,42.7,0.0,4.7,0.39,0.0,0.7,13.8,62
2026-01-30T14:00,20,9.2,20.8,45.0,0.0,4.8,0.415,0.0,0.7,12.5,66
2026-01-30T15:00,20,8.9,22.4,44.5,0.0,4.7,0.456,0.0,0.8,13.5,60
2026-01-30T16:00,20,10.0,27.8,59.2,0.0,4.8,0.519,0.0,1.0,12.9,68
2026-01-30T17:00,20,13.1,32.2,61.3,0.0,4.6,0.674,0.0,1.1,12.8,66
2026-01-30T18:00,20,10.4,27.0,59.0,0.0,4.8,0.6,0.0,1.0,11.5,66
2026-01-30T19:00,20,8.8,22.1,50.1,0.0,4.1,0.517,0.0,0.9,10.5,67
2026-01-30T20:00,20,7.8,19.0,40.4,0.0,4.0,0.41,0.0,0.7,9.6,72
2026-01-30T21:00,20,6.2,16.8,30.5,0.0,3.6,0.322,0.0,0.6,8.6,75
2026-01-30T22:00,20,6.2,15.1,24.7,0.0,4.0,0.3,0.0,0.5,7.7,77
2026-01-30T23:00,20,5.8,13.6,23.1,0.0,3.5,0.273,0.0,0.5,7.7,79
2026-01-30T00:00,21,0.0,10.2,26.0,29.1,2.5,0.199,0.0,0.0,6.8,79
2026-01-30T01:00,21,0.0,9.4,21.2,23.3,2.3,0.169,0.0,0.0,6.1,78
2026-01-30T02:00,21,0.0,8.3,20.3,22.7,2.4,0.156,0.0,0.0,6.3,80
2026-01-30T03:00,21,0.0,9.4,20.6,21.5,2.4,0.173,0.0,0.0,7.0,81
2026-01-30T04:00,21,0.0,10.1,23.5,30.3,2.5,0.202,0.0,0.0,7.4,81
2026-01-30T05:00,21,0.0,12.8,31.6,38.1,2.9,0.29,0.0,0.0,7.2,78
2026-01-30T06:00,21,0.0,16.0,41.2,52.6,3.2,0.365,0.0,0.0,8.0,72
2026-01-30T07:00,21,0.0,21.1,63.1,70.9,3.5,0.583,0.0,0.0,9.2,70
2026-01-30T08:00,21,0.0,20.6,57.4,77.5,3.3,0.48,0.0,0.0,10.2,70
2026-01-30T09:00,21,0.0,15.5,43.7,101.3,3.8,0.41,0.0,0.0,11.0,68
2026-01-30T10:00,21,0.0,14.6,33.3,121.5,3.2,0.373,0.0,0.0,11.9,68
2026-01-30T11:00,21,0.0,13.0,30.1,119.6,3.5,0.318,0.0,0.0,12.7,65
2026-01-30T12:00,21,0.0,12.0,27.7,133.2,3.3,0.306,0.0,0.0,13.2,64
2026-01-30T13:00,21,0.0,12.4,29.6,128.1,3.4,0.323,0.0,0.0,13.2,65
2026-01-30T14:00,21,0.0,13.1,28.2,114.1,3.1,0.343,0.0,0.0,13.5,65
2026-01-30T15:00,21,0.0,14.5,31.6,100.9,3.2,0.365,0.0,0.0,13.3,63
2026-01-30T16:00,21,0.0,17.2,35.3,94.2,3.0,0.444,0.0,0.0,12.9,65
2026-01-30T17:00,21,0.0,19.3,42.5,67.0,3.2,0.597,0.0,0.0,12.3,67
2026-01-30T18:00,21,0.0,16.0,37.0,60.6,3.1,0.512,0.0,0.0,11.2,69
2026-01-30T19:00,21,0.0,14.3,36.8,49.2,2.9,0.506,0.0,0.0,10.7,68
2026-01-30T20:00,21,0.0,10.6,25.2,48.0,2.9,0.357,0.0,0.0,9.5,69
2026-01-30T21:00,21,0.0,11.3,18.2,39.7,2.8,0.33,0.0,0.0,9.0,71
2026-01-30T22:00,21,0.0,10.8,17.8,35.2,2.7,0.251,0.0,0.0,8.1,76
2026-01-30T23:00,21,0.0,8.0,15.2,30.8,2.6,0.267,0.0,0.0,6.9,77
2026-01-30T00:00,22,0.0,0.0,45.4,0.0,9.8,0.341,0.0,0.7,6.7,77
2026-01-30T01:00,22,0.0,0.0,38.6,0.0,9.3,0.309,0.0,0.6,6.1,81
2026-01-30T02:00,22,0.0,0.0,34.1,0.0,9.0,0.259,0.0,0.5,7.3,78
2026-01-30T03:00,22,0.0,0.0,33.3,0.0,8.8,0.259,0.0,0.5,6.3,81
2026-01-30T04:00,22,0.0,0.0,41.7,0.0,8.8,0.313,0.0,0.6,7.1,77
2026-01-30T05:00,22,0.0,0.0,54.7,0.0,8.6,0.438,0.0,0.8,7.6,77
2026-01-30T06:00,22,0.0,0.0,74.2,0.0,10.1,0.546,0.0,1.0,8.1,74
2026-01-30T07:00,22,0.0,0.0,107.8,0.0,10.1,0.748,0.0,1.7,8.7,72
2026-01-30T08:00,22,0.0,0.0,102.2,0.0,10.7,0.695,0.0,1.4,10.0,70
2026-01-30T09:00,22,0.0,0.0,79.0,0.0,11.1,0.531,0.0,1.2,11.0,68
2026-01-30T10:00,22,0.0,0.0,71.9,0.0,10.6,0.486,0.0,1.0,12.0,68
2026-01-30T11:00,22,0.0,0.0,56.1,0.0,8.9,0.46,0.0,0.9,12.5,61
2026-01-30T12:00,22,0.0,0.0,55.9,0.0,9.3,0.431,0.0,0.9,13.1,61
2026-01-30T13:00,22,0.0,0.0,51.0,0.0,9.8,0.428,0.0,0.9,13.2,64
2026-01-30T14:00,22,0.0,0.0,56.4,0.0,8.1,0.423,0.0,1.0,13.3,64
2026-01-30T15:00,22,0.0,0.0,58.2,0.0,8.5,0.453,0.0,1.0,13.0,68
2026-01-30T16:00,22,0.0,0.0,78.5,0.0,8.0,0.555,0.0,1.2,13.3,65
2026-01-30T17:00,22,0.0,0.0,88.7,0.0,7.0,0.732,0.0,1.6,12.9,64
2026-01-30T18:00,22,0.0,0.0,84.7,0.0,8.0,0.658,0.0,1.5,11.8,67
2026-01-30T19:00,22,0.0,0.0,72.0,0.0,6.7,0.534,0.0,1.3,11.6,67
2026-01-30T20:00,22,0.0,0.0,54.1,0.0,6.2,0.446,0.0,1.1,10.1,74
2026-01-30T21:00,22,0.0,0.0,44.7,0.0,6.0,0.332,0.0,0.8,9.7,74
2026-01-30T22:00,22,0.0,0.0,35.8,0.0,5.7,0.283,0.0,0.7,8.7,75
2026-01-30T23:00,22,0.0,0.0,35.7,0.0,4.8,0.292,0.0,0.7,7.4,77
2026-01-30T00:00,37,4.1,10.1,24.0,0.0,4.3,0.488,0.0,0.6,7.2,78
2026-01-30T01:00,37,4.0,8.3,18.8,0.0,3.8,0.393,0.0,0.5,6.5,81
2026-01-30T02:00,37,3.3,7.7,17.9,0.0,4.3,0.359,0.0,0.5,6.0,81
2026-01-30T03:00,37,3.8,7.2,17.1,0.0,4.0,0.383,0.0,0.4,6.9,82
2026-01-30T04:00,37,4.3,9.4,19.5,0.0,4.8,0.445,0.0,0.5,8.0,79
2026-01-30T05:00,37,5.0,9.2,25.8,0.0,4.3,0.604,0.0,0.7,8.5,80
2026-01-30T06:00,37,6.8,13.7,39.9,0.0,4.5,0.838,0.0,0.9,9.1,79
2026-01-30T07:00,37,8.2,17.8,51.7,0.0,5.6,1.175,0.0,1.3,8.6,73
2026-01-30T08:00,37,7.9,16.9,52.3,0.0,5.4,1.096,0.0,1.2,9.9,68
2026-01-30T09:00,37,6.3,13.9,41.4,0.0,5.3,0.83,0.0,1.0,10.0,70
2026-01-30T10:00,37,5.8,11.7,35.9,0.0,5.0,0.72,0.0,0.8,11.9,64
2026-01-30T11:00,37,5.1,11.1,27.5,0.0,5.8,0.751,0.0,0.7,13.2,64
2026-01-30T12:00,37,5.6,11.4,28.5,0.0,5.2,0.66,0.0,0.6,13.6,65
2026-01-30T13:00,37,5.5,8.8,27.6,0.0,5.2,0.617,0.0,0.7,13.7,62
2026-01-30T14:00,37,5.4,11.0,26.1,0.0,4.6,0.683,0.0,0.7,13.7,65
2026-01-30T15:00,37,6.5,11.1,32.4,0.0,4.5,0.704,0.0,0.8,14.1,64
2026-01-30T16:00,37,6.7,14.3,37.6,0.0,4.4,0.884,0.0,0.9,13.0,63
2026-01-30T17:00,37,8.4,14.8,42.8,0.0,4.4,0.977,0.0,1.1,12.8,66
2026-01-30T18:00,37,6.9,13.0,40.1,0.0,4.0,1.037,0.0,1.1,11.8,66
2026-01-30T19:00,37,5.6,10.9,35.7,0.0,4.2,0.934,0.0,0.8,11.0,69
2026-01-30T20:00,37,4.9,9.3,27.7,0.0,4.0,0.714,0.0,0.6,10.7,73
2026-01-30T21:00,37,4.4,8.3,21.0,0.0,3.7,0.568,0.0,0.5,9.0,74
2026-01-30T22:00,37,3.6,7.0,17.8,0.0,3.9,0.479,0.0,0.5,8.0,72
2026-01-30T23:00,37,3.7,7.4,18.1,0.0,3.4,0.513,0.0,0.5,7.7,78
2026-01-30T00:00,38,6.4,11.2,27.5,36.0,5.1,0.0,0.0,0.0,6.3,81
2026-01-30T01:00,38,5.4,9.7,21.8,28.7,5.0,0.0,0.0,0.0,6.7,80
2026-01-30T02:00,38,5.6,9.1,22.0,26.6,5.6,0.0,0.0,0.0,6.2,81
2026-01-30T03:00,38,5.7,9.3,20.2,25.9,5.1,0.0,0.0,0.0,6.7,81
2026-01-30T04:00,38,6.3,10.0,21.0,36.5,5.4,0.0,0.0,0.0,6.6,83
2026-01-30T05:00,38,8.2,14.8,31.2,43.7,6.2,0.0,0.0,0.0,7.7,76
2026-01-30T06:00,38,10.2,15.5,45.8,67.5,6.7,0.0,0.0,0.0,7.9,78
2026-01-30T07:00,38,12.3,19.9,55.7,91.5,7.0,0.0,0.0,0.0,8.3,73
2026-01-30T08:00,38,11.7,21.1,59.8,107.9,7.4,0.0,0.0,0.0,9.6,70
2026-01-30T09:00,38,9.6,17.7,43.9,128.0,7.4,0.0,0.0,0.0,11.1,67
2026-01-30T10:00,38,9.3,14.8,36.4,140.9,7.3,0.0,0.0,0.0,11.7,67
2026-01-30T11:00,38,8.2,13.7,29.4,154.3,7.3,0.0,0.0,0.0,12.6,66
2026-01-30T12:00,38,8.0,14.5,27.7,167.2,6.5,0.0,0.0,0.0,13.2,64
2026-01-30T13:00,38,8.3,14.5,25.1,149.0,6.6,0.0,0.0,0.0,13.5,65
2026-01-30T14:00,38,8.6,13.6,26.3,143.1,6.3,0.0,0.0,0.0,14.2,63
2026-01-30T15:00,38,9.7,17.9,26.7,134.8,6.7,0.0,0.0,0.0,13.6,62
2026-01-30T16:00,38,11.4,19.8,29.8,109.9,5.9,0.0,0.0,0.0,13.1,63
2026-01-30T17:00,38,12.4,22.9,32.4,83.2,6.7,0.0,0.0,0.0,12.8,66
2026-01-30T18:00,38,11.5,19.4,31.3,74.0,5.3,0.0,0.0,0.0,11.7,67
2026-01-30T19:00,38,9.2,15.7,25.5,58.9,5.5,0.0,0.0,0.0,11.0,71
2026-01-30T20:00,38,7.8,13.8,19.2,58.8,5.9,0.0,0.0,0.0,9.7,75
2026-01-30T21:00,38,7.1,11.9,13.9,42.6,5.3,0.0,0.0,0.0,9.3,75
2026-01-30T22:00,38,6.6,11.8,11.9,40.7,5.2,0.0,0.0,0.0,8.1,76
2026-01-30T23:00,38,6.0,9.0,10.3,36.3,5.0,0.0,0.0,0.0,7.9,75
2026-01-31T00:00,19,4.8,9.7,21.9,0.0,2.5,0.441,0.0,0.0,6.8,76
2026-01-31T01:00,19,4.6,8.5,17.5,0.0,2.5,0.416,0.0,0.0,7.4,82
2026-01-31T02:00,19,4.3,8.2,16.7,0.0,2.4,0.379,0.0,0.0,6.1,82
2026-01-31T03:00,19,4.5,8.2,18.7,0.0,2.7,0.378,0.0,0.0,6.6,80
2026-01-31T04:00,19,5.0,8.4,19.8,0.0,2.6,0.454,0.0,0.0,6.8,78
2026-01-31T05:00,19,6.2,10.1,27.2,0.0,2.8,0.613,0.0,0.0,7.5,76
2026-01-31T06:00,19,8.6,12.9,36.4,0.0,3.1,0.847,0.0,0.0,7.5,78
2026-01-31T07:00,19,11.0,17.6,53.1,0.0,3.7,1.106,0.0,0.0,9.5,72
2026-01-31T08:00,19,10.1,18.3,55.0,0.0,3.4,1.104,0.0,0.0,9.2,74
2026-01-31T09:00,19,8.4,14.6,46.5,0.0,3.6,0.875,0.0,0.0,10.9,67
2026-01-31T10:00,19,7.4,11.8,36.8,0.0,3.5,0.752,0.0,0.0,11.9,64
2026-01-31T11:00,19,6.8,11.9,31.7,0.0,3.6,0.654,0.0,0.0,13.1,64
2026-01-31T12:00,19,6.5,11.0,32.5,0.0,3.0,0.668,0.0,0.0,12.6,65
2026-01-31T13:00,19,6.1,10.6,32.6,0.0,3.4,0.674,0.0,0.0,12.9,64
2026-01-31T14:00,19,6.9,12.5,29.8,0.0,3.2,0.68,0.0,0.0,14.0,63
2026-01-31T15:00,19,8.1,13.2,38.0,0.0,3.2,0.725,0.0,0.0,13.6,68
2026-01-31T16:00,19,9.8,17.0,41.6,0.0,2.9,0.84,0.0,0.0,13.1,68
2026-01-31T17:00,19,11.1,19.4,53.4,0.0,3.2,0.997,0.0,0.0,12.0,65
2026-01-31T18:00,19,8.4,16.1,46.7,0.0,3.0,1.068,0.0,0.0,12.0,66
2026-01-31T19:00,19,8.2,13.2,41.9,0.0,2.9,0.803,0.0,0.0,10.9,72
2026-01-31T20:00,19,7.5,11.5,33.6,0.0,2.8,0.662,0.0,0.0,10.6,72
2026-01-31T21:00,19,5.8,10.4,27.4,0.0,2.8,0.559,0.0,0.0,8.9,73
2026-01-31T22:00,19,5.6,8.8,20.6,0.0,2.4,0.495,0.0,0.0,8.9,76
2026-01-31T23:00,19,5.5,8.5,21.7,0.0,2.5,0.46,0.0,0.0,7.6,75
2026-01-31T00:00,20,6.1,14.0,23.9,0.0,3.8,0.274,0.0,0.5,7.5,77
2026-01-31T01:00,20,5.0,12.6,20.1,0.0,3.5,0.225,0.0,0.4,6.2,77
2026-01-31T02:00,20,4.6,12.3,20.4,0.0,3.2,0.2,0.0,0.4,6.7,80
2026-01-31T03:00,20,5.0,12.7,20.2,0.0,3.0,0.229,0.0,0.4,7.0,81
2026-01-31T04:00,20,5.6,13.1,22.1,0.0,3.5,0.254,0.0,0.5,6.6,82
2026-01-31T05:00,20,8.1,16.4,33.0,0.0,3.8,0.335,0.0,0.7,7.5,74
2026-01-31T06:00,20,9.6,21.4,43.6,0.0,3.9,0.45,0.0,0.7,8.0,78
2026-01-31T07:00,20,11.5,29.2,62.7,0.0,4.8,0.674,0.0,1.2,9.2,74
2026-01-31T08:00,20,12.0,28.0,60.2,0.0,4.7,0.633,0.0,1.1,10.1,67
2026-01-31T09:00,20,9.3,25.2,50.5,0.0,4.6,0.514,0.0,0.9,11.3,67
2026-01-31T10:00,20,8.3,20.2,40.0,0.0,4.9,0.413,0.0,0.8,11.6,70
2026-01-31T11:00,20,7.4,17.5,37.0,0.0,4.9,0.392,0.0,0.6,12.9,66
2026-01-31T12:00,20,7.4,17.8,33.7,0.0,4.5,0.361,0.0,0.6,12.5,68
2026-01-31T13:00,20,6.6,17.4,36.0,0.0,4.4,0.383,0.0,0.7,13.0,64
2026-01-31T14:00,20,8.3,17.9,35.1,0.0,4.5,0.368,0.0,0.6,13.4,62
2026-01-31T15:00,20,8.8,21.7,39.7,0.0,4.2,0.438,0.0,0.7,13.3,65
2026-01-31T16:00,20,10.4,23.8,44.3,0.0,4.4,0.512,0.0,0.9,13.3,61
2026-01-31T17:00,20,12.2,31.0,59.8,0.0,4.0,0.619,0.0,1.2,12.4,67
2026-01-31T18:00,20,10.1,22.6,53.8,0.0,4.0,0.635,0.0,0.9,11.3,68
2026-01-31T19:00,20,8.5,19.0,45.8,0.0,3.7,0.508,0.0,0.8,10.8,73
2026-01-31T20:00,20,6.8,19.0,36.4,0.0,3.6,0.408,0.0,0.7,10.1,71
2026-01-31T21:00,20,7.5,15.9,30.2,0.0,4.0,0.309,0.0,0.5,9.3,74
2026-01-31T22:00,20,6.1,17.2,23.0,0.0,3.4,0.283,0.0,0.5,8.6,75
2026-01-31T23:00,20,5.7,13.7,24.4,0.0,3.1,0.279,0.0,0.5,6.9,78
2026-01-31T00:00,21,0.0,9.0,15.9,32.0,2.5,0.291,0.0,0.0,6.7,76
2026-01-31T01:00,21,0.0,8.3,13.5,25.1,2.6,0.223,0.0,0.0,6.1,81
2026-01-31T02:00,21,0.0,7.7,12.4,24.3,2.6,0.216,0.0,0.0,7.2,78
2026-01-31T03:00,21,0.0,7.2,12.1,21.8,2.6,0.224,0.0,0.0,6.0,80
2026-01-31T04:00,21,0.0,7.9,14.1,30.7,2.5,0.241,0.0,0.0,6.6,80
2026-01-31T05:00,21,0.0,11.1,20.1,44.3,2.8,0.368,0.0,0.0,6.7,78
2026-01-31T06:00,21,0.0,13.3,27.7,57.7,3.2,0.472,0.0,0.0,8.0,75
2026-01-31T07:00,21,0.0,18.9,40.2,76.0,3.1,0.651,0.0,0.0,9.4,74
2026-01-31T08:00,21,0.0,17.6,43.3,91.9,3.4,0.597,0.0,0.0,9.3,70
2026-01-31T09:00,21,0.0,16.5,32.6,110.7,3.0,0.483,0.0,0.0,11.5,73
2026-01-31T10:00,21,0.0,12.8,23.4,132.5,3.5,0.394,0.0,0.0,11.9,71
2026-01-31T11:00,21,0.0,12.4,25.2,135.3,3.3,0.387,0.0,0.0,12.6,67
2026-01-31T12:00,21,0.0,11.1,23.8,142.9,3.5,0.348,0.0,0.0,12.7,64
2026-01-31T13:00,21,0.0,11.2,23.2,136.9,3.2,0.357,0.0,0.0,12.9,64
2026-01-31T14:00,21,0.0,11.5,23.0,123.0,3.6,0.435,0.0,0.0,12.3,65
2026-01-31T15:00,21,0.0,14.0,23.8,113.7,3.2,0.42,0.0,0.0,14.2,64
2026-01-31T16:00,21,0.0,13.9,28.6,99.9,3.0,0.51,0.0,0.0,12.9,62
2026-01-31T17:00,21,0.0,17.2,37.0,71.7,3.3,0.629,0.0,0.0,12.5,67
2026-01-31T18:00,21,0.0,15.9,35.9,64.2,2.9,0.564,0.0,0.0,11.5,69
2026-01-31T19:00,21,0.0,13.2,27.9,53.3,3.0,0.478,0.0,0.0,10.9,69
2026-01-31T20:00,21,0.0,11.9,22.6,45.0,2.8,0.349,0.0,0.0,10.2,71
2026-01-31T21:00,21,0.0,10.6,18.0,35.8,2.8,0.268,0.0,0.0,9.0,71
2026-01-31T22:00,21,0.0,9.6,17.4,32.6,2.6,0.258,0.0,0.0,7.7,76
2026-01-31T23:00,21,0.0,9.0,15.8,31.8,2.5,0.307,0.0,0.0,8.1,74
2026-01-31T00:00,22,0.0,0.0,38.0,0.0,5.2,0.258,0.0,0.7,6.6,77
2026-01-31T01:00,22,0.0,0.0,29.8,0.0,5.2,0.195,0.0,0.6,7.0,79
2026-01-31T02:00,22,0.0,0.0,26.5,0.0,5.7,0.208,0.0,0.5,6.9,83
2026-01-31T03:00,22,0.0,0.0,25.5,0.0,4.7,0.211,0.0,0.6,6.5,80
2026-01-31T04:00,22,0.0,0.0,30.7,0.0,5.4,0.249,0.0,0.6,6.9,79
2026-01-31T05:00,22,0.0,0.0,44.7,0.0,5.4,0.369,0.0,0.9,7.9,77
2026-01-31T06:00,22,0.0,0.0,66.6,0.0,6.3,0.451,0.0,1.1,7.9,75
2026-01-31T07:00,22,0.0,0.0,91.7,0.0,7.1,0.653,0.0,1.6,9.3,73
2026-01-31T08:00,22,0.0,0.0,86.7,0.0,6.9,0.627,0.0,1.5,10.2,71
2026-01-31T09:00,22,0.0,0.0,69.0,0.0,6.9,0.464,0.0,1.1,10.7,70
2026-01-31T10:00,22,0.0,0.0,64.1,0.0,6.8,0.42,0.0,1.1,11.7,70
2026-01-31T11:00,22,0.0,0.0,55.2,0.0,7.1,0.381,0.0,0.9,12.8,67
2026-01-31T12:00,22,0.0,0.0,55.2,0.0,6.5,0.362,0.0,0.9,13.1,64
2026-01-31T13:00,22,0.0,0.0,46.8,0.0,6.5,0.37,0.0,0.9,13.0,62
2026-01-31T14:00,22,0.0,0.0,49.2,0.0,6.2,0.356,0.0,1.0,13.9,65
2026-01-31T15:00,22,0.0,0.0,62.9,0.0,6.0,0.395,0.0,1.0,13.2,59
2026-01-31T16:00,22,0.0,0.0,73.1,0.0,6.6,0.482,0.0,1.2,12.5,66
2026-01-31T17:00,22,0.0,0.0,83.9,0.0,6.3,0.651,0.0,1.6,11.5,68
2026-01-31T18:00,22,0.0,0.0,75.4,0.0,5.4,0.524,0.0,1.5,12.1,69
2026-01-31T19:00,22,0.0,0.0,63.6,0.0,6.3,0.488,0.0,1.3,11.1,69
2026-01-31T20:00,22,0.0,0.0,52.8,0.0,5.5,0.41,0.0,0.9,10.0,69
2026-01-31T21:00,22,0.0,0.0,40.0,0.0,5.7,0.306,0.0,0.8,9.6,75
2026-01-31T22:00,22,0.0,0.0,37.7,0.0,5.4,0.288,0.0,0.7,7.7,74
2026-01-31T23:00,22,0.0,0.0,35.9,0.0,5.1,0.28,0.0,0.7,7.6,76
2026-01-31T00:00,37,4.0,6.9,18.8,0.0,3.4,0.462,0.0,0.5,6.9,79
2026-01-31T01:00,37,3.1,5.8,14.5,0.0,3.1,0.399,0.0,0.4,6.4,78
2026-01-31T02:00,37,3.3,5.6,13.9,0.0,3.5,0.402,0.0,0.4,6.0,79
2026-01-31T03:00,37,3.1,5.5,13.4,0.0,3.6,0.377,0.0,0.4,7.2,80
2026-01-31T04:00,37,3.6,6.3,15.9,0.0,3.2,0.48,0.0,0.5,6.8,78
2026-01-31T05:00,37,4.8,8.0,25.0,0.0,3.9,0.61,0.0,0.6,7.9,77
2026-01-31T06:00,37,5.4,10.2,30.7,0.0,4.6,0.84,0.0,0.8,8.4,77
2026-01-31T07:00,37,8.2,11.7,45.8,0.0,4.6,1.16,0.0,1.2,9.2,74
2026-01-31T08:00,37,7.7,13.0,41.1,0.0,4.6,1.087,0.0,1.0,9.6,73
2026-01-31T09:00,37,5.1,10.5,33.2,0.0,5.0,0.878,0.0,0.9,10.5,69
2026-01-31T10:00,37,5.0,9.6,27.8,0.0,4.5,0.659,0.0,0.7,11.4,71
2026-01-31T11:00,37,5.4,8.5,25.1,0.0,4.8,0.687,0.0,0.7,12.5,67
2026-01-31T12:00,37,4.7,8.7,27.8,0.0,5.0,0.638,0.0,0.6,13.7,65
2026-01-31T13:00,37,4.1,8.1,25.6,0.0,4.5,0.647,0.0,0.6,14.1,66
2026-01-31T14:00,37,5.2,10.0,25.1,0.0,4.4,0.668,0.0,0.7,13.2,59
2026-01-31T15:00,37,6.2,10.1,25.4,0.0,4.5,0.712,0.0,0.7,13.3,64
2026-01-31T16:00,37,6.2,12.3,34.0,0.0,4.5,0.942,0.0,0.8,13.1,63
2026-01-31T17:00,37,7.2,12.7,39.9,0.0,3.7,1.078,0.0,1.2,11.6,68
2026-01-31T18:00,37,6.3,10.7,37.6,0.0,3.8,1.053,0.0,1.0,11.9,66
2026-01-31T19:00,37,5.1,9.5,33.5,0.0,3.7,0.905,0.0,0.9,11.3,70
2026-01-31T20:00,37,5.0,9.6,28.5,0.0,3.9,0.73,0.0,0.7,9.5,70
2026-01-31T21:00,37,4.4,7.3,20.5,0.0,3.8,0.538,0.0,0.5,9.2,78
2026-01-31T22:00,37,4.0,6.9,18.0,0.0,3.6,0.457,0.0,0.5,8.7,77
2026-01-31T23:00,37,3.7,6.6,18.5,0.0,3.3,0.425,0.0,0.5,7.6,77
2026-01-31T00:00,38,6.2,9.0,10.7,37.8,5.4,0.0,0.0,0.0,6.1,80
2026-01-31T01:00,38,5.4,9.2,8.7,30.8,5.0,0.0,0.0,0.0,6.0,78
2026-01-31T02:00,38,5.4,8.8,7.4,26.6,5.3,0.0,0.0,0.0,6.2,81
2026-01-31T03:00,38,4.8,8.6,8.3,26.9,5.1,0.0,0.0,0.0,6.1,80
2026-01-31T04:00,38,5.2,9.3,8.0,33.9,5.3,0.0,0.0,0.0,6.9,80
2026-01-31T05:00,38,7.1,12.3,12.5,47.3,5.4,0.0,0.0,0.0,7.1,76
2026-01-31T06:00,38,8.1,16.1,18.3,65.2,6.9,0.0,0.0,0.0,8.3,77
2026-01-31T07:00,38,10.8,21.3,23.3,80.3,6.5,0.0,0.0,0.0,9.3,73
2026-01-31T08:00,38,9.8,20.9,27.0,115.3,7.9,0.0,0.0,0.0,10.0,72
2026-01-31T09:00,38,9.4,17.1,20.9,124.3,6.8,0.0,0.0,0.0,11.2,69
2026-01-31T10:00,38,8.0,14.6,15.3,150.3,7.1,0.0,0.0,0.0,12.3,65
2026-01-31T11:00,38,7.3,14.6,14.7,153.8,7.2,0.0,0.0,0.0,12.3,64
2026-01-31T12:00,38,7.3,13.8,14.1,191.8,6.3,0.0,0.0,0.0,14.2,68
2026-01-31T13:00,38,7.4,13.8,13.3,160.2,6.6,0.0,0.0,0.0,12.9,65
2026-01-31T14:00,38,8.8,13.7,13.9,161.4,6.0,0.0,0.0,0.0,13.8,62
2026-01-31T15:00,38,8.3,15.2,16.6,122.8,6.2,0.0,0.0,0.0,13.4,61
2026-01-31T16:00,38,10.8,18.7,20.1,105.3,6.5,0.0,0.0,0.0,12.8,68
2026-01-31T17:00,38,12.3,20.7,22.0,88.8,6.2,0.0,0.0,0.0,12.6,65
2026-01-31T18:00,38,11.3,18.1,20.9,75.1,6.2,0.0,0.0,0.0,11.9,64
2026-01-31T19:00,38,8.7,16.0,17.8,71.7,5.5,0.0,0.0,0.0,10.9,69
2026-01-31T20:00,38,7.1,14.0,15.4,60.0,6.0,0.0,0.0,0.0,9.9,69
2026-01-31T21:00,38,7.0,13.0,12.0,49.6,5.0,0.0,0.0,0.0,8.7,71
2026-01-31T22:00,38,6.2,11.6,10.4,38.0,5.1,0.0,0.0,0.0,8.4,71
2026-01-31T23:00,38,5.6,10.2,10.2,39.1,5.5,0.0,0.0,0.0,7.7,80
